{"type": "FeatureCollection", "features": [{"type": "Feature", "geometry": {"type": "LineString", "coordinates": [[75.73768091162177, 12.998119024536505], [75.73796088768883, 12.997842881394153], [75.73824167689068, 12.997842083559116], [75.7385224660738, 12.997841285420627], [75.73880244086561, 12.997565141431956], [75.73908322970179, 12.997564342704068], [75.73880244086561, 12.997565141431956]]}, "properties": {"id": 0}}, {"type": "Feature", "geometry": {"type": "LineString", "coordinates": [[75.9566873303554, 12.996578761541317], [75.95668838479749, 12.996854091521419], [75.95696915693604, 12.996853057353874], [75.95668838479749, 12.996854091521419]]}, "properties": {"id": 1}}, {"type": "Feature", "geometry": {"type": "LineString", "coordinates": [[75.86290822542125, 12.996907194206427], [75.86318900496308, 12.99690626138744], [75.86290822542125, 12.996907194206427], [75.86318900496308, 12.99690626138744]]}, "properties": {"id": 2}}, {"type": "Feature", "geometry": {"type": "LineString", "coordinates": [[75.92299453664651, 12.996700656563204], [75.9229935193503, 12.996425323907555], [75.9232742937326, 12.996424326187535], [75.9229935193503, 12.996425323907555]]}, "properties": {"id": 3}}, {"type": "Feature", "geometry": {"type": "LineString", "coordinates": [[75.91737297159851, 12.995068549057443], [75.91765273362252, 12.994792224408236], [75.91793350659265, 12.994791232582411], [75.91821427953948, 12.994790240453263], [75.91793350659265, 12.994791232582411]]}, "properties": {"id": 4}}, {"type": "Feature", "geometry": {"type": "LineString", "coordinates": [[75.91315935663171, 12.994532718912083], [75.91344012966427, 12.99453173196103], [75.91315935663171, 12.994532718912083], [75.91344012966427, 12.99453173196103]]}, "properties": {"id": 5}}, {"type": "Feature", "geometry": {"type": "LineString", "coordinates": [[75.92242383793808, 12.994224656630372], [75.92214204980256, 12.993950320491377], [75.92242180502782, 12.993673991119563], [75.92242078860781, 12.993398658355305], [75.92270054292865, 12.993122328733902], [75.92298131362269, 12.993121331579376], [75.92270054292865, 12.993122328733902]]}, "properties": {"id": 6}}, {"type": "Feature", "geometry": {"type": "LineString", "coordinates": [[75.93702394837034, 12.9941724136421], [75.93702291582058, 12.993897082034032], [75.9370218832946, 12.993621750420056], [75.93674008096889, 12.993347431140704], [75.93645931112161, 12.993348443177949], [75.93617854125057, 12.993349454911915], [75.93645931112161, 12.993348443177949]]}, "properties": {"id": 7}}, {"type": "Feature", "geometry": {"type": "LineString", "coordinates": [[75.73851269855331, 12.9945371382622], [75.73879348400486, 12.994536340030095], [75.73907345498074, 12.994260195894878], [75.73935424008542, 12.994259397073535], [75.73907345498074, 12.994260195894878]]}, "properties": {"id": 8}}, {"type": "Feature", "geometry": {"type": "LineString", "coordinates": [[75.9086649823182, 12.993997801254888], [75.90866598362966, 12.994273135069264], [75.90894675672281, 12.994272152992806], [75.90866598362966, 12.994273135069264]]}, "properties": {"id": 9}}, {"type": "Feature", "geometry": {"type": "LineString", "coordinates": [[75.96313340075642, 12.993526275038525], [75.96313233949269, 12.993250945510118], [75.96341310704999, 12.993249904661788], [75.96313233949269, 12.993250945510118]]}, "properties": {"id": 10}}, {"type": "Feature", "geometry": {"type": "LineString", "coordinates": [[75.73738549374292, 12.993163599575182], [75.7376662777227, 12.99316280264385], [75.73794706168374, 12.99316200540918], [75.7376662777227, 12.99316280264385]]}, "properties": {"id": 11}}, {"type": "Feature", "geometry": {"type": "LineString", "coordinates": [[75.95863371787428, 12.99161557836073], [75.95891342751183, 12.991339212589903], [75.95891237108164, 12.991063882673018], [75.95891131467577, 12.990788552750224], [75.95891025829425, 12.990513222821521], [75.95890920193706, 12.990237892886917], [75.95918996645882, 12.990236856837349], [75.95890920193706, 12.990237892886917]]}, "properties": {"id": 12}}, {"type": "Feature", "geometry": {"type": "LineString", "coordinates": [[75.93617647817304, 12.992798791521425], [75.93617750969993, 12.993074123219621], [75.93617854125057, 12.993349454911915]]}, "properties": {"id": 13}}, {"type": "Feature", "geometry": {"type": "LineString", "coordinates": [[75.62647236047204, 12.992628606276359], [75.62647305075846, 12.992903958398584], [75.62619226054429, 12.992904635172287], [75.62647305075846, 12.992903958398584]]}, "properties": {"id": 14}}, {"type": "Feature", "geometry": {"type": "LineString", "coordinates": [[75.7797785036927, 12.991387769497127], [75.7797776445979, 12.99111242643944], [75.77977678552291, 12.990837083375872], [75.77949514815903, 12.99056258257096], [75.77921351141364, 12.990288081420003], [75.77949428943285, 12.990287239477183], [75.77921351141364, 12.990288081420003]]}, "properties": {"id": 15}}, {"type": "Feature", "geometry": {"type": "LineString", "coordinates": [[75.93532489594895, 12.99032383862327], [75.93532386558718, 12.990048506799596], [75.93532283524914, 12.989773174970018], [75.93504103929783, 12.989498853345467], [75.93504000931642, 12.98922352148195], [75.93503897935874, 12.988948189612527], [75.93503794942477, 12.988672857737207], [75.93531871413428, 12.988671847592682], [75.93503794942477, 12.988672857737207]]}, "properties": {"id": 16}}, {"type": "Feature", "geometry": {"type": "LineString", "coordinates": [[75.75562892035347, 12.990633066624891], [75.75562975281295, 12.990908411257216], [75.75591053308678, 12.990907594752379], [75.75562975281295, 12.990908411257216]]}, "properties": {"id": 17}}, {"type": "Feature", "geometry": {"type": "LineString", "coordinates": [[75.75338184998087, 12.990364242821645], [75.75310107015322, 12.990365056561325], [75.75282111965426, 12.990641214814481], [75.75310189981026, 12.99064040136024], [75.75282111965426, 12.990641214814481]]}, "properties": {"id": 18}}, {"type": "Feature", "geometry": {"type": "LineString", "coordinates": [[75.88955179864833, 12.988281827574824], [75.8895508188659, 12.988006492183496], [75.88954983910604, 12.987731156786273], [75.88983060632962, 12.98773019584073], [75.89011137353062, 12.987729234592024], [75.88983060632962, 12.98773019584073]]}, "properties": {"id": 19}}, {"type": "Feature", "geometry": {"type": "LineString", "coordinates": [[75.1345085206591, 12.989769145544953], [75.1342277178642, 12.989769290702581], [75.1345085206591, 12.989769145544953], [75.1342277178642, 12.989769290702581]]}, "properties": {"id": 20}}, {"type": "Feature", "geometry": {"type": "LineString", "coordinates": [[75.70086952105852, 12.98830835376478], [75.70058951193808, 12.988584458723134], [75.7003095021992, 12.988860563405552], [75.70059028363899, 12.98885980678066], [75.7003095021992, 12.988860563405552]]}, "properties": {"id": 21}}, {"type": "Feature", "geometry": {"type": "LineString", "coordinates": [[75.73653178128257, 12.989311147006413], [75.7368125609886, 12.989310351229229], [75.73709334067593, 12.989309555148806], [75.7368125609886, 12.989310351229229]]}, "properties": {"id": 22}}, {"type": "Feature", "geometry": {"type": "LineString", "coordinates": [[75.95777664861619, 12.987764063559355], [75.95805741045292, 12.987763028926643], [75.95833817226533, 12.987761993990794], [75.95861893405343, 12.987760958751808], [75.95861998988254, 12.988036288762265], [75.95862104573595, 12.988311618766813], [75.95890180811797, 12.988310583179297], [75.95862104573595, 12.988311618766813]]}, "properties": {"id": 23}}, {"type": "Feature", "geometry": {"type": "LineString", "coordinates": [[75.58181823772057, 12.989152792819153], [75.5820990260269, 12.989152164169685], [75.58237981431846, 12.989151535216942], [75.58266060259524, 12.989150905960923], [75.58237981431846, 12.989151535216942]]}, "properties": {"id": 24}}, {"type": "Feature", "geometry": {"type": "LineString", "coordinates": [[75.75224961579347, 12.987338702197064], [75.75252956346775, 12.98706254465805], [75.75252873467747, 12.986787199747129], [75.75280868144337, 12.986511041946628], [75.75308862759097, 12.986234883872722], [75.7533694027807, 12.9862340704005], [75.75308862759097, 12.986234883872722]]}, "properties": {"id": 25}}, {"type": "Feature", "geometry": {"type": "LineString", "coordinates": [[75.74971767256145, 12.985693931674017], [75.74999762144905, 12.985417776774943], [75.75027839592121, 12.9854169666908], [75.74999762144905, 12.985417776774943]]}, "properties": {"id": 26}}, {"type": "Feature", "geometry": {"type": "LineString", "coordinates": [[75.23054105113908, 12.987774143790544], [75.23082185017999, 12.987773894623823], [75.23054105113908, 12.987774143790544], [75.23082185017999, 12.987773894623823]]}, "properties": {"id": 27}}, {"type": "Feature", "geometry": {"type": "LineString", "coordinates": [[75.94429173235645, 12.98561071995178], [75.94429069250813, 12.985335388739621], [75.94457145272153, 12.985334368858881], [75.94429069250813, 12.985335388739621]]}, "properties": {"id": 28}}, {"type": "Feature", "geometry": {"type": "LineString", "coordinates": [[75.89206691912857, 12.984969144963987], [75.89206790144432, 12.985244480230373], [75.8923486656825, 12.985243516746461], [75.89262942989805, 12.98524255295945], [75.8923486656825, 12.985243516746461]]}, "properties": {"id": 29}}, {"type": "Feature", "geometry": {"type": "LineString", "coordinates": [[75.75476579827712, 12.983751895208155], [75.75448585670883, 12.984028054886087], [75.75448668747177, 12.984303399730873], [75.75420591452233, 12.984304214290761], [75.75448668747177, 12.984303399730873]]}, "properties": {"id": 30}}, {"type": "Feature", "geometry": {"type": "LineString", "coordinates": [[75.95579342224492, 12.983090682567624], [75.95551266546791, 12.98309171439068], [75.95579342224492, 12.983090682567624], [75.95551266546791, 12.98309171439068]]}, "properties": {"id": 31}}, {"type": "Feature", "geometry": {"type": "LineString", "coordinates": [[75.93333280406164, 12.983172270838688], [75.93361253484113, 12.982895930845277], [75.93361150697407, 12.98262059872957], [75.93389226500264, 12.982619590587138], [75.93361150697407, 12.98262059872957]]}, "properties": {"id": 32}}, {"type": "Feature", "geometry": {"type": "LineString", "coordinates": [[75.73174321144583, 12.984093050703015], [75.73146163187954, 12.983818494399937], [75.73118166309257, 12.984094630379373], [75.73146243727848, 12.984093840692754], [75.73118166309257, 12.984094630379373]]}, "properties": {"id": 33}}, {"type": "Feature", "geometry": {"type": "LineString", "coordinates": [[75.7269700480816, 12.984106439304385], [75.72668927359969, 12.984107224141095], [75.72640849909935, 12.984108008674687], [75.72668927359969, 12.984107224141095]]}, "properties": {"id": 34}}, {"type": "Feature", "geometry": {"type": "LineString", "coordinates": [[75.79631637848165, 12.982526590276324], [75.79659714662553, 12.982525730363031], [75.7968779147492, 12.982524870146674], [75.79715868285267, 12.982524009627257], [75.79743857300527, 12.982247806735037], [75.79771934075924, 12.982246945628372], [75.79771846253985, 12.981971603571635], [75.79799922996456, 12.981970742180803], [75.79771846253985, 12.981971603571635]]}, "properties": {"id": 35}}, {"type": "Feature", "geometry": {"type": "LineString", "coordinates": [[75.73398536339822, 12.982709989130576], [75.73370459092497, 12.982710781458405], [75.73342381843311, 12.982711573483149], [75.73370459092497, 12.982710781458405]]}, "properties": {"id": 36}}, {"type": "Feature", "geometry": {"type": "LineString", "coordinates": [[75.15893449897499, 12.983697265237792], [75.15921511933082, 12.983421725660788], [75.15949591468119, 12.983421553591976], [75.1597767100275, 12.983421381219973], [75.15949591468119, 12.983421553591976]]}, "properties": {"id": 37}}, {"type": "Feature", "geometry": {"type": "LineString", "coordinates": [[75.77301170173934, 12.982321562906009], [75.77301085071419, 12.982046219213316], [75.77300999970865, 12.981770875514753], [75.7732907685782, 12.981770040810927], [75.77300999970865, 12.981770875514753]]}, "properties": {"id": 38}}, {"type": "Feature", "geometry": {"type": "LineString", "coordinates": [[75.75588389400156, 12.982096564177022], [75.75616383189954, 12.98182040315712]]}, "properties": {"id": 39}}, {"type": "Feature", "geometry": {"type": "LineString", "coordinates": [[75.87689308241956, 12.98144134816274], [75.87689211710514, 12.981166011683339], [75.87717287792002, 12.981165064878356], [75.87689211710514, 12.981166011683339]]}, "properties": {"id": 40}}, {"type": "Feature", "geometry": {"type": "LineString", "coordinates": [[75.86762795289403, 12.981472423421579], [75.86790775932116, 12.981196149455108], [75.86818852084443, 12.981195212346366], [75.86847023839078, 12.981469612033713], [75.86875100017899, 12.981468674298393], [75.86903176194514, 12.981467736260058], [75.86931252368923, 12.981466797918705], [75.86903176194514, 12.981467736260058]]}, "properties": {"id": 41}}, {"type": "Feature", "geometry": {"type": "LineString", "coordinates": [[75.71039571893552, 12.981123402405984], [75.71011494677757, 12.98112416917351], [75.71039571893552, 12.981123402405984], [75.71011494677757, 12.98112416917351]]}, "properties": {"id": 42}}, {"type": "Feature", "geometry": {"type": "LineString", "coordinates": [[75.95297221552127, 12.97952168930204], [75.95269146251849, 12.97952271780163], [75.95297221552127, 12.97952168930204], [75.95269146251849, 12.97952271780163]]}, "properties": {"id": 43}}, {"type": "Feature", "geometry": {"type": "LineString", "coordinates": [[75.72050191829369, 12.980544902881954], [75.72022035460935, 12.980270333468834], [75.72021956182985, 12.979994986406599], [75.71993879154302, 12.97999576371272], [75.7196580212379, 12.979996540715817], [75.71937725091453, 12.979997317415892], [75.7196580212379, 12.979996540715817]]}, "properties": {"id": 44}}, {"type": "Feature", "geometry": {"type": "LineString", "coordinates": [[75.7134818552822, 12.980288905588527], [75.71376184062369, 12.980012787782464], [75.71404261131076, 12.980012017142863], [75.71432338197968, 12.98001124620024], [75.71460415263051, 12.98001047495459], [75.7148849232632, 12.980009703405916], [75.71488571017184, 12.980285050790874], [75.7151664810954, 12.98028427892225], [75.71488571017184, 12.980285050790874]]}, "properties": {"id": 45}}, {"type": "Feature", "geometry": {"type": "LineString", "coordinates": [[75.87941412349593, 12.979780797980343], [75.87941509147956, 12.980056134302112], [75.87969585085806, 12.98005518485336], [75.87941509147956, 12.980056134302112]]}, "properties": {"id": 46}}, {"type": "Feature", "geometry": {"type": "LineString", "coordinates": [[75.71797102821066, 12.979175154740494], [75.71768946877907, 12.978900582332594], [75.71740948918077, 12.979176704099412], [75.71769025870482, 12.979175929571458], [75.71740948918077, 12.979176704099412]]}, "properties": {"id": 47}}, {"type": "Feature", "geometry": {"type": "LineString", "coordinates": [[75.75811336747084, 12.976583131511813], [75.75811253322836, 12.976307786735372], [75.75811169900511, 12.976032441953059], [75.75839162790353, 12.975756278917773], [75.7586715561842, 12.975480115609608], [75.75895148384716, 12.975203952028588], [75.75923224627411, 12.97520313290869], [75.75895148384716, 12.975203952028588]]}, "properties": {"id": 48}}, {"type": "Feature", "geometry": {"type": "LineString", "coordinates": [[75.79461864870636, 12.978401608902201], [75.79461952326443, 12.978676951242639], [75.79462039784266, 12.9789522935772], [75.79490203699818, 12.979226778036725], [75.79518367677159, 12.979501262149759], [75.7951845520282, 12.979776604429059], [75.79546531716292, 12.97977574591628], [75.7951845520282, 12.979776604429059]]}, "properties": {"id": 49}}, {"type": "Feature", "geometry": {"type": "LineString", "coordinates": [[75.93724588408934, 12.978477491116367], [75.93724485258582, 12.978202159194124], [75.93724382110611, 12.977926827265982], [75.93752457357432, 12.977925815561461], [75.93724382110611, 12.977926827265982]]}, "properties": {"id": 50}}, {"type": "Feature", "geometry": {"type": "LineString", "coordinates": [[75.53883372477902, 12.9782311383779], [75.5385523539277, 12.977956363057514], [75.53827098369433, 12.97768158740277], [75.53855176122107, 12.977681006297278], [75.53827098369433, 12.97768158740277]]}, "properties": {"id": 51}}, {"type": "Feature", "geometry": {"type": "LineString", "coordinates": [[75.01095445932738, 12.976035273021413], [75.01095447138196, 12.976310642049718], [75.01095448343683, 12.976586011072202], [75.01123527220194, 12.97658599909836], [75.01095448343683, 12.976586011072202]]}, "properties": {"id": 52}}, {"type": "Feature", "geometry": {"type": "LineString", "coordinates": [[75.53433774473683, 12.976588263202496], [75.53405638054656, 12.976313482719698], [75.53433715673262, 12.976312906222558], [75.53405638054656, 12.976313482719698]]}, "properties": {"id": 53}}, {"type": "Feature", "geometry": {"type": "LineString", "coordinates": [[75.79011773283503, 12.975661865974198], [75.79039849369815, 12.975661013195968], [75.79039762399461, 12.975385670509523], [75.79039675431113, 12.975110327817204], [75.7903958846477, 12.974834985119012], [75.79067664456421, 12.974834132094019], [75.7903958846477, 12.974834985119012]]}, "properties": {"id": 54}}, {"type": "Feature", "geometry": {"type": "LineString", "coordinates": [[75.76371099963322, 12.970784473963151], [75.76343024245602, 12.970785297640196], [75.76371099963322, 12.970784473963151], [75.76343024245602, 12.970785297640196]]}, "properties": {"id": 55}}, {"type": "Feature", "geometry": {"type": "LineString", "coordinates": [[75.94733004799406, 12.972383591329173], [75.94704930253836, 12.972384613187012], [75.94733004799406, 12.972383591329173], [75.94704930253836, 12.972384613187012]]}, "properties": {"id": 56}}, {"type": "Feature", "geometry": {"type": "LineString", "coordinates": [[75.77690741952729, 12.971020763274701], [75.77690656498388, 12.970745419598073], [75.77718646639063, 12.970469237723176], [75.77746636717995, 12.970193055576422], [75.77774626735183, 12.969916873157837], [75.77802702260568, 12.96991603409393], [75.77774626735183, 12.969916873157837]]}, "properties": {"id": 57}}, {"type": "Feature", "geometry": {"type": "LineString", "coordinates": [[75.94508096487444, 12.971565763411885], [75.94508200445107, 12.971841094851913], [75.94536274945735, 12.971840075158214], [75.94508200445107, 12.971841094851913]]}, "properties": {"id": 58}}, {"type": "Feature", "geometry": {"type": "LineString", "coordinates": [[75.76680270113404, 12.97187677083379], [75.76708261551732, 12.971600599152088], [75.76736337336834, 12.971599771484314], [75.76764497561335, 12.971874287775995], [75.76764582004628, 12.972149632032382], [75.7679265784759, 12.972148803722652], [75.76764582004628, 12.972149632032382]]}, "properties": {"id": 59}}, {"type": "Feature", "geometry": {"type": "LineString", "coordinates": [[75.76819550795275, 12.968293155495575], [75.7681963527499, 12.9685684997919], [75.76847710712708, 12.968567671112952], [75.7681963527499, 12.9685684997919]]}, "properties": {"id": 60}}, {"type": "Feature", "geometry": {"type": "LineString", "coordinates": [[75.89144358984865, 12.967624934663018], [75.89144260959847, 12.967349598977503], [75.89144162937089, 12.9670742632861], [75.89172237327108, 12.967073301801268], [75.89144162937089, 12.9670742632861]]}, "properties": {"id": 61}}, {"type": "Feature", "geometry": {"type": "LineString", "coordinates": [[75.76734649536222, 12.966092884643535], [75.7673456516663, 12.96581754023989], [75.7676264030155, 12.96581671265081], [75.76790715434522, 12.965815884759062], [75.7676264030155, 12.96581671265081]]}, "properties": {"id": 62}}, {"type": "Feature", "geometry": {"type": "LineString", "coordinates": [[75.77126938535302, 12.96360317304913], [75.77155013396035, 12.963602341368782], [75.77183088254809, 12.963601509385823], [75.77183003409058, 12.963326165220836], [75.77211078235021, 12.963325332953534], [75.77183003409058, 12.963326165220836]]}, "properties": {"id": 63}}, {"type": "Feature", "geometry": {"type": "LineString", "coordinates": [[75.93803139495652, 12.963331194144313], [75.93775168973251, 12.963607537474264], [75.9380324261017, 12.963606526318294], [75.93775168973251, 12.963607537474264]]}, "properties": {"id": 64}}, {"type": "Feature", "geometry": {"type": "LineString", "coordinates": [[75.8414568347146, 12.9636611738073], [75.84173757851613, 12.963660266456865], [75.8414568347146, 12.9636611738073], [75.84173757851613, 12.963660266456865]]}, "properties": {"id": 65}}, {"type": "Feature", "geometry": {"type": "LineString", "coordinates": [[75.76957051413837, 12.958927302692958], [75.7695696684811, 12.95865195828233], [75.76956882284333, 12.95837661386584], [75.7695679772251, 12.958101269443487], [75.7698487197801, 12.958100439943195], [75.7695679772251, 12.958101269443487]]}, "properties": {"id": 66}}, {"type": "Feature", "geometry": {"type": "LineString", "coordinates": [[75.88243259136573, 12.959946123487343], [75.88271332796464, 12.959945172230851], [75.88243259136573, 12.959946123487343], [75.88271332796464, 12.959945172230851]]}, "properties": {"id": 67}}, {"type": "Feature", "geometry": {"type": "LineString", "coordinates": [[75.96215768693285, 12.958837820149288], [75.9621566296726, 12.95856248980899], [75.96215557243676, 12.958287159462806], [75.96243630084945, 12.958286122417107], [75.96215557243676, 12.958287159462806]]}, "properties": {"id": 68}}, {"type": "Feature", "geometry": {"type": "LineString", "coordinates": [[75.7729283944813, 12.955337853120811], [75.77292754537777, 12.95506250885302], [75.7726459576544, 12.954787997187454], [75.77292669629384, 12.954787164579368], [75.7726459576544, 12.954787997187454]]}, "properties": {"id": 69}}, {"type": "Feature", "geometry": {"type": "LineString", "coordinates": [[75.76955783132871, 12.954797135917946], [75.76983941587567, 12.955071651110753], [75.76984026158753, 12.955346995579383], [75.76956036753931, 12.955623169378478], [75.7692804728744, 12.955899342905713], [75.76956121298187, 12.955898513853596], [75.7692804728744, 12.955899342905713]]}, "properties": {"id": 70}}, {"type": "Feature", "geometry": {"type": "LineString", "coordinates": [[75.77797315208505, 12.952569374166197], [75.77797229762886, 12.952294030170153], [75.7779714431924, 12.952018686168243], [75.77797058877567, 12.951743342160471], [75.77825046894513, 12.951467160014174], [75.77853120349184, 12.951466321579186], [75.77825046894513, 12.951467160014174]]}, "properties": {"id": 71}}, {"type": "Feature", "geometry": {"type": "LineString", "coordinates": [[75.44332454660824, 12.953628876555365], [75.44360530118159, 12.953628398794045], [75.44360578846039, 12.953903759996862], [75.44388703092929, 12.95417864310908], [75.44416827401497, 12.954453525891998], [75.44444902947969, 12.954453047191794], [75.44416827401497, 12.954453525891998]]}, "properties": {"id": 72}}, {"type": "Feature", "geometry": {"type": "LineString", "coordinates": [[75.77039243193227, 12.952316546959636], [75.77011169589133, 12.95231737668204], [75.77011254171622, 12.952592721191058], [75.76983265088363, 12.952868895150717], [75.76955275943449, 12.953145068838609], [75.76983349643929, 12.95314423966624], [75.76955275943449, 12.953145068838609]]}, "properties": {"id": 73}}, {"type": "Feature", "geometry": {"type": "LineString", "coordinates": [[75.7743244353679, 12.952855587564098], [75.77432358489946, 12.9525802433351], [75.77460432095484, 12.952579409059261], [75.77432358489946, 12.9525802433351]]}, "properties": {"id": 74}}, {"type": "Feature", "geometry": {"type": "LineString", "coordinates": [[75.79453391238002, 12.951693373971242], [75.79453303979716, 12.951418031055558], [75.79453216723445, 12.95114268813401], [75.79481202746524, 12.95086648927492], [75.79481115463462, 12.950591146360454], [75.79452954966725, 12.950316659334181], [75.79424794531627, 12.950042171962151], [75.7939663415817, 12.949767684244378], [75.79368560998073, 12.949768539194002], [75.7939663415817, 12.949767684244378]]}, "properties": {"id": 75}}, {"type": "Feature", "geometry": {"type": "LineString", "coordinates": [[75.78779370210343, 12.950887796876762], [75.7880744353584, 12.950886948200298], [75.78779370210343, 12.950887796876762], [75.7880744353584, 12.950886948200298]]}, "properties": {"id": 76}}, {"type": "Feature", "geometry": {"type": "LineString", "coordinates": [[75.78526623955919, 12.950620077811086], [75.7855478353451, 12.950894575405574], [75.7858285687597, 12.950893729147532], [75.78610843887832, 12.950617539092747], [75.78638917194483, 12.950616692248706], [75.78610843887832, 12.950617539092747]]}, "properties": {"id": 77}}, {"type": "Feature", "geometry": {"type": "LineString", "coordinates": [[75.79256268337569, 12.949771955969766], [75.79256355368032, 12.950047299052105], [75.79284428566993, 12.950046445292815], [75.79312414671843, 12.949770248186432], [75.79340487835964, 12.949769393841354], [75.79368560998073, 12.949768539194002]]}, "properties": {"id": 78}}, {"type": "Feature", "geometry": {"type": "LineString", "coordinates": [[75.77656009181148, 12.949544775371972], [75.77684082431902, 12.94954393887958], [75.77712155680688, 12.949543102084917], [75.77740228927502, 12.949542264987981], [75.77712155680688, 12.949543102084917]]}, "properties": {"id": 79}}, {"type": "Feature", "geometry": {"type": "LineString", "coordinates": [[75.77122532359148, 12.94928526679496], [75.77150605616382, 12.949284436064023], [75.7717867887166, 12.94928360503082], [75.77206752124978, 12.94928277369535], [75.7717867887166, 12.94928360503082]]}, "properties": {"id": 80}}, {"type": "Feature", "geometry": {"type": "LineString", "coordinates": [[75.78975016254137, 12.94812841700934], [75.78974929545885, 12.94785307369871], [75.78946856571383, 12.947853923983406], [75.78974929545885, 12.94785307369871]]}, "properties": {"id": 81}}, {"type": "Feature", "geometry": {"type": "LineString", "coordinates": [[75.7891835039178, 12.946478057137947], [75.78918263757163, 12.946202713754781], [75.78890104361723, 12.945928219915263], [75.788620315969, 12.945929069162595], [75.78833958830076, 12.945929918107744], [75.788620315969, 12.945929069162595]]}, "properties": {"id": 82}}, {"type": "Feature", "geometry": {"type": "LineString", "coordinates": [[75.94946333701354, 12.942639616012737], [75.94974404895254, 12.942638593857385], [75.9500237182883, 12.942362239739234], [75.9503033870082, 12.94208588535812], [75.95058409825904, 12.942084862341597], [75.9503033870082, 12.94208588535812]]}, "properties": {"id": 83}}, {"type": "Feature", "geometry": {"type": "LineString", "coordinates": [[75.79703426302044, 12.943425374259222], [75.79703338826987, 12.94315003133717], [75.79703251353952, 12.94287468840926], [75.79675178986284, 12.942875546212358], [75.79703251353952, 12.94287468840926]]}, "properties": {"id": 84}}, {"type": "Feature", "geometry": {"type": "LineString", "coordinates": [[75.78889065296089, 12.942624098565679], [75.78888978720288, 12.942348755081786], [75.78860819812918, 12.94207426057802]]}, "properties": {"id": 85}}, {"type": "Feature", "geometry": {"type": "LineString", "coordinates": [[75.82930376970216, 12.939194596207702], [75.82958448698362, 12.939193703616192], [75.82986520424404, 12.939192810722673], [75.8301459214834, 12.939191917527152], [75.83042663870174, 12.939191024029618], [75.8301459214834, 12.939191917527152]]}, "properties": {"id": 86}}, {"type": "Feature", "geometry": {"type": "LineString", "coordinates": [[75.88545457033263, 12.94121276179023], [75.88573528572877, 12.941211808631651], [75.88601697335419, 12.94148619181477], [75.88629768901336, 12.941485238031145], [75.88601697335419, 12.94148619181477]]}, "properties": {"id": 87}}, {"type": "Feature", "geometry": {"type": "LineString", "coordinates": [[75.96937999659637, 12.938987000713585], [75.9691003535873, 12.93926337390128], [75.9693810601286, 12.939262330877808], [75.9691003535873, 12.93926337390128]]}, "properties": {"id": 88}}, {"type": "Feature", "geometry": {"type": "LineString", "coordinates": [[75.78831450034204, 12.937944955652693], [75.78859521907872, 12.937944107248716], [75.78831450034204, 12.937944955652693]]}, "properties": {"id": 89}}, {"type": "Feature", "geometry": {"type": "LineString", "coordinates": [[75.78914107648868, 12.93298622447208], [75.78886036333272, 12.932987073143915], [75.78857965015676, 12.932987921513881], [75.78886036333272, 12.932987073143915]]}, "properties": {"id": 90}}, {"type": "Feature", "geometry": {"type": "LineString", "coordinates": [[75.92864678394636, 12.93087507793244], [75.92892646594194, 12.930598745493372], [75.92920716607635, 12.930597746355627], [75.92948888527252, 12.930872080453248], [75.92976958566746, 12.930871080689966], [75.92948888527252, 12.930872080453248]]}, "properties": {"id": 91}}, {"type": "Feature", "geometry": {"type": "LineString", "coordinates": [[75.78827560403046, 12.925554486918914], [75.78827474012765, 12.92527914303463], [75.7885545805189, 12.925002951617516], [75.788835284773, 12.925002103788858], [75.7885545805189, 12.925002951617516]]}, "properties": {"id": 92}}, {"type": "Feature", "geometry": {"type": "LineString", "coordinates": [[75.78741795865446, 12.920600835982441], [75.78769952101688, 12.92087533367976], [75.78798108399415, 12.92114983103237], [75.78826178398327, 12.921148984068191], [75.78854248395238, 12.921148136802428], [75.78882318390154, 12.921147289235083], [75.78910388383068, 12.921146441366153], [75.78882318390154, 12.921147289235083]]}, "properties": {"id": 93}}, {"type": "Feature", "geometry": {"type": "LineString", "coordinates": [[75.79667579244736, 12.918920687420558], [75.79639509552014, 12.918921543281417], [75.79639596787776, 12.9191968867565], [75.79667666511239, 12.919196030876787], [75.79639596787776, 12.9191968867565]]}, "properties": {"id": 94}}, {"type": "Feature", "geometry": {"type": "LineString", "coordinates": [[75.94993518709303, 12.918959027079381], [75.95021587252643, 12.918958006253613], [75.95049759908248, 12.919232317241919], [75.95049864025331, 12.919507649351596], [75.95078036775548, 12.919781959959177], [75.95106105403868, 12.91978093816146], [75.95078036775548, 12.919781959959177]]}, "properties": {"id": 95}}, {"type": "Feature", "geometry": {"type": "LineString", "coordinates": [[75.7882462425446, 12.916192791570907], [75.78852693698082, 12.916191944640985], [75.78880763139705, 12.916191097409598], [75.78908832579329, 12.916190249876744], [75.78880763139705, 12.916191097409598]]}, "properties": {"id": 96}}, {"type": "Feature", "geometry": {"type": "LineString", "coordinates": [[75.82080935876819, 12.916918562544419], [75.82109005176041, 12.916917680586977], [75.82137074473182, 12.91691679832806], [75.82165143768242, 12.916915915767673], [75.82137074473182, 12.91691679832806]]}, "properties": {"id": 97}}, {"type": "Feature", "geometry": {"type": "LineString", "coordinates": [[75.79358117159327, 12.91672733578959], [75.7935803024906, 12.916451992073721], [75.79357943340806, 12.916176648352002], [75.79357856434562, 12.915901304624436], [75.79385925809355, 12.915900451985484], [75.79357856434562, 12.915901304624436]]}, "properties": {"id": 98}}, {"type": "Feature", "geometry": {"type": "LineString", "coordinates": [[75.80115553379729, 12.915327491108185], [75.80115641111655, 12.91560283433797], [75.80115728845612, 12.915878177561899], [75.80143798165825, 12.915877316783664], [75.80115728845612, 12.915878177561899]]}, "properties": {"id": 99}}, {"type": "Feature", "geometry": {"type": "LineString", "coordinates": [[75.84943528436206, 12.915450350751897], [75.84971504317821, 12.915174098294866], [75.84999573214562, 12.915173185406939], [75.84971504317821, 12.915174098294866]]}, "properties": {"id": 100}}, {"type": "Feature", "geometry": {"type": "LineString", "coordinates": [[75.79890649312549, 12.914232992595325], [75.79918805973332, 12.914507477727913], [75.79946875154101, 12.914506619154436], [75.79974944332842, 12.91450576027954], [75.79946875154101, 12.914506619154436]]}, "properties": {"id": 101}}, {"type": "Feature", "geometry": {"type": "LineString", "coordinates": [[75.79637242130731, 12.911762610876039], [75.79665311024486, 12.911761755505273], [75.79693379916222, 12.911760899833151], [75.79665311024486, 12.911761755505273]]}, "properties": {"id": 102}}, {"type": "Feature", "geometry": {"type": "LineString", "coordinates": [[75.80535533892183, 12.912010432560379], [75.80563514554636, 12.911734224525597], [75.80591495155652, 12.911458016221745], [75.80591406931961, 12.91118267322749], [75.80591318710314, 12.910907330227381], [75.80619387442862, 12.910906464667807], [75.80591318710314, 12.910907330227381]]}, "properties": {"id": 103}}, {"type": "Feature", "geometry": {"type": "LineString", "coordinates": [[75.80310807103578, 12.911466655624949], [75.80338787970739, 12.911190449875054], [75.80366944730301, 12.911464930155077], [75.80395013540605, 12.911464066968122], [75.80366944730301, 12.911464930155077]]}, "properties": {"id": 104}}, {"type": "Feature", "geometry": {"type": "LineString", "coordinates": [[75.8177011420012, 12.910595375080373], [75.81798093277146, 12.910319154698708], [75.81798003740847, 12.910043812507272], [75.81826072292742, 12.910042934048588], [75.81854140842562, 12.910042055288597], [75.81826072292742, 12.910042934048588]]}, "properties": {"id": 105}}, {"type": "Feature", "geometry": {"type": "LineString", "coordinates": [[75.4412818385328, 12.9095743316007], [75.44156302726573, 12.90984921983513], [75.441843732966, 12.909848745550887], [75.44212443865509, 12.909848270965261], [75.441843732966, 12.909848745550887]]}, "properties": {"id": 106}}, {"type": "Feature", "geometry": {"type": "LineString", "coordinates": [[75.81937629035325, 12.90783668023365], [75.81965697331144, 12.907835800423575], [75.81965607629247, 12.907560458295755], [75.81993586161754, 12.907284236089552], [75.82021654392001, 12.907283355715784], [75.81993586161754, 12.907284236089552]]}, "properties": {"id": 107}}, {"type": "Feature", "geometry": {"type": "LineString", "coordinates": [[75.77250110512072, 12.907704037148306], [75.77278263687448, 12.907978552941852], [75.77306332318247, 12.907977723141391], [75.77334400947086, 12.907976893039658], [75.77362469573967, 12.907976062636651], [75.77390538198885, 12.907975231932378], [75.77418606821844, 12.90797440092683], [75.77446675442839, 12.907973569620014], [75.77418606821844, 12.90797440092683]]}, "properties": {"id": 108}}, {"type": "Feature", "geometry": {"type": "LineString", "coordinates": [[75.77811311872325, 12.907136700420914], [75.77811397025214, 12.907412045358388], [75.77839465557244, 12.907411209870629], [75.77867534087302, 12.907410374081614], [75.77839465557244, 12.907411209870629]]}, "properties": {"id": 109}}, {"type": "Feature", "geometry": {"type": "LineString", "coordinates": [[75.80702092084353, 12.90622303558231], [75.80674023880036, 12.90622390172127], [75.80702092084353, 12.90622303558231], [75.80674023880036, 12.90622390172127]]}, "properties": {"id": 110}}, {"type": "Feature", "geometry": {"type": "LineString", "coordinates": [[75.96587289311611, 12.902931158430087], [75.96587183651008, 12.902655827215112], [75.96587077992851, 12.902380495994263], [75.96586972337141, 12.902105164767542], [75.96558800180598, 12.901830869826586], [75.96586866683879, 12.90182983353495], [75.96558800180598, 12.901830869826586]]}, "properties": {"id": 111}}, {"type": "Feature", "geometry": {"type": "LineString", "coordinates": [[75.81065027477489, 12.900154205850031], [75.81093094977757, 12.90015333591612], [75.81065027477489, 12.900154205850031], [75.81093094977757, 12.90015333591612]]}, "properties": {"id": 112}}, {"type": "Feature", "geometry": {"type": "LineString", "coordinates": [[75.81907320348253, 12.90095400382297], [75.81879163257905, 12.900679540213877], [75.81851095754064, 12.900680418616496], [75.81879163257905, 12.900679540213877]]}, "properties": {"id": 113}}, {"type": "Feature", "geometry": {"type": "LineString", "coordinates": [[75.05670562167813, 12.89947654181116], [75.05642491929217, 12.899476602501444], [75.05670562167813, 12.89947654181116], [75.05642491929217, 12.899476602501444]]}, "properties": {"id": 114}}, {"type": "Feature", "geometry": {"type": "LineString", "coordinates": [[75.81429014306966, 12.897389446373923], [75.81456992402916, 12.89711323002077], [75.81485059536806, 12.897112356083941], [75.81484970437502, 12.89683701339933], [75.81513037538646, 12.896836139180786], [75.81484970437502, 12.89683701339933]]}, "properties": {"id": 115}}, {"type": "Feature", "geometry": {"type": "LineString", "coordinates": [[75.56588845008794, 12.898044610100296], [75.56560776292758, 12.898045217029772], [75.56588845008794, 12.898044610100296], [75.56560776292758, 12.898045217029772]]}, "properties": {"id": 116}}, {"type": "Feature", "geometry": {"type": "LineString", "coordinates": [[75.80979142492751, 12.894925296485752], [75.810072094162, 12.894924427819213], [75.81035276337596, 12.894923558851728], [75.810072094162, 12.894924427819213]]}, "properties": {"id": 117}}, {"type": "Feature", "geometry": {"type": "LineString", "coordinates": [[75.81286368060888, 12.890234895082378], [75.81314434440326, 12.890234023432493], [75.81286368060888, 12.890234895082378], [75.81314434440326, 12.890234023432493]]}, "properties": {"id": 118}}, {"type": "Feature", "geometry": {"type": "LineString", "coordinates": [[75.04210707049438, 12.887362987478447], [75.04182642724636, 12.88763840329105], [75.04182647294903, 12.887913774112253]]}, "properties": {"id": 119}}, {"type": "Feature", "geometry": {"type": "LineString", "coordinates": [[75.04042271595571, 12.885986398633024], [75.04070340337718, 12.885986355156604], [75.04098409079762, 12.885986311379337], [75.04126482330001, 12.886261638159073], [75.04154555641571, 12.886536964630224], [75.04154560180746, 12.886812335475533], [75.04154564720025, 12.887087706315064], [75.0415456925941, 12.88736307714881], [75.04182642724636, 12.88763840329105]]}, "properties": {"id": 120}}, {"type": "Feature", "geometry": {"type": "LineString", "coordinates": [[75.93127543015292, 12.882681644381792], [75.93155607665238, 12.882680646363514], [75.93127543015292, 12.882681644381792], [75.93155607665238, 12.882680646363514]]}, "properties": {"id": 121}}, {"type": "Feature", "geometry": {"type": "LineString", "coordinates": [[75.86530585549265, 12.877951732260025], [75.86558650182619, 12.877950805257496], [75.8658671481378, 12.87794987795445], [75.86558650182619, 12.877950805257496]]}, "properties": {"id": 122}}, {"type": "Feature", "geometry": {"type": "LineString", "coordinates": [[75.82292621476721, 12.87753757575655], [75.82264466769206, 12.877263114483062], [75.82292531635696, 12.877262233219192], [75.82264466769206, 12.877263114483062]]}, "properties": {"id": 123}}, {"type": "Feature", "geometry": {"type": "LineString", "coordinates": [[75.80887784824789, 12.872625087840785], [75.80859720375598, 12.87262595375341], [75.80887784824789, 12.872625087840785], [75.80859720375598, 12.87262595375341]]}, "properties": {"id": 124}}, {"type": "Feature", "geometry": {"type": "LineString", "coordinates": [[75.50380561359435, 12.872838280831964], [75.50408627552996, 12.872837741239184], [75.5043669374528, 12.872837201345918], [75.50436748790001, 12.873112561817297], [75.50436803836001, 12.873387922282875], [75.50464870088263, 12.87338738206525], [75.50436803836001, 12.873387922282875]]}, "properties": {"id": 125}}, {"type": "Feature", "geometry": {"type": "LineString", "coordinates": [[75.01600201601848, 12.87194510491591], [75.01628267010341, 12.87166971641381], [75.0165633416505, 12.871669698830457], [75.01628267010341, 12.87166971641381]]}, "properties": {"id": 126}}, {"type": "Feature", "geometry": {"type": "LineString", "coordinates": [[75.03761382912924, 12.8724936371428], [75.03733315671448, 12.872493677266448], [75.03705252473586, 12.872769088244425], [75.03733319745788, 12.87276904842042], [75.03705252473586, 12.872769088244425]]}, "properties": {"id": 127}}, {"type": "Feature", "geometry": {"type": "LineString", "coordinates": [[75.87734681581244, 12.870202116124089], [75.87734777308867, 12.870477454905092], [75.87762936780989, 12.870751854295301], [75.87791096314335, 12.871026253337796], [75.87819160082776, 12.871025313331383], [75.87791096314335, 12.871026253337796]]}, "properties": {"id": 128}}, {"type": "Feature", "geometry": {"type": "LineString", "coordinates": [[75.04378776199638, 12.867535997029142], [75.04406847694983, 12.867811321246991], [75.04434914413358, 12.86781127392861], [75.0446298113162, 12.86781122630982], [75.04434914413358, 12.86781127392861]]}, "properties": {"id": 129}}, {"type": "Feature", "geometry": {"type": "LineString", "coordinates": [[75.04631371334068, 12.867260191830285], [75.04659437990288, 12.867260142110837], [75.0468749953297, 12.866984720855427], [75.04687494419667, 12.866709349614087], [75.0471555587062, 12.866433928050073], [75.04743622434634, 12.866433877432794], [75.0471555587062, 12.866433928050073]]}, "properties": {"id": 130}}, {"type": "Feature", "geometry": {"type": "LineString", "coordinates": [[75.87788893631202, 12.864693461120716], [75.87817052470714, 12.864967860427644], [75.87845115563628, 12.864966920578077], [75.87873178654318, 12.864965980428304], [75.87901241742782, 12.864965039978326], [75.87873178654318, 12.864965980428304]]}, "properties": {"id": 131}}, {"type": "Feature", "geometry": {"type": "LineString", "coordinates": [[75.1585775743588, 12.863085777981269], [75.1582967408018, 12.862810577142941], [75.15829656818384, 12.862535206778766], [75.15829639556989, 12.86225983640881], [75.158015735549, 12.862260005617376], [75.15829639556989, 12.86225983640881]]}, "properties": {"id": 132}}, {"type": "Feature", "geometry": {"type": "LineString", "coordinates": [[75.82960204861705, 12.859343745786616], [75.82932142034902, 12.859344632987124], [75.82960204861705, 12.859343745786616], [75.82932142034902, 12.859344632987124]]}, "properties": {"id": 133}}, {"type": "Feature", "geometry": {"type": "LineString", "coordinates": [[75.83325203095137, 12.85988286924998], [75.83325293936524, 12.860158211429935], [75.83353447699686, 12.86043266212354], [75.83381601524022, 12.86070711247176], [75.83353629454186, 12.860983346414855], [75.83381692432916, 12.86098245459478], [75.83353629454186, 12.860983346414855]]}, "properties": {"id": 134}}, {"type": "Feature", "geometry": {"type": "LineString", "coordinates": [[75.8753479874781, 12.860296477887628], [75.87562861342886, 12.860295541392235], [75.87590923935745, 12.860294604596747], [75.87618986526388, 12.860293667501171], [75.8764704911481, 12.860292730105503], [75.87675111701012, 12.860291792409745], [75.87703174284995, 12.860290854413897], [75.87731236866755, 12.860289916117958], [75.87731141221347, 12.860014577120866], [75.87759203770302, 12.860013638545599], [75.87731141221347, 12.860014577120866]]}, "properties": {"id": 135}}, {"type": "Feature", "geometry": {"type": "LineString", "coordinates": [[75.04210210787826, 12.857622904269563], [75.04238280994467, 12.857898230539691], [75.04266346611692, 12.85789818505999], [75.04294412228808, 12.857898139280119], [75.04266346611692, 12.85789818505999]]}, "properties": {"id": 136}}, {"type": "Feature", "geometry": {"type": "LineString", "coordinates": [[75.83715072214792, 12.850784075686592], [75.83743134034748, 12.850783180697945], [75.83771195852582, 12.850782285409426], [75.83743134034748, 12.850783180697945]]}, "properties": {"id": 137}}, {"type": "Feature", "geometry": {"type": "LineString", "coordinates": [[75.88455562304067, 12.84512179139021], [75.88483623144514, 12.845120846143109], [75.88511683982719, 12.84511990059629], [75.88483623144514, 12.845120846143109]]}, "properties": {"id": 138}}, {"type": "Feature", "geometry": {"type": "LineString", "coordinates": [[75.84609732431265, 12.840842990926603], [75.84637885214275, 12.841117428711067], [75.84665945894669, 12.841116524527635], [75.84694006572917, 12.841115620044565], [75.84665945894669, 12.841116524527635]]}, "properties": {"id": 139}}, {"type": "Feature", "geometry": {"type": "LineString", "coordinates": [[75.84047421231324, 12.837556900017832], [75.84075481559653, 12.837556002385353], [75.84047421231324, 12.837556900017832], [75.84075481559653, 12.837556002385353]]}, "properties": {"id": 140}}, {"type": "Feature", "geometry": {"type": "LineString", "coordinates": [[75.84692531756893, 12.836710153614776], [75.8472068413495, 12.836984590828216], [75.84748744350945, 12.836983686046572]]}, "properties": {"id": 141}}, {"type": "Feature", "geometry": {"type": "LineString", "coordinates": [[75.83709786263354, 12.834814224169294], [75.8373793741914, 12.835088672743236], [75.83765997496116, 12.835087778584175], [75.83794057570971, 12.835086884125623], [75.83822117643705, 12.835085989367576], [75.83850177714318, 12.835085094310033], [75.83878237782805, 12.835084198952996], [75.83850177714318, 12.835085094310033]]}, "properties": {"id": 142}}, {"type": "Feature", "geometry": {"type": "LineString", "coordinates": [[75.88648128642056, 12.834101618638382], [75.88648032200614, 12.83382627977567], [75.88619876216704, 12.833551887071843], [75.88591816669748, 12.83355283293712], [75.88591720293824, 12.833277494020821], [75.88563660775142, 12.833278439565701], [75.88591720293824, 12.833277494020821]]}, "properties": {"id": 143}}, {"type": "Feature", "geometry": {"type": "LineString", "coordinates": [[75.87778088835367, 12.833580132771893], [75.87778184328566, 12.83385547228737], [75.87806243970786, 12.83385453508522], [75.87778184328566, 12.83385547228737]]}, "properties": {"id": 144}}, {"type": "Feature", "geometry": {"type": "LineString", "coordinates": [[75.87356624227257, 12.831942115479293], [75.87384588638652, 12.831665843067306], [75.87412648067806, 12.83166491022292], [75.87440612385454, 12.831388637268333], [75.87468766919477, 12.831663043635942], [75.8749692151452, 12.831937449656937], [75.87525076170589, 12.832211855331305], [75.87525171378061, 12.832487195062539], [75.87553230887683, 12.832486260659017], [75.87525171378061, 12.832487195062539]]}, "properties": {"id": 145}}, {"type": "Feature", "geometry": {"type": "LineString", "coordinates": [[75.85195575744622, 12.830636316652326], [75.85223635222145, 12.83063540724221], [75.85251694697511, 12.830634497532712], [75.85223635222145, 12.83063540724221]]}, "properties": {"id": 146}}, {"type": "Feature", "geometry": {"type": "LineString", "coordinates": [[75.87383923347198, 12.829738463979881], [75.87355864129393, 12.82973939638018], [75.87355769127112, 12.82946405646658], [75.8735567412704, 12.829188716547154], [75.87355579129182, 12.828913376621905]]}, "properties": {"id": 147}}, {"type": "Feature", "geometry": {"type": "LineString", "coordinates": [[75.8522215243658, 12.826229943382462], [75.85250118737632, 12.825953692475055], [75.85278177692287, 12.825952782809086], [75.85306329392037, 12.826227214324042], [75.8530642214145, 12.826502555798417], [75.85334481152782, 12.826501645493533], [75.8530642214145, 12.826502555798417]]}, "properties": {"id": 148}}, {"type": "Feature", "geometry": {"type": "LineString", "coordinates": [[75.8715878606802, 12.827818534271337], [75.87158691294724, 12.827543194172469]]}, "properties": {"id": 149}}, {"type": "Feature", "geometry": {"type": "LineString", "coordinates": [[75.82556628667278, 12.826590313836238], [75.82528569445616, 12.82659119451155], [75.82500510221865, 12.826592074887566], [75.82472450996025, 12.82659295496429], [75.82500510221865, 12.826592074887566]]}, "properties": {"id": 150}}, {"type": "Feature", "geometry": {"type": "LineString", "coordinates": [[75.92797594798073, 12.82487219758532], [75.92769435689034, 12.824597851485267], [75.92769334841614, 12.824322515578787], [75.92741175826397, 12.824048169102026], [75.9276923399654, 12.824047179666476], [75.92741175826397, 12.824048169102026]]}, "properties": {"id": 151}}, {"type": "Feature", "geometry": {"type": "LineString", "coordinates": [[75.91983904328553, 12.824900780318641], [75.91955945969318, 12.82517709797025], [75.91927987549096, 12.825453415360306], [75.91899929156378, 12.8254543959285], [75.91927987549096, 12.825453415360306]]}, "properties": {"id": 152}}, {"type": "Feature", "geometry": {"type": "LineString", "coordinates": [[75.85614140395789, 12.82373911320246], [75.85586081711038, 12.823740026297665], [75.8555802302412, 12.823740939093648], [75.85529871363288, 12.82346651021951], [75.85529778393705, 12.823191168842774], [75.85557837021807, 12.823190256386479], [75.85529778393705, 12.823191168842774]]}, "properties": {"id": 153}}, {"type": "Feature", "geometry": {"type": "LineString", "coordinates": [[75.89991072593277, 12.823042330077131], [75.89963014316142, 12.823043289806112], [75.89991072593277, 12.823042330077131], [75.89963014316142, 12.823043289806112]]}, "properties": {"id": 154}}, {"type": "Feature", "geometry": {"type": "LineString", "coordinates": [[75.86371066903227, 12.821786961080123], [75.86399219217455, 12.822061380525374], [75.86427277656142, 12.82206045887561], [75.86455430059642, 12.822334877655369], [75.86483582524119, 12.822609296089224], [75.86511735049571, 12.82288371417715], [75.86539793570965, 12.822882791269288], [75.86511735049571, 12.82288371417715]]}, "properties": {"id": 155}}, {"type": "Feature", "geometry": {"type": "LineString", "coordinates": [[75.89316993778716, 12.821137910740996], [75.89316896711138, 12.820862572109665], [75.8934495479658, 12.820861619431039], [75.89316896711138, 12.820862572109665]]}, "properties": {"id": 156}}, {"type": "Feature", "geometry": {"type": "LineString", "coordinates": [[75.2472239343717, 12.819784191295069], [75.24750427675234, 12.819508557766257], [75.24778488778433, 12.819508293680904], [75.24806522924393, 12.81923265956545], [75.24834583995845, 12.819232394887502], [75.24806522924393, 12.81923265956545]]}, "properties": {"id": 157}}, {"type": "Feature", "geometry": {"type": "LineString", "coordinates": [[75.85612279543093, 12.818232285893327], [75.85612186523211, 12.817956944466784], [75.85612093505495, 12.817681603034424], [75.8564005847142, 12.817405348667727], [75.85668023376394, 12.817129094036668], [75.8569598822042, 12.816852839141266], [75.8572404613444, 12.816851925356108], [75.8569598822042, 12.816852839141266]]}, "properties": {"id": 158}}, {"type": "Feature", "geometry": {"type": "LineString", "coordinates": [[75.91644515051652, 12.817478439126386], [75.91616357982727, 12.817204079121389], [75.91616258448046, 12.816928742163372], [75.91644315919027, 12.816927765259525], [75.91616258448046, 12.816928742163372]]}, "properties": {"id": 159}}, {"type": "Feature", "geometry": {"type": "LineString", "coordinates": [[75.85864242388676, 12.816572010671486], [75.85836184515983, 12.816572925931581], [75.8580821986348, 12.816849182206333], [75.85808313088012, 12.817124523514211], [75.85808406314716, 12.817399864816272], [75.85808499543592, 12.817675206112517], [75.8580859277464, 12.817950547402948], [75.85836650801878, 12.817949632340383], [75.8580859277464, 12.817950547402948]]}, "properties": {"id": 160}}, {"type": "Feature", "geometry": {"type": "LineString", "coordinates": [[75.94168864927654, 12.81518660951611], [75.94196922001854, 12.815185605534442], [75.94225081427894, 12.815459936202558], [75.9425313852779, 12.815458931600636], [75.94281195625302, 12.81545792669972], [75.9425313852779, 12.815458931600636]]}, "properties": {"id": 161}}, {"type": "Feature", "geometry": {"type": "LineString", "coordinates": [[75.86312417967366, 12.814354598052905], [75.86340569343126, 12.81462901884583], [75.86368720779822, 12.814903439293094], [75.86368814598528, 12.815178780234389], [75.86368908419418, 12.815454121169864], [75.86396966128815, 12.81545320030972], [75.86368908419418, 12.815454121169864]]}, "properties": {"id": 162}}, {"type": "Feature", "geometry": {"type": "LineString", "coordinates": [[75.9399909313534, 12.811337934739303], [75.93999195212528, 12.811613269947769], [75.93999297292096, 12.81188860515041], [75.9402745612744, 12.812162938404079], [75.9405551287846, 12.81216193616203], [75.9402745612744, 12.812162938404079]]}, "properties": {"id": 163}}, {"type": "Feature", "geometry": {"type": "LineString", "coordinates": [[75.9433536317566, 12.810224552672553], [75.94335260744926, 12.809949217702249], [75.9433515831658, 12.809673882726122], [75.94307101863492, 12.809674887756461], [75.9433515831658, 12.809673882726122]]}, "properties": {"id": 164}}, {"type": "Feature", "geometry": {"type": "LineString", "coordinates": [[75.81709612762302, 12.810371297770285], [75.81737670246, 12.810370426915219], [75.8176572772763, 12.810369555761248], [75.81793785207189, 12.810368684308374], [75.8176572772763, 12.810369555761248]]}, "properties": {"id": 165}}, {"type": "Feature", "geometry": {"type": "LineString", "coordinates": [[75.94812014709623, 12.809381416884893], [75.94783958327666, 12.809382426973226], [75.94812014709623, 12.809381416884893], [75.94783958327666, 12.809382426973226]]}, "properties": {"id": 166}}, {"type": "Feature", "geometry": {"type": "LineString", "coordinates": [[75.92846550320914, 12.805321358333273], [75.9284665109767, 12.805596694575954], [75.92846751876776, 12.805872030812813], [75.92846852658231, 12.806147367043843], [75.92846953442034, 12.806422703269053], [75.92847054228189, 12.806698039488438], [75.92847155016692, 12.806973375701999], [75.92875211288445, 12.806972386431635], [75.92847155016692, 12.806973375701999]]}, "properties": {"id": 167}}, {"type": "Feature", "geometry": {"type": "LineString", "coordinates": [[75.96886918095694, 12.80600184553343], [75.96858967395703, 12.806278210477375], [75.96831016634827, 12.806554575162556], [75.96859072535307, 12.806553543488276], [75.96831016634827, 12.806554575162556]]}, "properties": {"id": 168}}, {"type": "Feature", "geometry": {"type": "LineString", "coordinates": [[75.24272176107782, 12.806845982782884], [75.24272149758788, 12.806570612676975], [75.2430020944016, 12.806570353948654], [75.24272149758788, 12.806570612676975]]}, "properties": {"id": 169}}, {"type": "Feature", "geometry": {"type": "LineString", "coordinates": [[75.24889516644649, 12.807115591553208], [75.24917576373245, 12.807115326236833], [75.24917603424078, 12.807390696197405], [75.24917630475538, 12.807666066152226], [75.24945717346982, 12.807941170468286], [75.24973777165704, 12.807940904536325], [75.24945717346982, 12.807941170468286]]}, "properties": {"id": 170}}, {"type": "Feature", "geometry": {"type": "LineString", "coordinates": [[75.95736003304725, 12.80439190588179], [75.95764059056711, 12.804390886040643], [75.95792010842898, 12.804114531977412], [75.958200665596, 12.804113511561493], [75.95792010842898, 12.804114531977412]]}, "properties": {"id": 171}}, {"type": "Feature", "geometry": {"type": "LineString", "coordinates": [[75.2441226266774, 12.804641725345288], [75.24440348660252, 12.804916835274408], [75.24440375188293, 12.80519220538026], [75.24412342160495, 12.805467835680167], [75.24384282603421, 12.80546809558109], [75.24412342160495, 12.805467835680167]]}, "properties": {"id": 172}}, {"type": "Feature", "geometry": {"type": "LineString", "coordinates": [[75.8277327980861, 12.802628371964278], [75.82801246507961, 12.802352146549476], [75.82829213146437, 12.802075920869337], [75.8285726963343, 12.802075038646063], [75.82885236178502, 12.801798812421499], [75.82913292630867, 12.801797929620431], [75.82941349081135, 12.801797046520672], [75.82913292630867, 12.801797929620431]]}, "properties": {"id": 173}}, {"type": "Feature", "geometry": {"type": "LineString", "coordinates": [[75.86532838836106, 12.80250756703726], [75.86560801169867, 12.802231304279719]]}, "properties": {"id": 174}}, {"type": "Feature", "geometry": {"type": "LineString", "coordinates": [[75.95089791606611, 12.801937269182522], [75.9506183922335, 12.802213616208885], [75.95033886779221, 12.802489962975722], [75.95005831177534, 12.802490974892857], [75.95005728083243, 12.802215640296865], [75.95033783654497, 12.802214628402208], [75.95005728083243, 12.802215640296865]]}, "properties": {"id": 175}}, {"type": "Feature", "geometry": {"type": "LineString", "coordinates": [[75.92199358612824, 12.800112626784285], [75.92199458645091, 12.80038796364094], [75.92171403047644, 12.800388945216993], [75.92171503051814, 12.800664282089638], [75.92171603058316, 12.800939618956459], [75.9219965871662, 12.800938637336795], [75.92171603058316, 12.800939618956459]]}, "properties": {"id": 176}}, {"type": "Feature", "geometry": {"type": "LineString", "coordinates": [[75.8641958230513, 12.799482497651942], [75.86447544458693, 12.799206236168338], [75.864755065514, 12.7989299744212], [75.86475412739934, 12.798654633218689], [75.86447356894425, 12.798655553728219], [75.86475412739934, 12.798654633218689]]}, "properties": {"id": 177}}, {"type": "Feature", "geometry": {"type": "LineString", "coordinates": [[75.81899972127454, 12.791641775964488], [75.81900060925345, 12.791917120563934], [75.81928116355459, 12.791916248914834], [75.81900060925345, 12.791917120563934]]}, "properties": {"id": 178}}, {"type": "Feature", "geometry": {"type": "LineString", "coordinates": [[75.8652870927282, 12.790392553754996], [75.86556858036339, 12.790666974279146], [75.86584912991026, 12.790666053169039]]}, "properties": {"id": 179}}, {"type": "Feature", "geometry": {"type": "LineString", "coordinates": [[75.85546136335718, 12.788497198949457], [75.85574191125565, 12.7884962887443], [75.85602245913248, 12.78849537824078], [75.85630393517265, 12.788769809466924], [75.8563048633793, 12.789045151489153], [75.85658541182083, 12.789044240348382], [75.8563048633793, 12.789045151489153]]}, "properties": {"id": 180}}, {"type": "Feature", "geometry": {"type": "LineString", "coordinates": [[75.8537678969995, 12.78547388922102], [75.85376697180976, 12.785198546941324], [75.85404751619042, 12.785197638768746], [75.85376697180976, 12.785198546941324]]}, "properties": {"id": 181}}, {"type": "Feature", "geometry": {"type": "LineString", "coordinates": [[75.8677941642379, 12.78515277291217], [75.86751362092423, 12.785153695700718], [75.86723307758861, 12.785154618190981], [75.86751362092423, 12.785153695700718]]}, "properties": {"id": 182}}, {"type": "Feature", "geometry": {"type": "LineString", "coordinates": [[75.92614568210773, 12.784679012738236], [75.92642622037523, 12.784678027632982], [75.92670675861932, 12.784677042229474], [75.92642622037523, 12.784678027632982]]}, "properties": {"id": 183}}, {"type": "Feature", "geometry": {"type": "LineString", "coordinates": [[75.92585410938285, 12.78165129152073], [75.92613564764856, 12.781925643873134], [75.9264161828776, 12.781924658986966], [75.9266967180832, 12.781923673802616], [75.9264161828776, 12.781924658986966]]}, "properties": {"id": 184}}, {"type": "Feature", "geometry": {"type": "LineString", "coordinates": [[75.87169721540494, 12.777980955200404], [75.87197775048926, 12.777980028473799], [75.87225828555152, 12.777979101449088], [75.8722573408988, 12.777703760359973], [75.87253787563527, 12.777702833057786], [75.8722573408988, 12.777703760359973]]}, "properties": {"id": 185}}, {"type": "Feature", "geometry": {"type": "LineString", "coordinates": [[75.86918369611043, 12.781293377660244], [75.8694642350382, 12.781292453369877]]}, "properties": {"id": 186}}, {"type": "Feature", "geometry": {"type": "LineString", "coordinates": [[75.85290962911387, 12.780520448997365], [75.85319016839368, 12.780519542062674], [75.85347070765192, 12.780518634829804], [75.85319016839368, 12.780519542062674]]}, "properties": {"id": 187}}, {"type": "Feature", "geometry": {"type": "LineString", "coordinates": [[75.04040565795762, 12.779142069564456], [75.04040561419266, 12.778866696463842]]}, "properties": {"id": 188}}, {"type": "Feature", "geometry": {"type": "LineString", "coordinates": [[75.8228748702501, 12.775384220398802], [75.82315540602703, 12.775383345739348], [75.82343594178315, 12.775382470781828], [75.8237155856201, 12.775106250909257], [75.82399522884974, 12.774830030771799], [75.82427576393601, 12.774829154959088], [75.82399522884974, 12.774830030771799]]}, "properties": {"id": 189}}, {"type": "Feature", "geometry": {"type": "LineString", "coordinates": [[75.8517634892462, 12.773365166211262], [75.85176256713194, 12.773089823535173], [75.85148111415523, 12.772815385733082], [75.85148019238765, 12.77254004302526], [75.85147927064163, 12.772264700311633], [75.85175980091843, 12.772263795472123], [75.85147927064163, 12.772264700311633]]}, "properties": {"id": 190}}, {"type": "Feature", "geometry": {"type": "LineString", "coordinates": [[75.87583415573955, 12.757316445378926], [75.87583320879976, 12.757041104123688], [75.87583226188211, 12.75676576286266], [75.87555080388083, 12.75649135088037], [75.87583131498661, 12.756490421595835], [75.87555080388083, 12.75649135088037]]}, "properties": {"id": 191}}, {"type": "Feature", "geometry": {"type": "LineString", "coordinates": [[75.87217806882487, 12.75457508817176], [75.87245857807379, 12.754574162602724], [75.87273908730066, 12.75457323673614], [75.87301865281833, 12.754296969052035], [75.87301770915327, 12.754021627526264], [75.87329821772975, 12.754020701105894], [75.87301770915327, 12.754021627526264]]}, "properties": {"id": 192}}, {"type": "Feature", "geometry": {"type": "LineString", "coordinates": [[75.87103814563461, 12.749347294859495], [75.87075670118976, 12.749072876754484], [75.87075576036796, 12.748797534953718], [75.871036263363, 12.748796611304947], [75.87075576036796, 12.748797534953718]]}, "properties": {"id": 193}}, {"type": "Feature", "geometry": {"type": "LineString", "coordinates": [[75.87073788893623, 12.743566039639214], [75.87101744549163, 12.743289774485827], [75.87129794240653, 12.743288850951712], [75.8715774980314, 12.743012585259805], [75.8718579945994, 12.743011661151758], [75.8715774980314, 12.743012585259805]]}, "properties": {"id": 194}}, {"type": "Feature", "geometry": {"type": "LineString", "coordinates": [[75.80478395313614, 12.732210200313549], [75.80506444263992, 12.732209347719294], [75.80534493212335, 12.732208494828011], [75.80562542158643, 12.732207641639706], [75.80562455232187, 12.731932294881558], [75.80590504146203, 12.73193144141528], [75.80562455232187, 12.731932294881558]]}, "properties": {"id": 195}}, {"type": "Feature", "geometry": {"type": "LineString", "coordinates": [[75.86956146422463, 12.727599884199563], [75.86984194399945, 12.727598963324203], [75.87012242375228, 12.727598042151948], [75.86984194399945, 12.727598963324203]]}, "properties": {"id": 196}}, {"type": "Feature", "geometry": {"type": "LineString", "coordinates": [[75.86674638289328, 12.724580308370014], [75.86702685956124, 12.724579390689124], [75.86730827146387, 12.724853815267826], [75.86758874839033, 12.724852896972774], [75.86730827146387, 12.724853815267826]]}, "properties": {"id": 197}}, {"type": "Feature", "geometry": {"type": "LineString", "coordinates": [[75.86589841715718, 12.722655660857713], [75.86561700925053, 12.722381234482405], [75.86589748358745, 12.722380318152595], [75.86561700925053, 12.722381234482405]]}, "properties": {"id": 198}}, {"type": "Feature", "geometry": {"type": "LineString", "coordinates": [[75.94666396910372, 12.719626036130085], [75.94666294871506, 12.719350699539344], [75.94638248399592, 12.719351701110773], [75.94666294871506, 12.719350699539344]]}, "properties": {"id": 199}}, {"type": "Feature", "geometry": {"type": "LineString", "coordinates": [[75.84285128869702, 12.708136556836525], [75.84256992095041, 12.707862103106732], [75.84228946083418, 12.707862993748316], [75.84200900069665, 12.70786388409347], [75.84228946083418, 12.707862993748316]]}, "properties": {"id": 200}}, {"type": "Feature", "geometry": {"type": "LineString", "coordinates": [[75.74384108940664, 12.706229836852966], [75.74384189033687, 12.706505188183536], [75.74356222562541, 12.706781325712965], [75.7432825603101, 12.707057462975376], [75.74300209431013, 12.707058248604703], [75.74300289439091, 12.707333599970749], [75.74328336069283, 12.707332814323854], [75.74300289439091, 12.707333599970749]]}, "properties": {"id": 201}}, {"type": "Feature", "geometry": {"type": "LineString", "coordinates": [[75.88434776221476, 12.70469732650147], [75.88462821573766, 12.704696391626886], [75.88490866923821, 12.704695456455964], [75.88518912271641, 12.704694520988703], [75.88519007571306, 12.704969862634877], [75.88519102873208, 12.705245204275283], [75.88547148279159, 12.70524426846981], [75.88519102873208, 12.705245204275283]]}, "properties": {"id": 202}}, {"type": "Feature", "geometry": {"type": "LineString", "coordinates": [[75.88405398596481, 12.700843476255692], [75.88433443528503, 12.700842541970161], [75.88461488458289, 12.700841607388382], [75.88489438149897, 12.700565330756666], [75.8851748304504, 12.700564395603323], [75.88489438149897, 12.700565330756666]]}, "properties": {"id": 203}}, {"type": "Feature", "geometry": {"type": "LineString", "coordinates": [[75.7482995329491, 12.696304576259744], [75.74858079220276, 12.696579136926058], [75.74886205205975, 12.696853697255033], [75.7491417004927, 12.69657755485941], [75.74942134832233, 12.696301412197275], [75.74970099554861, 12.696025269268658], [75.749981449024, 12.696024477234158], [75.74970099554861, 12.696025269268658]]}, "properties": {"id": 204}}, {"type": "Feature", "geometry": {"type": "LineString", "coordinates": [[75.92941950909311, 12.682240576976028], [75.92942050787727, 12.682515915700113], [75.92942150668487, 12.68279125441843], [75.9297019326964, 12.682790273571102], [75.92942150668487, 12.68279125441843]]}, "properties": {"id": 205}}, {"type": "Feature", "geometry": {"type": "LineString", "coordinates": [[75.88677933325754, 12.677980747052471], [75.8870597573342, 12.677979811545166], [75.88734018138847, 12.677978875742166], [75.88762060542032, 12.67797793964347], [75.88734018138847, 12.677978875742166]]}, "properties": {"id": 206}}, {"type": "Feature", "geometry": {"type": "LineString", "coordinates": [[75.94254582592083, 12.667601253970316], [75.9428262342628, 12.66760026044652], [75.94310664258096, 12.667599266627294], [75.9433870508753, 12.66759827251264], [75.94366745914583, 12.66759727810256], [75.94394685423097, 12.667320945513051], [75.94422726215296, 12.667319950534441], [75.94394685423097, 12.667320945513051]]}, "properties": {"id": 207}}, {"type": "Feature", "geometry": {"type": "LineString", "coordinates": [[75.60940457547629, 12.66802216037567], [75.60968500650091, 12.668021517921424], [75.6099647827802, 12.667745515397113], [75.61024455845755, 12.667469512600404], [75.6102439034575, 12.667194152828852], [75.61052433353302, 12.667193509531316], [75.6102439034575, 12.667194152828852]]}, "properties": {"id": 208}}, {"type": "Feature", "geometry": {"type": "LineString", "coordinates": [[75.95984977798862, 12.645787487588834], [75.96013016109552, 12.645786477541781], [75.96040951518182, 12.645510130188653], [75.96068989793993, 12.645509119574513], [75.96040951518182, 12.645510130188653]]}, "properties": {"id": 209}}, {"type": "Feature", "geometry": {"type": "LineString", "coordinates": [[75.8843927121131, 12.636411475038795], [75.88467309097572, 12.63641054505508], [75.88495441726951, 12.636684957851049], [75.88523479638755, 12.636684027257019], [75.88495441726951, 12.636684957851049]]}, "properties": {"id": 210}}, {"type": "Feature", "geometry": {"type": "LineString", "coordinates": [[75.92051608776194, 12.623623411213623], [75.92079546511881, 12.623347103603901], [75.9210758269239, 12.623346136333938], [75.92079546511881, 12.623347103603901]]}, "properties": {"id": 211}}, {"type": "Feature", "geometry": {"type": "LineString", "coordinates": [[75.95499432535479, 12.621850234336186], [75.95527468277338, 12.621849231266868], [75.95527366128002, 12.621573893347437], [75.95555401837481, 12.621572890006378], [75.95527366128002, 12.621573893347437]]}, "properties": {"id": 212}}, {"type": "Feature", "geometry": {"type": "LineString", "coordinates": [[75.94854102682481, 12.620496531342395], [75.94882138329754, 12.620495535154653], [75.94854102682481, 12.620496531342395], [75.94882138329754, 12.620495535154653]]}, "properties": {"id": 213}}, {"type": "Feature", "geometry": {"type": "LineString", "coordinates": [[75.95695068739198, 12.620191179881006], [75.95723206631403, 12.620465512677127], [75.95751242204123, 12.620464507366387], [75.95723206631403, 12.620465512677127]]}, "properties": {"id": 214}}, {"type": "Feature", "geometry": {"type": "LineString", "coordinates": [[75.94234195417913, 12.611982861968063], [75.94206160644354, 12.611983850696614], [75.94178025243117, 12.611709499928546], [75.94149990494748, 12.611710488046661], [75.94178025243117, 12.611709499928546]]}, "properties": {"id": 215}}, {"type": "Feature", "geometry": {"type": "LineString", "coordinates": [[75.96559010321663, 12.6063930254955], [75.96530976346565, 12.606394038176644], [75.96559010321663, 12.6063930254955], [75.96530976346565, 12.606394038176644]]}, "properties": {"id": 216}}, {"type": "Feature", "geometry": {"type": "LineString", "coordinates": [[75.9162401539304, 12.603813317070351], [75.91652049484297, 12.603812356048355], [75.91680083573243, 12.603811394732457], [75.91708215583031, 12.604085774424956], [75.91736249697274, 12.604084812499574], [75.91708215583031, 12.604085774424956]]}, "properties": {"id": 217}}, {"type": "Feature", "geometry": {"type": "LineString", "coordinates": [[75.91593732457649, 12.597481424269862], [75.91593634709646, 12.597206082743297], [75.91593536963953, 12.596930741210995], [75.91565405902459, 12.596656359544333], [75.91565308191294, 12.596381017978924], [75.91593341479499, 12.596380058129201], [75.91565308191294, 12.596381017978924]]}, "properties": {"id": 218}}, {"type": "Feature", "geometry": {"type": "LineString", "coordinates": [[75.72664881019814, 12.577410942086562], [75.72692991035186, 12.57768553648534], [75.72721101110284, 12.577960130550727], [75.7274913372909, 12.577959369292614], [75.72721101110284, 12.577960130550727]]}, "properties": {"id": 219}}, {"type": "Feature", "geometry": {"type": "LineString", "coordinates": [[75.96323230742182, 12.575563273667584], [75.96295200095173, 12.575564281447466], [75.96323230742182, 12.575563273667584], [75.96295200095173, 12.575564281447466]]}, "properties": {"id": 220}}, {"type": "Feature", "geometry": {"type": "LineString", "coordinates": [[75.95249245038394, 12.55164684122646], [75.95249143771458, 12.551371501641896], [75.95277171883804, 12.551370506692075], [75.95305199993747, 12.551369511449623], [75.95277171883804, 12.551370506692075]]}, "properties": {"id": 221}}, {"type": "Feature", "geometry": {"type": "LineString", "coordinates": [[75.95865048298941, 12.54942217137459], [75.95865150204293, 12.549697510502373], [75.9586525211206, 12.549972849624435], [75.95893280022474, 12.54997184835012], [75.9586525211206, 12.549972849624435]]}, "properties": {"id": 222}}, {"type": "Feature", "geometry": {"type": "LineString", "coordinates": [[75.95864131259529, 12.546944118967224], [75.95864029378343, 12.546668779782257], [75.95835899973873, 12.54639444127882], [75.95863927499575, 12.546393440591574], [75.95835899973873, 12.54639444127882]]}, "properties": {"id": 223}}, {"type": "Feature", "geometry": {"type": "LineString", "coordinates": [[75.95470628871207, 12.543929367772838], [75.95498656160314, 12.543928371091269], [75.95526683447012, 12.543927374117253], [75.95498656160314, 12.543928371091269]]}, "properties": {"id": 224}}, {"type": "Feature", "geometry": {"type": "LineString", "coordinates": [[75.96422223686274, 12.540315911776027], [75.96450250506217, 12.540314905447554], [75.96478174845846, 12.540038560004541], [75.96506201631168, 12.540037553114155], [75.9653412587909, 12.539761207149136], [75.96534023346558, 12.539485868361135], [75.965620500675, 12.539484860931676], [75.96534023346558, 12.539485868361135]]}, "properties": {"id": 225}}, {"type": "Feature", "geometry": {"type": "LineString", "coordinates": [[75.96195251022266, 12.532889795527254], [75.96167224983708, 12.532890798610808], [75.9616732707123, 12.533166137831953], [75.96195353139527, 12.533165134725667], [75.9616732707123, 12.533166137831953]]}, "properties": {"id": 226}}, {"type": "Feature", "geometry": {"type": "LineString", "coordinates": [[75.95354468814162, 12.532919760934869], [75.95382596177507, 12.533194106179455], [75.95410622313399, 12.533193111254455], [75.95382596177507, 12.533194106179455]]}, "properties": {"id": 227}}, {"type": "Feature", "geometry": {"type": "LineString", "coordinates": [[75.90757095345117, 12.530050144987841], [75.9075699902513, 12.529774801435561], [75.90756902707432, 12.529499457877577], [75.90784928814072, 12.52949851146586], [75.90756902707432, 12.529499457877577]]}, "properties": {"id": 228}}, {"type": "Feature", "geometry": {"type": "LineString", "coordinates": [[75.86995202674174, 12.511175414884812], [75.8702322709038, 12.511174508995323], [75.87051343750215, 12.511448949526882], [75.87079368191722, 12.511448043033441], [75.87107392631034, 12.511447136248306], [75.87079368191722, 12.511448043033441]]}, "properties": {"id": 229}}, {"type": "Feature", "geometry": {"type": "LineString", "coordinates": [[75.95457563251284, 12.50841051681853], [75.9545746212376, 12.508135176517762], [75.9545736099864, 12.507859836211294], [75.95485384394142, 12.507858842485346], [75.9545736099864, 12.507859836211294]]}, "properties": {"id": 230}}, {"type": "Feature", "geometry": {"type": "LineString", "coordinates": [[75.87218381423972, 12.508139346745025], [75.87246497925558, 12.50841378537994], [75.87274429566031, 12.508137530460923], [75.87302453633764, 12.508136621881448], [75.87274429566031, 12.508137530460923]]}, "properties": {"id": 231}}, {"type": "Feature", "geometry": {"type": "LineString", "coordinates": [[75.87441184645546, 12.50400187662715], [75.87441092043576, 12.503726530049471], [75.87469115623324, 12.503725620050966], [75.87441092043576, 12.503726530049471]]}, "properties": {"id": 232}}, {"type": "Feature", "geometry": {"type": "LineString", "coordinates": [[75.94166088097556, 12.501847721547694], [75.94194011215141, 12.501571400278367], [75.94222034035792, 12.501570420185674], [75.94194011215141, 12.501571400278367]]}, "properties": {"id": 233}}, {"type": "Feature", "geometry": {"type": "LineString", "coordinates": [[75.87888445357565, 12.500683126008665], [75.87860329116816, 12.500408693816112], [75.87832212935386, 12.500134261284929], [75.87804096813274, 12.499859828415131], [75.87776073675298, 12.49986074162129], [75.87804096813274, 12.499859828415131]]}, "properties": {"id": 234}}, {"type": "Feature", "geometry": {"type": "LineString", "coordinates": [[75.91475108500323, 12.499737678891833], [75.91447085658106, 12.499738630272175], [75.91419062813586, 12.499739581361114], [75.9139103996676, 12.499740532158654], [75.91419062813586, 12.499739581361114]]}, "properties": {"id": 235}}, {"type": "Feature", "geometry": {"type": "LineString", "coordinates": [[75.93464526478161, 12.49911870193814], [75.9343650386061, 12.499119673963346], [75.93408481240706, 12.49912064569717], [75.93380458618448, 12.499121617139616], [75.93352435993839, 12.499122588290687], [75.93324314574772, 12.498848216960845], [75.93296291975115, 12.498849187507108], [75.93324314574772, 12.498848216960845]]}, "properties": {"id": 236}}, {"type": "Feature", "geometry": {"type": "LineString", "coordinates": [[75.86625747718979, 12.49576772267894], [75.86653862210181, 12.496042169046326], [75.86681885020904, 12.496041267783479], [75.86653862210181, 12.496042169046326]]}, "properties": {"id": 237}}, {"type": "Feature", "geometry": {"type": "LineString", "coordinates": [[75.86541038291682, 12.493842991823106], [75.86512924164947, 12.493568543999586], [75.86484810097497, 12.493294095838236], [75.86512832624854, 12.493293196527727], [75.86484810097497, 12.493294095838236]]}, "properties": {"id": 238}}, {"type": "Feature", "geometry": {"type": "LineString", "coordinates": [[75.89147034695492, 12.49348270640393], [75.891749626863, 12.493206433903204], [75.89202985001246, 12.49320550663231], [75.89231007313946, 12.493204579070172], [75.89202985001246, 12.49320550663231]]}, "properties": {"id": 239}}, {"type": "Feature", "geometry": {"type": "LineString", "coordinates": [[75.86596167240228, 12.491087717360111], [75.8662428116296, 12.49136216448377], [75.86652303471942, 12.491361263860263], [75.86680325778742, 12.491360362945546], [75.86652303471942, 12.491361263860263]]}, "properties": {"id": 240}}, {"type": "Feature", "geometry": {"type": "LineString", "coordinates": [[75.90014012332203, 12.488497625510197], [75.89985990586483, 12.488498560865747], [75.89986085763553, 12.488773905848573], [75.89986180942891, 12.489049250825714], [75.8995825428762, 12.489325530925367], [75.89986276124496, 12.489324595797177], [75.8995825428762, 12.489325530925367]]}, "properties": {"id": 241}}, {"type": "Feature", "geometry": {"type": "LineString", "coordinates": [[75.95813957185584, 12.486921037392978], [75.95842079653542, 12.487195382020388], [75.95842181013059, 12.48747072243771], [75.95870202180747, 12.487469726305735], [75.95842181013059, 12.48747072243771]]}, "properties": {"id": 242}}, {"type": "Feature", "geometry": {"type": "LineString", "coordinates": [[75.87939839034611, 12.48691397623985], [75.87967860766163, 12.486913062262003], [75.87995882495501, 12.486912147993051], [75.87995789437596, 12.486636801477554], [75.88023811135092, 12.486635886938297], [75.88051925947526, 12.486910318581845], [75.88052019066897, 12.48718566505007], [75.88080133970423, 12.487460096328741], [75.88108155750143, 12.487459180853758], [75.88080133970423, 12.487460096328741]]}, "properties": {"id": 243}}, {"type": "Feature", "geometry": {"type": "LineString", "coordinates": [[75.89788793785885, 12.485476303381281], [75.89816720249434, 12.4852000251186], [75.89844741653253, 12.485199091764557], [75.89872763054811, 12.485198158119456], [75.89844741653253, 12.485199091764557]]}, "properties": {"id": 244}}, {"type": "Feature", "geometry": {"type": "LineString", "coordinates": [[75.8984417169012, 12.48354702070174], [75.89816245422588, 12.483823299141003], [75.89816340383435, 12.484098644347885], [75.89844361668781, 12.48409771107874], [75.89816340383435, 12.484098644347885]]}, "properties": {"id": 245}}, {"type": "Feature", "geometry": {"type": "LineString", "coordinates": [[75.8813310275425, 12.478371830885864], [75.88161123552254, 12.478370915515956], [75.88189144348037, 12.478369999855152], [75.88217258369848, 12.478644430422767], [75.88245372450865, 12.478918860652113], [75.88273393299191, 12.478917944076919], [75.88301414145293, 12.478917027210816], [75.88329434989173, 12.478916110053806], [75.88301414145293, 12.478917027210816]]}, "properties": {"id": 246}}, {"type": "Feature", "geometry": {"type": "LineString", "coordinates": [[75.96173961697293, 12.475343777873418], [75.96145941858953, 12.475344776207688], [75.9611792201819, 12.475345774251158], [75.96089902175008, 12.475346772003832], [75.96089800655358, 12.475071431540208], [75.96117820468947, 12.475070433810238], [75.96089800655358, 12.475071431540208]]}, "properties": {"id": 247}}, {"type": "Feature", "geometry": {"type": "LineString", "coordinates": [[75.96340859404815, 12.47203369827722], [75.96368980660009, 12.472308038479394], [75.96397000153485, 12.472307038069241], [75.96368980660009, 12.472308038479394]]}, "properties": {"id": 248}}, {"type": "Feature", "geometry": {"type": "LineString", "coordinates": [[75.89415730704556, 12.45988125353107], [75.89387617670413, 12.459606834551986], [75.89387523354145, 12.459331488522395], [75.89415447667098, 12.459055215505655], [75.89443466291814, 12.459054288233753], [75.89415447667098, 12.459055215505655]]}, "properties": {"id": 249}}, {"type": "Feature", "geometry": {"type": "LineString", "coordinates": [[75.94570536654477, 12.458053681877796], [75.94598554764345, 12.458052701236207], [75.94598454963146, 12.457777359220692], [75.94626473041085, 12.457776378311072], [75.94598454963146, 12.457777359220692]]}, "properties": {"id": 250}}, {"type": "Feature", "geometry": {"type": "LineString", "coordinates": [[75.94456172763297, 12.451724731178972], [75.94484190203252, 12.451723752212263], [75.94484289833929, 12.451999094442003], [75.94512307301038, 12.451998115162732], [75.94540324765768, 12.451997135593222], [75.94568342228118, 12.451996155733465], [75.94540324765768, 12.451997135593222]]}, "properties": {"id": 251}}, {"type": "Feature", "geometry": {"type": "LineString", "coordinates": [[75.96219643749808, 12.447257035350205], [75.96219745172745, 12.447532376274134], [75.96219846598105, 12.447807717192392], [75.96219948025885, 12.44808305810497], [75.96220049456086, 12.448358399011871], [75.96220150888712, 12.448633739913097], [75.96248167852644, 12.448632742911892], [75.96220150888712, 12.448633739913097]]}, "properties": {"id": 252}}, {"type": "Feature", "geometry": {"type": "LineString", "coordinates": [[75.94510414163857, 12.446766612251466], [75.94538331423053, 12.446490290813344], [75.94566348294882, 12.446489311400343], [75.94566248623212, 12.446213969124111], [75.94594265463141, 12.44621298944334], [75.94566248623212, 12.446213969124111]]}, "properties": {"id": 253}}, {"type": "Feature", "geometry": {"type": "LineString", "coordinates": [[75.94397650096539, 12.444843128980713], [75.94425666803156, 12.44484215115208], [75.94397650096539, 12.444843128980713], [75.94425666803156, 12.44484215115208]]}, "properties": {"id": 254}}, {"type": "Feature", "geometry": {"type": "LineString", "coordinates": [[75.9358368545569, 12.440741212913121], [75.93555570561212, 12.440466838512764], [75.93555472004027, 12.440191495311828], [75.935553734492, 12.439916152105214], [75.93583291113652, 12.439639840186443]]}, "properties": {"id": 255}}, {"type": "Feature", "geometry": {"type": "LineString", "coordinates": [[75.90585638114639, 12.440017192984346], [75.90585733542095, 12.440292538496509], [75.90613750063693, 12.440291600482276], [75.90641766583012, 12.440290662178068], [75.90613750063693, 12.440291600482276]]}, "properties": {"id": 256}}, {"type": "Feature", "geometry": {"type": "LineString", "coordinates": [[75.92182283189997, 12.439137231731731], [75.9221039659418, 12.439411621553202], [75.9223841289383, 12.4394106667861], [75.9226642919116, 12.439409711729056], [75.92294445486165, 12.439408756382067], [75.92322461778849, 12.439407800745128], [75.9235047806921, 12.439406844818246], [75.92378397048525, 12.439130544455393], [75.92406413304735, 12.439129587970445], [75.92434429558618, 12.439128631195556], [75.92462445810176, 12.439127674130729], [75.92434429558618, 12.439128631195556]]}, "properties": {"id": 257}}, {"type": "Feature", "geometry": {"type": "LineString", "coordinates": [[75.92378299742128, 12.438855200303705], [75.92406413304735, 12.439129587970445]]}, "properties": {"id": 258}}, {"type": "Feature", "geometry": {"type": "LineString", "coordinates": [[75.91900474969327, 12.434465902698994], [75.91872459172792, 12.434466853596003], [75.91844443373947, 12.434467804203182], [75.91872459172792, 12.434466853596003]]}, "properties": {"id": 259}}, {"type": "Feature", "geometry": {"type": "LineString", "coordinates": [[75.05688263051594, 12.432164483884014], [75.0571628221276, 12.432164424881703], [75.0574430137378, 12.432164365589472], [75.05772326611796, 12.432439686165823], [75.05800345802025, 12.432439626292387], [75.0582836499211, 12.432439566129029], [75.05800345802025, 12.432439626292387]]}, "properties": {"id": 260}}, {"type": "Feature", "geometry": {"type": "LineString", "coordinates": [[75.0299811402053, 12.405181505560229], [75.0297009773622, 12.40518153637134], [75.02942084542346, 12.40545694770295], [75.02942087632927, 12.405732328507137], [75.02914074350835, 12.406007739540392], [75.02914077412133, 12.40628312033411], [75.02942093814313, 12.40628309009877], [75.02914077412133, 12.40628312033411]]}, "properties": {"id": 261}}, {"type": "Feature", "geometry": {"type": "LineString", "coordinates": [[75.52580320061716, 12.37548443839882], [75.5255236319579, 12.375760349657304], [75.52580430254702, 12.376035177953687], [75.52608497372312, 12.376310005931115], [75.52636509390126, 12.37630946385097], [75.52664521406614, 12.376308921482295], [75.52636509390126, 12.37630946385097]]}, "properties": {"id": 262}}, {"type": "Feature", "geometry": {"type": "LineString", "coordinates": [[75.55184614494169, 12.371577660072397], [75.55212625888407, 12.371577091669524], [75.55184614494169, 12.371577660072397], [75.55212625888407, 12.371577091669524]]}, "properties": {"id": 263}}, {"type": "Feature", "geometry": {"type": "LineString", "coordinates": [[75.54651653636911, 12.368008608443331], [75.54679664676058, 12.36800804568813], [75.54707675713831, 12.3680074826446], [75.54735686750229, 12.368006919312746], [75.54763697785252, 12.368006355692568], [75.54791708818895, 12.368005791784064], [75.54763697785252, 12.368006355692568]]}, "properties": {"id": 264}}, {"type": "Feature", "geometry": {"type": "LineString", "coordinates": [[75.56219681040669, 12.365222967218036], [75.56247632821774, 12.364947020140638], [75.56275584544238, 12.364671072795964], [75.56303536208063, 12.364395125184052], [75.56331546783676, 12.364394545590681], [75.56303536208063, 12.364395125184052]]}, "properties": {"id": 265}}, {"type": "Feature", "geometry": {"type": "LineString", "coordinates": [[75.72045160287917, 12.36374859831417], [75.72073169927218, 12.363747856761107], [75.72101179564706, 12.363747114919853], [75.72129189200382, 12.363746372790414], [75.72101179564706, 12.363747114919853]]}, "properties": {"id": 266}}, {"type": "Feature", "geometry": {"type": "LineString", "coordinates": [[75.06779209515217, 12.362490622056704], [75.06751197800536, 12.362490691671503], [75.06779209515217, 12.362490622056704], [75.06751197800536, 12.362490691671503]]}, "properties": {"id": 267}}, {"type": "Feature", "geometry": {"type": "LineString", "coordinates": [[75.57030915311431, 12.36024944222719], [75.5703085562954, 12.359974074192296], [75.57058865699084, 12.359973487320405], [75.5703085562954, 12.359974074192296]]}, "properties": {"id": 268}}, {"type": "Feature", "geometry": {"type": "LineString", "coordinates": [[75.06330863064592, 12.355882542662343], [75.06358880730563, 12.356157859079678], [75.06358887383018, 12.356433240746632], [75.06386898455142, 12.356433175200364], [75.06358887383018, 12.356433240746632]]}, "properties": {"id": 269}}, {"type": "Feature", "geometry": {"type": "LineString", "coordinates": [[75.05882656056156, 12.354506638996764], [75.05882649902905, 12.354231257266324], [75.05910654560839, 12.353955814894263], [75.05938665371721, 12.35395575397016], [75.05966676182456, 12.353955692758017], [75.05938665371721, 12.35395575397016]]}, "properties": {"id": 270}}, {"type": "Feature", "geometry": {"type": "LineString", "coordinates": [[75.72994890025181, 12.35436100776776], [75.72994813675584, 12.354085648373495], [75.72994737327822, 12.353810288973621], [75.73022745850278, 12.353809538243077], [75.72994737327822, 12.353810288973621]]}, "properties": {"id": 271}}, {"type": "Feature", "geometry": {"type": "LineString", "coordinates": [[75.06442859941421, 12.353954608081672], [75.0647086398114, 12.35367915997392], [75.06498867962263, 12.353403711575634], [75.06526871884795, 12.353128262886836], [75.06554882604338, 12.353128195630514], [75.06526871884795, 12.353128262886836]]}, "properties": {"id": 272}}, {"type": "Feature", "geometry": {"type": "LineString", "coordinates": [[75.35321825226818, 12.354008594192297], [75.35293778014827, 12.353733580637048], [75.35265730861427, 12.353458566771543], [75.35237720621771, 12.35345892925343], [75.35265730861427, 12.353458566771543]]}, "properties": {"id": 273}}, {"type": "Feature", "geometry": {"type": "LineString", "coordinates": [[75.0708685654741, 12.344590027990247], [75.07114866355685, 12.344589955025551], [75.07142876163782, 12.344589881773043], [75.07114866355685, 12.344589955025551]]}, "properties": {"id": 274}}, {"type": "Feature", "geometry": {"type": "LineString", "coordinates": [[75.0795508569707, 12.342109195766033], [75.07983095236035, 12.342109113896068], [75.08011104774798, 12.34210903173835], [75.08039105913163, 12.341833567439059], [75.08067106992995, 12.341558102850268], [75.08095116472617, 12.341558019833105], [75.08123125952037, 12.3415579365282], [75.08095116472617, 12.341558019833105]]}, "properties": {"id": 275}}, {"type": "Feature", "geometry": {"type": "LineString", "coordinates": [[75.08039063915211, 12.340456658086687], [75.08039072314396, 12.340732039968264], [75.08067090135079, 12.341007339118672], [75.08095108014292, 12.341282637971991], [75.08095116472617, 12.341558019833105]]}, "properties": {"id": 276}}, {"type": "Feature", "geometry": {"type": "LineString", "coordinates": [[75.08179093636606, 12.339905477839816], [75.08179102181703, 12.34018085972292], [75.08179110727002, 12.340456241600474], [75.08151101365053, 12.340456325473145], [75.08179110727002, 12.340456241600474]]}, "properties": {"id": 277}}, {"type": "Feature", "geometry": {"type": "LineString", "coordinates": [[75.09187380428206, 12.338525357824436], [75.09215389577253, 12.338525263321577], [75.09243398726068, 12.33852516853105], [75.09215389577253, 12.338525263321577]]}, "properties": {"id": 278}}, {"type": "Feature", "geometry": {"type": "LineString", "coordinates": [[75.67584608633177, 12.336601933926966], [75.67556531054902, 12.336327264811363], [75.67556460499708, 12.336051901827886], [75.67584467462599, 12.336051207997524], [75.67556460499708, 12.336051901827886]]}, "properties": {"id": 279}}, {"type": "Feature", "geometry": {"type": "LineString", "coordinates": [[75.07058632865537, 12.336604024291686], [75.07058625493252, 12.336328642264435], [75.07058618121145, 12.336053260231632], [75.07086627022436, 12.336053187606536], [75.07058618121145, 12.336053260231632]]}, "properties": {"id": 280}}, {"type": "Feature", "geometry": {"type": "LineString", "coordinates": [[75.07254665273206, 12.335501981757607], [75.07282666509151, 12.335226525086785], [75.07282658903755, 12.334951143045336], [75.07310667686596, 12.334951068126268], [75.07282658903755, 12.334951143045336]]}, "properties": {"id": 281}}, {"type": "Feature", "geometry": {"type": "LineString", "coordinates": [[75.06918501363184, 12.333299798327209], [75.06890499948187, 12.333575251308522], [75.06862491308914, 12.333575321905743], [75.06834482669467, 12.33357539221541], [75.06862491308914, 12.333575321905743]]}, "properties": {"id": 282}}, {"type": "Feature", "geometry": {"type": "LineString", "coordinates": [[75.11119279870896, 12.321169105765428], [75.11147287160414, 12.32116899157923], [75.11175282792846, 12.32089349508442], [75.11203290052588, 12.320893380326364], [75.11231297312048, 12.320893265281068], [75.11259304571226, 12.32089314994853], [75.11259316315675, 12.321168531961945], [75.11259328060405, 12.321443913969814], [75.11287335377729, 12.321443798344706], [75.11259328060405, 12.321443913969814]]}, "properties": {"id": 283}}, {"type": "Feature", "geometry": {"type": "LineString", "coordinates": [[75.07814369034935, 12.319528269128481], [75.07842376177292, 12.319528188848903], [75.07870383319451, 12.319528108282118], [75.07898390461413, 12.319528027428118], [75.07926397603177, 12.319527946286906], [75.07898390461413, 12.319528027428118]]}, "properties": {"id": 284}}, {"type": "Feature", "geometry": {"type": "LineString", "coordinates": [[75.08262414355949, 12.31732389168796], [75.08290412616557, 12.317048424492912], [75.08318419492605, 12.317048339348398], [75.08290412616557, 12.317048424492912]]}, "properties": {"id": 285}}, {"type": "Feature", "geometry": {"type": "LineString", "coordinates": [[75.08010260327708, 12.314295436290099], [75.08038266913805, 12.31429535403605], [75.0806628190889, 12.314570653901525], [75.08066290318284, 12.314846036302582], [75.0809429696237, 12.314845953470549], [75.08066290318284, 12.314846036302582]]}, "properties": {"id": 286}}, {"type": "Feature", "geometry": {"type": "LineString", "coordinates": [[75.08178231640802, 12.312091879068653], [75.08150233784419, 12.312367345187882], [75.08178240165138, 12.312367261511907], [75.08150233784419, 12.312367345187882]]}, "properties": {"id": 287}}, {"type": "Feature", "geometry": {"type": "LineString", "coordinates": [[75.09914583671932, 12.310984601405103], [75.0994258989238, 12.31098449965741], [75.09970585721241, 12.310709015288916], [75.09998581491729, 12.310433530632599], [75.1002658765305, 12.310433428028617], [75.1005460429277, 12.310708707469882], [75.10082620990863, 12.310983986613861], [75.10110627209804, 12.310983883144136], [75.10082620990863, 12.310983986613861]]}, "properties": {"id": 288}}, {"type": "Feature", "geometry": {"type": "LineString", "coordinates": [[75.08010151785663, 12.310715464450746], [75.07982145578865, 12.310715546393157], [75.07954139371864, 12.310715628048571], [75.07926133164665, 12.310715709416982], [75.07926141425283, 12.310991091905052], [75.0795414766167, 12.310991010534762], [75.07926141425283, 12.310991091905052]]}, "properties": {"id": 289}}, {"type": "Feature", "geometry": {"type": "LineString", "coordinates": [[75.13947461965601, 12.310691612804055], [75.13947447429945, 12.310416230865783], [75.13947432894639, 12.31014084892197], [75.13975438984308, 12.31014070585554], [75.13947432894639, 12.31014084892197]]}, "properties": {"id": 290}}, {"type": "Feature", "geometry": {"type": "LineString", "coordinates": [[75.0873817651006, 12.306582496081607], [75.08766191406396, 12.30685778893323], [75.08794197198738, 12.306857698983872], [75.08822193799548, 12.306582226239744], [75.08850199562268, 12.306582135718656], [75.08822193799548, 12.306582226239744]]}, "properties": {"id": 291}}, {"type": "Feature", "geometry": {"type": "LineString", "coordinates": [[75.08374092842104, 12.306308253012858], [75.08346095799969, 12.306583721202529], [75.08318090033367, 12.306583806559418], [75.08346095799969, 12.306583721202529]]}, "properties": {"id": 292}}, {"type": "Feature", "geometry": {"type": "LineString", "coordinates": [[75.09046239895044, 12.306581494037843], [75.09074245655965, 12.306581401221557], [75.0910225141666, 12.306581308118371], [75.09074245655965, 12.306581401221557]]}, "properties": {"id": 293}}, {"type": "Feature", "geometry": {"type": "LineString", "coordinates": [[75.11034613826433, 12.305748044134905], [75.1103462532192, 12.306023426474143], [75.11062631006556, 12.306023313293217], [75.11090636690909, 12.306023199825402], [75.11062631006556, 12.306023313293217]]}, "properties": {"id": 294}}, {"type": "Feature", "geometry": {"type": "LineString", "coordinates": [[75.08794123907886, 12.304654638749291], [75.08766127480357, 12.304930111232842], [75.08738121892023, 12.30493020088083], [75.0871011630347, 12.304930290241956], [75.08738121892023, 12.30493020088083]]}, "properties": {"id": 295}}, {"type": "Feature", "geometry": {"type": "LineString", "coordinates": [[75.08486027390934, 12.303554081892877], [75.08458021946292, 12.303554168662254], [75.08430016501438, 12.303554255144807], [75.08402011056371, 12.30355434134053], [75.08430016501438, 12.303554255144807]]}, "properties": {"id": 296}}, {"type": "Feature", "geometry": {"type": "LineString", "coordinates": [[75.09214101700493, 12.301624047284983], [75.09242106934963, 12.301623952786528], [75.09270112169202, 12.30162385800129], [75.09298127086325, 12.30189914550042], [75.09326122636979, 12.301623667570473], [75.09354127870516, 12.30162357192489], [75.09326122636979, 12.301623667570473]]}, "properties": {"id": 297}}, {"type": "Feature", "geometry": {"type": "LineString", "coordinates": [[75.0823396122958, 12.303004087252758], [75.08261966617563, 12.303004002781893], [75.08289963371321, 12.302728535400444], [75.0831796872972, 12.302728450357915], [75.08289963371321, 12.302728535400444]]}, "properties": {"id": 298}}, {"type": "Feature", "geometry": {"type": "LineString", "coordinates": [[75.08850079716204, 12.303002162639697], [75.08878075852921, 12.302726689277726], [75.08906081206786, 12.302726598212239], [75.08906071931304, 12.302451215627602], [75.08906062656044, 12.302175833037428], [75.08934067951353, 12.302175741689348], [75.08906062656044, 12.302175833037428]]}, "properties": {"id": 299}}, {"type": "Feature", "geometry": {"type": "LineString", "coordinates": [[75.09578199655314, 12.30244894406612], [75.09578189680069, 12.302173561528331], [75.09578179705062, 12.30189817898501], [75.09578169730297, 12.30162279643615], [75.09606164958007, 12.30134731565741], [75.09578149781488, 12.30107203132182], [75.09578139807445, 12.300796648756352], [75.09606144951353, 12.300796550536543], [75.09578139807445, 12.300796648756352]]}, "properties": {"id": 300}}, {"type": "Feature", "geometry": {"type": "LineString", "coordinates": [[75.08289894306655, 12.300525474210982], [75.08261889181362, 12.30052555895107], [75.0823388405586, 12.300525643404406], [75.08261889181362, 12.30052555895107]]}, "properties": {"id": 301}}, {"type": "Feature", "geometry": {"type": "LineString", "coordinates": [[75.0991420151825, 12.30079545119243], [75.09942196306308, 12.300519966990453], [75.0997020141786, 12.300519865045105], [75.09998206529163, 12.300519762813003], [75.0997020141786, 12.300519865045105]]}, "properties": {"id": 302}}, {"type": "Feature", "geometry": {"type": "LineString", "coordinates": [[75.08821973274672, 12.29997304439001], [75.08849978337346, 12.299972953919003], [75.08821973274672, 12.29997304439001], [75.08849978337346, 12.299972953919003]]}, "properties": {"id": 303}}, {"type": "Feature", "geometry": {"type": "LineString", "coordinates": [[75.0913000043285, 12.299145885552717], [75.09158005405563, 12.29914579193404], [75.09158014940786, 12.299421174565907], [75.09186019942426, 12.29942108065834], [75.09158014940786, 12.299421174565907]]}, "properties": {"id": 304}}, {"type": "Feature", "geometry": {"type": "LineString", "coordinates": [[75.08373752760137, 12.295568329405], [75.08373744044293, 12.295292946637696], [75.08401739870027, 12.295017478017371], [75.08429744411181, 12.295017391883261], [75.08401739870027, 12.295017478017371]]}, "properties": {"id": 305}}, {"type": "Feature", "geometry": {"type": "LineString", "coordinates": [[75.0856974035605, 12.294190808603677], [75.08541735903401, 12.294190896164837], [75.08513731450537, 12.294190983439396], [75.08513722590021, 12.2939156006544], [75.08541727013738, 12.293915513381855], [75.08513722590021, 12.2939156006544]]}, "properties": {"id": 306}}, {"type": "Feature", "geometry": {"type": "LineString", "coordinates": [[75.1027788319118, 12.29088033330044], [75.10277872497625, 12.290604950588852], [75.10277861804327, 12.290329567871723], [75.10305865834334, 12.290329462575256], [75.10277861804327, 12.290329567871723]]}, "properties": {"id": 307}}, {"type": "Feature", "geometry": {"type": "LineString", "coordinates": [[75.1024980445712, 12.288952759200974], [75.10277819033722, 12.289228036947916], [75.10305822947193, 12.289227931661177], [75.10277819033722, 12.289228036947916]]}, "properties": {"id": 308}}, {"type": "Feature", "geometry": {"type": "LineString", "coordinates": [[75.10193711859499, 12.28674990612188], [75.10221704880146, 12.28647441891689], [75.1024970850284, 12.286474314227286], [75.10221704880146, 12.28647441891689]]}, "properties": {"id": 309}}, {"type": "Feature", "geometry": {"type": "LineString", "coordinates": [[75.09997457580532, 12.280692205657274], [75.09969464931076, 12.280967690656565], [75.09997478367083, 12.281242971520925], [75.10025491861316, 12.28151825208874], [75.10053494961646, 12.281518149446729], [75.10081498061722, 12.281518046518416], [75.10109490651443, 12.28124256038977], [75.10137493721899, 12.281242456891253], [75.10165496792102, 12.281242353106448], [75.10137493721899, 12.281242456891253]]}, "properties": {"id": 310}}, {"type": "Feature", "geometry": {"type": "LineString", "coordinates": [[75.69475613189189, 12.28533667445529], [75.69475540939065, 12.285061311556133], [75.69475468690686, 12.284785948651407], [75.69475396444052, 12.284510585741117], [75.69503397831807, 12.284509875140227], [75.69475396444052, 12.284510585741117]]}, "properties": {"id": 311}}, {"type": "Feature", "geometry": {"type": "LineString", "coordinates": [[75.09745521639262, 12.2831715603135], [75.09717518361512, 12.283171659820026], [75.09689515083517, 12.283171759040215], [75.09689525158633, 12.283447141950624], [75.09717528465747, 12.283447042728142], [75.09689525158633, 12.283447141950624]]}, "properties": {"id": 312}}, {"type": "Feature", "geometry": {"type": "LineString", "coordinates": [[75.10977642779775, 12.28261613293951], [75.11005645987584, 12.282616020553002], [75.11033649195114, 12.28261590788017], [75.11061652402367, 12.282615794921014], [75.11089644079186, 12.282340298871215], [75.11117647256766, 12.282340185342035], [75.1114565043407, 12.282340071526537], [75.1117364199387, 12.282064574622764], [75.11201645141496, 12.282064460237276], [75.1117364199387, 12.282064574622764]]}, "properties": {"id": 313}}, {"type": "Feature", "geometry": {"type": "LineString", "coordinates": [[75.11733765892694, 12.283439146198061], [75.11761769180141, 12.283439026072495], [75.11789772467293, 12.283438905660585], [75.11761769180141, 12.283439026072495]]}, "properties": {"id": 314}}, {"type": "Feature", "geometry": {"type": "LineString", "coordinates": [[75.08933361471668, 12.28124664880652], [75.08905358390929, 12.281246739994511], [75.08877355309966, 12.281246830896213], [75.08905358390929, 12.281246739994511]]}, "properties": {"id": 315}}, {"type": "Feature", "geometry": {"type": "LineString", "coordinates": [[75.09521416215784, 12.280969284757125], [75.09549419262315, 12.280969187272973], [75.09577422308602, 12.280969089502536], [75.09549419262315, 12.280969187272973]]}, "properties": {"id": 316}}, {"type": "Feature", "geometry": {"type": "LineString", "coordinates": [[75.0924133770405, 12.279593328818107], [75.09241328098065, 12.27931794579455], [75.09241318492312, 12.27904256276547], [75.09269321337436, 12.279042468159467], [75.09241318492312, 12.27904256276547]]}, "properties": {"id": 317}}, {"type": "Feature", "geometry": {"type": "LineString", "coordinates": [[75.10865528280509, 12.280138133997797], [75.10893542551563, 12.280413405646415], [75.10893553875997, 12.280688788507595], [75.10921556880837, 12.280688676998087], [75.10893553875997, 12.280688788507595]]}, "properties": {"id": 318}}, {"type": "Feature", "geometry": {"type": "LineString", "coordinates": [[75.10921443357724, 12.277934848163325], [75.1094943469131, 12.277659353482074], [75.10977425966688, 12.277383858514263], [75.11005428621424, 12.27738374617707], [75.10977425966688, 12.277383858514263]]}, "properties": {"id": 319}}, {"type": "Feature", "geometry": {"type": "LineString", "coordinates": [[75.0952124797791, 12.2762877734515], [75.09549250529642, 12.276287676005627], [75.0952124797791, 12.2762877734515], [75.09549250529642, 12.276287676005627]]}, "properties": {"id": 320}}, {"type": "Feature", "geometry": {"type": "LineString", "coordinates": [[75.10669374570165, 12.276834309433045], [75.10697377169689, 12.276834200249079], [75.10725390915215, 12.27710947372727], [75.10725402061756, 12.27738485667008], [75.10725413208564, 12.277660239607371], [75.10697421639976, 12.277935732019406], [75.10725424355644, 12.277935622539134], [75.10697421639976, 12.277935732019406]]}, "properties": {"id": 321}}, {"type": "Feature", "geometry": {"type": "LineString", "coordinates": [[75.09969205905222, 12.274083115575078], [75.0999720822026, 12.274083013569312], [75.10025200119078, 12.273807528207064], [75.1005320240452, 12.273807425631427], [75.10081204689708, 12.273807322769683], [75.1005320240452, 12.273807425631427]]}, "properties": {"id": 322}}, {"type": "Feature", "geometry": {"type": "LineString", "coordinates": [[75.10361227527552, 12.273806278416044], [75.10389229809918, 12.273806172407058], [75.10417221269006, 12.273530683069865], [75.10445223521756, 12.273530576491122]]}, "properties": {"id": 323}}, {"type": "Feature", "geometry": {"type": "LineString", "coordinates": [[75.10809264013692, 12.273804547938852], [75.1083727755148, 12.274079820351005], [75.10865279858409, 12.274079709475554], [75.10893270847194, 12.273804215320181], [75.10921273124481, 12.273804103875069], [75.10893270847194, 12.273804215320181]]}, "properties": {"id": 324}}, {"type": "Feature", "geometry": {"type": "LineString", "coordinates": [[75.09297121292944, 12.273259328472072], [75.09325123526516, 12.273259233339763], [75.09325133214672, 12.273534616478301], [75.09353145194588, 12.273809904188488], [75.09381147485877, 12.273809808479557], [75.0940914977693, 12.273809712484518], [75.09381147485877, 12.273809808479557]]}, "properties": {"id": 325}}, {"type": "Feature", "geometry": {"type": "LineString", "coordinates": [[75.09465144524472, 12.273534136514176], [75.09493146785721, 12.273534039663033], [75.09521149046732, 12.273533942525784], [75.09549151307503, 12.273533845102431], [75.09577153568036, 12.27353374739297], [75.09605155828328, 12.273533649397402], [75.09633158088378, 12.27353355111573], [75.09605155828328, 12.273533649397402]]}, "properties": {"id": 326}}, {"type": "Feature", "geometry": {"type": "LineString", "coordinates": [[75.11229228160356, 12.272150561204661], [75.11201226060672, 12.272150675781118], [75.11229228160356, 12.272150561204661], [75.11201226060672, 12.272150675781118]]}, "properties": {"id": 327}}, {"type": "Feature", "geometry": {"type": "LineString", "coordinates": [[75.09969091983417, 12.271053901445299], [75.09997093978463, 12.271053799465465], [75.1002508556006, 12.27077831406846], [75.10053087525517, 12.270778211518904], [75.1002508556006, 12.27077831406846]]}, "properties": {"id": 328}}, {"type": "Feature", "geometry": {"type": "LineString", "coordinates": [[75.63703631633726, 12.270331818004964], [75.63731698048232, 12.270606533587184], [75.63731764244983, 12.270881900005124], [75.63759830748324, 12.271156615245113], [75.63787831051717, 12.271155963786736], [75.63759830748324, 12.271156615245113]]}, "properties": {"id": 329}}, {"type": "Feature", "geometry": {"type": "LineString", "coordinates": [[75.09745015283737, 12.26940240797665], [75.09773027256459, 12.269677691478789], [75.0980102910782, 12.269677591512837], [75.09801039287345, 12.269952974684779], [75.09829041167544, 12.269952874430496], [75.09801039287345, 12.269952974684779]]}, "properties": {"id": 330}}, {"type": "Feature", "geometry": {"type": "LineString", "coordinates": [[75.72159621952747, 12.270122267057193], [75.72159696899924, 12.270397628651741], [75.72187771611205, 12.27067225300859], [75.7218784659108, 12.270947614574968], [75.72187921572771, 12.271222976135775], [75.72215921391404, 12.271222238583595], [75.72187921572771, 12.271222976135775]]}, "properties": {"id": 331}}, {"type": "Feature", "geometry": {"type": "LineString", "coordinates": [[75.0809291575102, 12.269683166031076], [75.08064905509808, 12.269407865241941], [75.08064897133843, 12.26913248192817], [75.08092890535879, 12.268857016095481], [75.08092882131237, 12.268581632772579], [75.08120875446235, 12.26830616664859], [75.08148877165466, 12.268306083567051], [75.08120875446235, 12.26830616664859]]}, "properties": {"id": 332}}, {"type": "Feature", "geometry": {"type": "LineString", "coordinates": [[75.11229111522859, 12.269396730944859], [75.1122909986066, 12.2691213478885], [75.11201098080912, 12.269121462435825], [75.11173084697126, 12.268846193629981], [75.11201086448077, 12.268846079371299], [75.11173084697126, 12.268846193629981]]}, "properties": {"id": 333}}, {"type": "Feature", "geometry": {"type": "LineString", "coordinates": [[75.17109448506764, 12.268815574294845], [75.17109430738314, 12.268540191930073], [75.17137432384831, 12.268540017045286], [75.17165434030916, 12.268539841874514], [75.17137432384831, 12.268540017045286]]}, "properties": {"id": 334}}, {"type": "Feature", "geometry": {"type": "LineString", "coordinates": [[75.09912810064891, 12.263618757813965], [75.09884808854169, 12.263618858872547], [75.09884798593103, 12.26334347558059], [75.09912799774757, 12.263343374524343], [75.09884798593103, 12.26334347558059]]}, "properties": {"id": 335}}, {"type": "Feature", "geometry": {"type": "LineString", "coordinates": [[75.11732936916614, 12.264713108258846], [75.11760950435702, 12.264988371415042], [75.11788951773536, 12.264988251189434], [75.11816940842911, 12.26471274759037], [75.11844942151085, 12.264712626795756], [75.11872943458958, 12.26471250571525], [75.11844942151085, 12.264712626795756]]}, "properties": {"id": 336}}, {"type": "Feature", "geometry": {"type": "LineString", "coordinates": [[75.10920796799674, 12.26223801325651], [75.10892784437573, 12.26196274136221], [75.10864794687417, 12.26223823564456], [75.10892795743682, 12.26223812459345], [75.10864794687417, 12.26223823564456]]}, "properties": {"id": 337}}, {"type": "Feature", "geometry": {"type": "LineString", "coordinates": [[75.11704801955932, 12.26168401346016], [75.11704814104583, 12.261959396619554], [75.11732827301282, 12.26223466014729], [75.11760828348741, 12.262234540235324], [75.11732827301282, 12.26223466014729]]}, "properties": {"id": 338}}, {"type": "Feature", "geometry": {"type": "LineString", "coordinates": [[75.09884716513507, 12.26114040904622], [75.09912717462652, 12.261140308008674], [75.09940718411548, 12.26114020668532], [75.09912717462652, 12.261140308008674]]}, "properties": {"id": 339}}, {"type": "Feature", "geometry": {"type": "LineString", "coordinates": [[75.10220515784218, 12.255631510420926], [75.10248526780981, 12.25590678941758], [75.10276537835841, 12.2561820681182], [75.10276548497137, 12.256457451520307], [75.1027655915869, 12.256732834916903], [75.102765698205, 12.257008218307979], [75.10304570330261, 12.257008113305565], [75.102765698205, 12.257008218307979]]}, "properties": {"id": 340}}, {"type": "Feature", "geometry": {"type": "LineString", "coordinates": [[75.09856592823184, 12.257835909306188], [75.09828592222223, 12.25783600974423], [75.09828582024473, 12.257560626331726], [75.0982857182697, 12.257285242913703], [75.09856572369826, 12.257285142480312], [75.0982857182697, 12.257285242913703]]}, "properties": {"id": 341}}, {"type": "Feature", "geometry": {"type": "LineString", "coordinates": [[75.11340636069312, 12.258105560484104], [75.11368648481145, 12.258380827877858], [75.11396649125555, 12.258380711719365], [75.11424649769681, 12.258380595275128], [75.11396649125555, 12.258380711719365]]}, "properties": {"id": 342}}, {"type": "Feature", "geometry": {"type": "LineString", "coordinates": [[75.11704595473822, 12.257002498906113], [75.117326081422, 12.257277762582994], [75.11760608666626, 12.257277642720952], [75.11788609190756, 12.2572775225732], [75.11760608666626, 12.257277642720952]]}, "properties": {"id": 343}}, {"type": "Feature", "geometry": {"type": "LineString", "coordinates": [[75.73303499542192, 12.255222311121022], [75.73303575582065, 12.25549767231194], [75.73303651623777, 12.255773033497295], [75.73331649742107, 12.255772285476077], [75.73303651623777, 12.255773033497295]]}, "properties": {"id": 344}}, {"type": "Feature", "geometry": {"type": "LineString", "coordinates": [[75.10892524472577, 12.255628925520469], [75.1086451284314, 12.25535365314368], [75.10892513173032, 12.255353542156794], [75.1086451284314, 12.25535365314368]]}, "properties": {"id": 345}}, {"type": "Feature", "geometry": {"type": "LineString", "coordinates": [[75.74674705237274, 12.25270708067662], [75.74702625472254, 12.252430958482647], [75.74702548001176, 12.252155598104153], [75.74730468150945, 12.251879475666469], [75.7475846576804, 12.251878713327345], [75.74730468150945, 12.251879475666469]]}, "properties": {"id": 346}}, {"type": "Feature", "geometry": {"type": "LineString", "coordinates": [[75.13496514562655, 12.254791205510017], [75.13524500776786, 12.25451568456742], [75.1355251504836, 12.254790929557675], [75.13580515290703, 12.254790791153022], [75.1355251504836, 12.254790929557675]]}, "properties": {"id": 347}}, {"type": "Feature", "geometry": {"type": "LineString", "coordinates": [[75.09940429631177, 12.253429471164981], [75.09968429766393, 12.253429369621635], [75.09996429901358, 12.253429267792663], [75.1002443003607, 12.253429165678071], [75.09996429901358, 12.253429267792663]]}, "properties": {"id": 348}}, {"type": "Feature", "geometry": {"type": "LineString", "coordinates": [[75.65014916968428, 12.251025304837116], [75.65014849551602, 12.250749938718513], [75.65014782136407, 12.250474572594365], [75.6504271274548, 12.250198543304155], [75.65070710766484, 12.250197879858161], [75.6504271274548, 12.250198543304155]]}, "properties": {"id": 349}}, {"type": "Feature", "geometry": {"type": "LineString", "coordinates": [[75.12068263933406, 12.249565573227947], [75.12096251099229, 12.249290066648896], [75.12124250777579, 12.249289943155489], [75.12152250455624, 12.249289819376557], [75.12180250133365, 12.249289695312108], [75.12208249810799, 12.249289570962128], [75.12236249487927, 12.249289446326634], [75.12208249810799, 12.249289570962128]]}, "properties": {"id": 350}}, {"type": "Feature", "geometry": {"type": "LineString", "coordinates": [[75.73022155660944, 12.250273269783657], [75.73022231377453, 12.25054863124739], [75.73050228962556, 12.250547886409707], [75.73022231377453, 12.25054863124739]]}, "properties": {"id": 351}}, {"type": "Feature", "geometry": {"type": "LineString", "coordinates": [[75.10640300520619, 12.25012224536209], [75.10668289239106, 12.249846753214005], [75.1069627789953, 12.249571260779904], [75.10696266809217, 12.249295877277044], [75.10696255719175, 12.249020493768672], [75.106962446294, 12.248745110254792], [75.10724244264011, 12.248745001042613], [75.106962446294, 12.248745110254792]]}, "properties": {"id": 352}}, {"type": "Feature", "geometry": {"type": "LineString", "coordinates": [[75.76297066078874, 12.24743059437461], [75.76269069030376, 12.247431372127533], [75.762691480945, 12.24770673160256], [75.76297145172013, 12.247705953831625], [75.762691480945, 12.24770673160256]]}, "properties": {"id": 353}}, {"type": "Feature", "geometry": {"type": "LineString", "coordinates": [[75.74476945165787, 12.24637911220487], [75.74504942219325, 12.246378352786927], [75.74533016528613, 12.246652953684581], [75.74561013607425, 12.246652193678317], [75.74589088001882, 12.246926793946882], [75.74589165321272, 12.247202154501517], [75.74589242642534, 12.247477515050596], [75.7461723980465, 12.247476754420754], [75.74589242642534, 12.247477515050596]]}, "properties": {"id": 354}}, {"type": "Feature", "geometry": {"type": "LineString", "coordinates": [[75.1204000212909, 12.243782644141055], [75.12068013734347, 12.24405790475705], [75.12096012861545, 12.244057781603368], [75.12124011988439, 12.24405765816429], [75.1215201111503, 12.244057534439815], [75.12124011988439, 12.24405765816429]]}, "properties": {"id": 355}}, {"type": "Feature", "geometry": {"type": "LineString", "coordinates": [[75.16239829469797, 12.243210259107935], [75.16239846299257, 12.243485642102439], [75.16267845315433, 12.24348547643239], [75.16295844331201, 12.243485310476963], [75.16267845315433, 12.24348547643239]]}, "properties": {"id": 356}}, {"type": "Feature", "geometry": {"type": "LineString", "coordinates": [[75.12431950829945, 12.242954747689822], [75.12459949837078, 12.242954620837734], [75.12487948843899, 12.242954493700273], [75.12515947850406, 12.242954366277436], [75.12543946856599, 12.242954238569233], [75.12515947850406, 12.242954366277436]]}, "properties": {"id": 357}}, {"type": "Feature", "geometry": {"type": "LineString", "coordinates": [[75.76602175922872, 12.23750908324884], [75.7663017190423, 12.237508302722519], [75.76658167883669, 12.237507521911052], [75.76686163861181, 12.237506740814446], [75.7671415983677, 12.237505959432696], [75.76686163861181, 12.237506740814446]]}, "properties": {"id": 358}}, {"type": "Feature", "geometry": {"type": "LineString", "coordinates": [[75.12879748078001, 12.239097315457471], [75.12907746673912, 12.23909718408207], [75.12879748078001, 12.239097315457471], [75.12907746673912, 12.23909718408207]]}, "properties": {"id": 359}}, {"type": "Feature", "geometry": {"type": "LineString", "coordinates": [[75.13747647433226, 12.237991576541704], [75.13747633193032, 12.237716193121896], [75.13775631633561, 12.237716052919133], [75.13803630073741, 12.23771591243112], [75.13775631633561, 12.237716052919133]]}, "properties": {"id": 360}}, {"type": "Feature", "geometry": {"type": "LineString", "coordinates": [[75.1307562988796, 12.23689332189442], [75.13047645040194, 12.237168838472233], [75.13075643431137, 12.237168705406754], [75.13047645040194, 12.237168838472233]]}, "properties": {"id": 361}}, {"type": "Feature", "geometry": {"type": "LineString", "coordinates": [[75.12851603051679, 12.236068227763774], [75.12823618055346, 12.236343742091655], [75.12823631336883, 12.236619125642529], [75.12851629672429, 12.236618994864958], [75.12823631336883, 12.236619125642529]]}, "properties": {"id": 362}}, {"type": "Feature", "geometry": {"type": "LineString", "coordinates": [[75.12487534894662, 12.23414222024739], [75.12487547825717, 12.23441760387819], [75.12515545933114, 12.234417476546861], [75.12487547825717, 12.23441760387819]]}, "properties": {"id": 363}}, {"type": "Feature", "geometry": {"type": "LineString", "coordinates": [[75.11759633458985, 12.235246965482046], [75.11759621280844, 12.23497158179335], [75.11787619454147, 12.234971461870781], [75.11759621280844, 12.23497158179335]]}, "properties": {"id": 364}}, {"type": "Feature", "geometry": {"type": "LineString", "coordinates": [[75.1707926810599, 12.234943676125749], [75.17079250419361, 12.23466829307841], [75.17107248494844, 12.234668118976069], [75.17079250419361, 12.23466829307841]]}, "properties": {"id": 365}}, {"type": "Feature", "geometry": {"type": "LineString", "coordinates": [[75.14083410258571, 12.233859123958783], [75.14083424841833, 12.23413450741629], [75.1411142290121, 12.234134363833864], [75.14083424841833, 12.23413450741629]]}, "properties": {"id": 366}}, {"type": "Feature", "geometry": {"type": "LineString", "coordinates": [[75.13383403955315, 12.232761086552538], [75.13355419860066, 12.233036606268815], [75.13383417812445, 12.233036470113136], [75.13355419860066, 12.233036606268815]]}, "properties": {"id": 367}}, {"type": "Feature", "geometry": {"type": "LineString", "coordinates": [[75.13103424706422, 12.232762435247096], [75.13075440317964, 12.23303795214332], [75.13103438273663, 12.233037818838964], [75.13075440317964, 12.23303795214332]]}, "properties": {"id": 368}}, {"type": "Feature", "geometry": {"type": "LineString", "coordinates": [[75.16379145757186, 12.23219410439399], [75.16351131003002, 12.231918887842099], [75.16323150105796, 12.232194437415178], [75.16295152279487, 12.232194603498101], [75.16267154452767, 12.232194769295916], [75.16295152279487, 12.232194603498101]]}, "properties": {"id": 369}}, {"type": "Feature", "geometry": {"type": "LineString", "coordinates": [[75.21866620182712, 12.231054406760846], [75.21838622567158, 12.231054629274611], [75.21810624951058, 12.231054851503302], [75.21782604784576, 12.230779691093177], [75.21810602372241, 12.230779469154715], [75.21782604784576, 12.230779691093177]]}, "properties": {"id": 370}}, {"type": "Feature", "geometry": {"type": "LineString", "coordinates": [[75.10415503736081, 12.229744709186296], [75.10443501371998, 12.229744602999144], [75.1047149900765, 12.229744496526935], [75.10443501371998, 12.229744602999144]]}, "properties": {"id": 371}}, {"type": "Feature", "geometry": {"type": "LineString", "coordinates": [[75.1338287763329, 12.222296507169604], [75.13354880810952, 12.222296643202183], [75.1338287763329, 12.222296507169604], [75.13354880810952, 12.222296643202183]]}, "properties": {"id": 372}}, {"type": "Feature", "geometry": {"type": "LineString", "coordinates": [[75.16686206731183, 12.217596937418158], [75.16714203016382, 12.217596767552669], [75.16742216613817, 12.217871980839021], [75.16742233926892, 12.218147364270129], [75.16770230269154, 12.218147193827205], [75.16742233926892, 12.218147364270129]]}, "properties": {"id": 373}}, {"type": "Feature", "geometry": {"type": "LineString", "coordinates": [[75.71248568448922, 12.21397171440201], [75.71220648225072, 12.214247802018917], [75.71248642100855, 12.214247077671207], [75.71220648225072, 12.214247802018917]]}, "properties": {"id": 374}}, {"type": "Feature", "geometry": {"type": "LineString", "coordinates": [[75.16070055744433, 12.21374523242305], [75.16098051633458, 12.213745068875447], [75.16126047522074, 12.213744905043171], [75.16154043410289, 12.213744740926234], [75.16126047522074, 12.213744905043171]]}, "properties": {"id": 375}}, {"type": "Feature", "geometry": {"type": "LineString", "coordinates": [[75.15874084510024, 12.21374636928559], [75.15874100919658, 12.21402175291857], [75.15874117329689, 12.214297136546053], [75.159021132794, 12.21429697498362], [75.15874117329689, 12.214297136546053]]}, "properties": {"id": 376}}, {"type": "Feature", "geometry": {"type": "LineString", "coordinates": [[75.16349997715197, 12.21346820056313], [75.16377993571209, 12.21346803417271], [75.16349997715197, 12.21346820056313], [75.16377993571209, 12.21346803417271]]}, "properties": {"id": 377}}, {"type": "Feature", "geometry": {"type": "LineString", "coordinates": [[75.19849394239435, 12.212343663429847], [75.19821419043163, 12.212619248165712], [75.19793443789018, 12.212894832620798], [75.19765468476997, 12.21317041679508], [75.19737472704746, 12.213170617624678], [75.19737493107102, 12.213446000688549], [75.19765488908293, 12.213445799854282], [75.19737493107102, 12.213446000688549]]}, "properties": {"id": 378}}, {"type": "Feature", "geometry": {"type": "LineString", "coordinates": [[75.14641992495164, 12.208796286693762], [75.14642007624819, 12.209071670584224], [75.1464202275484, 12.20934705446919], [75.14670018200584, 12.209346905495035], [75.1464202275484, 12.20934705446919]]}, "properties": {"id": 379}}, {"type": "Feature", "geometry": {"type": "LineString", "coordinates": [[75.14921915520657, 12.20824401648905], [75.14949910846978, 12.208243864683368], [75.14977906172926, 12.208243712593152], [75.14949910846978, 12.208243864683368]]}, "properties": {"id": 380}}, {"type": "Feature", "geometry": {"type": "LineString", "coordinates": [[75.14557810805208, 12.205216740677463], [75.145858058182, 12.2052165926086], [75.14613800830827, 12.205216444255273], [75.14641795843087, 12.205216295617483], [75.14669790854981, 12.205216146695227], [75.14641795843087, 12.205216295617483]]}, "properties": {"id": 381}}, {"type": "Feature", "geometry": {"type": "LineString", "coordinates": [[75.14781755629768, 12.20494016421152], [75.14753745408456, 12.204664930309104], [75.14781740361038, 12.204664780255966], [75.14753745408456, 12.204664930309104]]}, "properties": {"id": 382}}, {"type": "Feature", "geometry": {"type": "LineString", "coordinates": [[75.15173669657932, 12.204662649644735], [75.15201664604878, 12.20466249532484], [75.15229659551444, 12.204662340720496], [75.15257654497627, 12.2046621858317], [75.15285649443426, 12.20466203065845], [75.15257654497627, 12.2046621858317]]}, "properties": {"id": 383}}, {"type": "Feature", "geometry": {"type": "LineString", "coordinates": [[75.16741386080137, 12.204653569677497], [75.16713408419207, 12.20492912334116], [75.16713425683623, 12.205204507034692], [75.16741420666386, 12.205204337062154], [75.16713425683623, 12.205204507034692]]}, "properties": {"id": 384}}, {"type": "Feature", "geometry": {"type": "LineString", "coordinates": [[75.19484745701916, 12.202707850196228], [75.19456751023884, 12.202708048004627], [75.19428756345361, 12.202708245528628], [75.19456751023884, 12.202708048004627]]}, "properties": {"id": 385}}, {"type": "Feature", "geometry": {"type": "LineString", "coordinates": [[75.17833003635694, 12.201892883524826], [75.17832985219945, 12.201617499928457], [75.17804972243562, 12.201342297334259], [75.17804953857615, 12.201066913722691], [75.17832948389788, 12.201066732719228], [75.17804953857615, 12.201066913722691]]}, "properties": {"id": 386}}, {"type": "Feature", "geometry": {"type": "LineString", "coordinates": [[75.12765957838374, 12.201645630575687], [75.12765944655517, 12.201370246320069], [75.12793926074237, 12.201094732241081], [75.12765918290762, 12.200819477792345], [75.1273792371809, 12.200819607322842], [75.12765918290762, 12.200819477792345]]}, "properties": {"id": 387}}, {"type": "Feature", "geometry": {"type": "LineString", "coordinates": [[75.19344672420276, 12.201331919624728], [75.19316677884358, 12.201332115988304], [75.19288683347953, 12.201332312067512], [75.19260688811066, 12.201332507862354], [75.19288683347953, 12.201332312067512]]}, "properties": {"id": 388}}, {"type": "Feature", "geometry": {"type": "LineString", "coordinates": [[75.1444545780612, 12.198332728673307], [75.14445442893093, 12.198057344544486], [75.14445427980426, 12.197781960410168], [75.14473422214346, 12.19778181357133], [75.145014164479, 12.197781666448208], [75.14473422214346, 12.19778181357133]]}, "properties": {"id": 389}}, {"type": "Feature", "geometry": {"type": "LineString", "coordinates": [[75.08174669574093, 12.196430764538093], [75.08146683830054, 12.196706232164448], [75.08174678012216, 12.19670614929796], [75.08202680661395, 12.196981450899651], [75.08202689128825, 12.197256835646604], [75.08230683368369, 12.197256752207712], [75.08202689128825, 12.197256835646604]]}, "properties": {"id": 390}}, {"type": "Feature", "geometry": {"type": "LineString", "coordinates": [[75.12933578629382, 12.194484855408362], [75.1293359197758, 12.1947602397831], [75.12961585912213, 12.194760108329335], [75.1293359197758, 12.1947602397831]]}, "properties": {"id": 391}}, {"type": "Feature", "geometry": {"type": "LineString", "coordinates": [[75.13885141997393, 12.190074077623617], [75.13913135429523, 12.190073936562372], [75.13941128861306, 12.190073795217025], [75.13913135429523, 12.190073936562372]]}, "properties": {"id": 392}}, {"type": "Feature", "geometry": {"type": "LineString", "coordinates": [[75.16768480849095, 12.190333439918431], [75.16740487427296, 12.190333609961835], [75.16768480849095, 12.190333439918431], [75.16740487427296, 12.190333609961835]]}, "properties": {"id": 393}}, {"type": "Feature", "geometry": {"type": "LineString", "coordinates": [[75.1318519727125, 12.187874436145583], [75.13157217632713, 12.188149954277185], [75.1315723120445, 12.188425338753557], [75.13129251479619, 12.188700856599441], [75.13101258182391, 12.188700989690373], [75.13129251479619, 12.188700856599441]]}, "properties": {"id": 394}}, {"type": "Feature", "geometry": {"type": "LineString", "coordinates": [[75.1556460278171, 12.187586653526246], [75.15592595931774, 12.187586495452074], [75.1556460278171, 12.187586653526246], [75.15592595931774, 12.187586495452074]]}, "properties": {"id": 395}}, {"type": "Feature", "geometry": {"type": "LineString", "coordinates": [[75.16208378263919, 12.186481409465035], [75.16236388034854, 12.186756629000923], [75.1623640478079, 12.1870320131231], [75.1626439786353, 12.187031848239638], [75.1623640478079, 12.1870320131231]]}, "properties": {"id": 396}}, {"type": "Feature", "geometry": {"type": "LineString", "coordinates": [[75.21946871061698, 12.185615579799185], [75.21946893695122, 12.185890963023914], [75.21974909227471, 12.186166123434226], [75.22002924817559, 12.186441283544676], [75.22030917743702, 12.186441060162554], [75.22002924817559, 12.186441283544676]]}, "properties": {"id": 397}}, {"type": "Feature", "geometry": {"type": "LineString", "coordinates": [[75.16460162707979, 12.18400146079644], [75.1648815546989, 12.184001293683536], [75.16516148231388, 12.184001126286683], [75.16544140992471, 12.184000958605878], [75.16516148231388, 12.184001126286683]]}, "properties": {"id": 398}}, {"type": "Feature", "geometry": {"type": "LineString", "coordinates": [[75.21582786037925, 12.183415383807551], [75.21582808291735, 12.183690767142986], [75.21582830546086, 12.183966150472934], [75.21610845504388, 12.184241314716195], [75.21638838207258, 12.184241095351036], [75.21610845504388, 12.184241314716195]]}, "properties": {"id": 399}}, {"type": "Feature", "geometry": {"type": "LineString", "coordinates": [[75.19763224061622, 12.182878246724538], [75.19791216654443, 12.182878046123903], [75.19791237060063, 12.183153429782855], [75.19791257466179, 12.183428813436324], [75.19791277872791, 12.183704197084301], [75.19819270551702, 12.183703996185713], [75.19791277872791, 12.183704197084301]]}, "properties": {"id": 400}}, {"type": "Feature", "geometry": {"type": "LineString", "coordinates": [[75.17271845783016, 12.182344194937576], [75.1729983835948, 12.182344019614506], [75.17271845783016, 12.182344194937576], [75.1729983835948, 12.182344019614506]]}, "properties": {"id": 401}}, {"type": "Feature", "geometry": {"type": "LineString", "coordinates": [[75.16040155462719, 12.1820762438357], [75.16012162896317, 12.182076406378853], [75.15984186808792, 12.182351952887796], [75.16012179404456, 12.182351790624773], [75.15984186808792, 12.182351952887796]]}, "properties": {"id": 402}}, {"type": "Feature", "geometry": {"type": "LineString", "coordinates": [[75.19567235550046, 12.182328875570409], [75.19539243011, 12.182329073890417], [75.19511230355923, 12.182053888204702], [75.19511210240873, 12.181778504477407], [75.19511190126312, 12.18150312074462], [75.1951117001224, 12.181227737006349], [75.19539162436344, 12.181227538988688], [75.1951117001224, 12.181227737006349]]}, "properties": {"id": 403}}, {"type": "Feature", "geometry": {"type": "LineString", "coordinates": [[75.14108638385315, 12.181536024272287], [75.14108652930308, 12.181811408770937], [75.14080660366703, 12.181811551721069], [75.14108652930308, 12.181811408770937]]}, "properties": {"id": 404}}, {"type": "Feature", "geometry": {"type": "LineString", "coordinates": [[75.21638548185527, 12.180661111837585], [75.21638570491635, 12.180936495217704], [75.2166656284764, 12.180936275629929], [75.21694577567466, 12.181211439122679], [75.21722569951241, 12.181211218962025], [75.21694577567466, 12.181211439122679]]}, "properties": {"id": 405}}, {"type": "Feature", "geometry": {"type": "LineString", "coordinates": [[75.15676171265126, 12.18070141321552], [75.15648178837846, 12.180701572049381], [75.1562018641017, 12.180701730599365], [75.15648178837846, 12.180701572049381]]}, "properties": {"id": 406}}, {"type": "Feature", "geometry": {"type": "LineString", "coordinates": [[75.13464754476385, 12.180437701874197], [75.13464740596818, 12.180162317273261], [75.13464726717586, 12.179886932666841], [75.13492719086807, 12.179886795984846], [75.13520711455688, 12.179886659018992], [75.13492719086807, 12.179886795984846]]}, "properties": {"id": 407}}, {"type": "Feature", "geometry": {"type": "LineString", "coordinates": [[75.17047799706579, 12.180693282609685], [75.17047817280374, 12.180968666738663], [75.17075809715996, 12.18096849370704], [75.17047817280374, 12.180968666738663]]}, "properties": {"id": 408}}, {"type": "Feature", "geometry": {"type": "LineString", "coordinates": [[75.16208010600268, 12.180422957183701], [75.16208027307982, 12.180698341435921], [75.16236036464247, 12.180973561167466], [75.1626402891198, 12.180973396368396], [75.16236036464247, 12.180973561167466]]}, "properties": {"id": 409}}, {"type": "Feature", "geometry": {"type": "LineString", "coordinates": [[75.15788027054406, 12.178773084764043], [75.15788010782288, 12.178497700416774], [75.15787994510566, 12.17822231606402], [75.1578797823924, 12.177946931705778], [75.15815970376029, 12.177946771489848], [75.1578797823924, 12.177946931705778]]}, "properties": {"id": 410}}, {"type": "Feature", "geometry": {"type": "LineString", "coordinates": [[75.16375829904739, 12.178218891849841], [75.16347820898865, 12.177943673463432], [75.16375813027588, 12.177943507571324], [75.16347820898865, 12.177943673463432]]}, "properties": {"id": 411}}, {"type": "Feature", "geometry": {"type": "LineString", "coordinates": [[75.13688552793694, 12.177682754419173], [75.13716530793562, 12.17740723086529], [75.13744522900058, 12.177407091657754], [75.13716530793562, 12.17740723086529]]}, "properties": {"id": 412}}, {"type": "Feature", "geometry": {"type": "LineString", "coordinates": [[75.21106454565872, 12.177636011374835], [75.211344248055, 12.177360413703717], [75.21162394987434, 12.177084815753298], [75.21190386948659, 12.177084601061422], [75.21162394987434, 12.177084815753298]]}, "properties": {"id": 413}}, {"type": "Feature", "geometry": {"type": "LineString", "coordinates": [[75.15536016968201, 12.177397592078288], [75.1550800890351, 12.177122365037167], [75.15480016848946, 12.177122522120227], [75.1550800890351, 12.177122365037167]]}, "properties": {"id": 414}}, {"type": "Feature", "geometry": {"type": "LineString", "coordinates": [[75.21302332835872, 12.176808355938302], [75.21302310884042, 12.176532972415055], [75.21302288932746, 12.176257588886322], [75.21330280804771, 12.176257372790616], [75.21358272676262, 12.176257156411147], [75.21330280804771, 12.176257372790616]]}, "properties": {"id": 415}}, {"type": "Feature", "geometry": {"type": "LineString", "coordinates": [[75.15787929427638, 12.177120778598152], [75.15787945697777, 12.177396162972846], [75.15787961968311, 12.177671547342056], [75.1578797823924, 12.177946931705778]]}, "properties": {"id": 416}}, {"type": "Feature", "geometry": {"type": "LineString", "coordinates": [[75.16767564553146, 12.175738081294444], [75.16795573751384, 12.176013295440573], [75.16823565671531, 12.176013125035304], [75.16795573751384, 12.176013295440573]]}, "properties": {"id": 417}}, {"type": "Feature", "geometry": {"type": "LineString", "coordinates": [[75.16375627406036, 12.174914280145645], [75.16347635594603, 12.174914445995267], [75.1631964378276, 12.174914611561155], [75.16347635594603, 12.174914445995267]]}, "properties": {"id": 418}}, {"type": "Feature", "geometry": {"type": "LineString", "coordinates": [[75.15899733792925, 12.17436629217747], [75.15871758384996, 12.174641837614407], [75.15871774738092, 12.17491722202725], [75.15843799244041, 12.175192767180723], [75.15871791091587, 12.175192606434607], [75.15843799244041, 12.175192767180723]]}, "properties": {"id": 419}}, {"type": "Feature", "geometry": {"type": "LineString", "coordinates": [[75.1416422931488, 12.174100354170257], [75.14192221069662, 12.174100210462132], [75.14220198173648, 12.173824681831446], [75.14220183523565, 12.173549297187119], [75.14248175219957, 12.173549152918282], [75.14220183523565, 12.173549297187119]]}, "properties": {"id": 420}}, {"type": "Feature", "geometry": {"type": "LineString", "coordinates": [[75.21078136761011, 12.173505471447214], [75.21050145172606, 12.173505684939308], [75.21022153583674, 12.173505898147706], [75.21022175241256, 12.173781281781249], [75.21050166859027, 12.173781068567884], [75.21022175241256, 12.173781281781249]]}, "properties": {"id": 421}}, {"type": "Feature", "geometry": {"type": "LineString", "coordinates": [[75.18418857704555, 12.172422950155484], [75.18446849224168, 12.172422763348616], [75.18474821712243, 12.172147192172893], [75.18474802681632, 12.171871808082228], [75.18474783651484, 12.171596423986077], [75.18502756025156, 12.171320852527687], [75.18530747428048, 12.171320664887281], [75.18502756025156, 12.171320852527687]]}, "properties": {"id": 422}}, {"type": "Feature", "geometry": {"type": "LineString", "coordinates": [[75.20798156575762, 12.172681442549708], [75.20826126628752, 12.17240584793559], [75.20826105175641, 12.172130464240048], [75.20854096624075, 12.172130253042143], [75.20826105175641, 12.172130464240048]]}, "properties": {"id": 423}}, {"type": "Feature", "geometry": {"type": "LineString", "coordinates": [[75.1391218884998, 12.171898557219622], [75.13912174519554, 12.171623172500395], [75.13940166017987, 12.171623031375313], [75.13912174519554, 12.171623172500395]]}, "properties": {"id": 424}}, {"type": "Feature", "geometry": {"type": "LineString", "coordinates": [[75.17747006254056, 12.171601195812253], [75.17747024534559, 12.171876580019555], [75.17719051313391, 12.172152143932175], [75.17747042815506, 12.172151964221378], [75.17719051313391, 12.172152143932175]]}, "properties": {"id": 425}}, {"type": "Feature", "geometry": {"type": "LineString", "coordinates": [[75.17551011900223, 12.170776295030176], [75.17523038587696, 12.171051856991648], [75.17495065217507, 12.171327418672266], [75.17467091789653, 12.171602980072016], [75.17495083238077, 12.171602802922493], [75.17467091789653, 12.171602980072016]]}, "properties": {"id": 426}}, {"type": "Feature", "geometry": {"type": "LineString", "coordinates": [[75.16011436935699, 12.169959494127966], [75.16039444752288, 12.170234716234715], [75.1603946127199, 12.170510100712683], [75.16067452626531, 12.170509938044788], [75.1603946127199, 12.170510100712683]]}, "properties": {"id": 427}}, {"type": "Feature", "geometry": {"type": "LineString", "coordinates": [[75.17858843269107, 12.169672784679012], [75.17886834509517, 12.169672603587838], [75.17858843269107, 12.169672784679012], [75.17886834509517, 12.169672603587838]]}, "properties": {"id": 428}}, {"type": "Feature", "geometry": {"type": "LineString", "coordinates": [[75.15507465758087, 12.16775929177908], [75.15507449790026, 12.167483907175555], [75.15479442805807, 12.167208679517945], [75.15451435879228, 12.166933451563992], [75.15423429010292, 12.166658223313723], [75.15395438050221, 12.166658379407187], [75.15423429010292, 12.166658223313723]]}, "properties": {"id": 429}}, {"type": "Feature", "geometry": {"type": "LineString", "coordinates": [[75.14807673540953, 12.167487745984369], [75.14835664595444, 12.16748759583472], [75.14863640344787, 12.167212060710055], [75.14891631369713, 12.1672119099968], [75.14863640344787, 12.167212060710055]]}, "properties": {"id": 430}}, {"type": "Feature", "geometry": {"type": "LineString", "coordinates": [[75.17690731859646, 12.167195406737148], [75.17718741087874, 12.167470611684447], [75.17746732099921, 12.16747043204481], [75.1777472311152, 12.167470252121612], [75.17746732099921, 12.16747043204481]]}, "properties": {"id": 431}}, {"type": "Feature", "geometry": {"type": "LineString", "coordinates": [[75.21217613921965, 12.167445959173623], [75.2121759207476, 12.167170575448855], [75.21245561121428, 12.1668949766446], [75.21273552014239, 12.166894761287056], [75.21301542906514, 12.166894545645969], [75.21273552014239, 12.166894761287056]]}, "properties": {"id": 432}}, {"type": "Feature", "geometry": {"type": "LineString", "coordinates": [[75.15927299023528, 12.167206134269465], [75.15955273605357, 12.166930588226178], [75.15983264586379, 12.166930426458181], [75.16011255567001, 12.166930264406638], [75.15983264586379, 12.166930426458181]]}, "properties": {"id": 433}}, {"type": "Feature", "geometry": {"type": "LineString", "coordinates": [[75.20097871987068, 12.166077410366636], [75.20069860495919, 12.165802229849275], [75.20097851295223, 12.165802026419412], [75.20069860495919, 12.165802229849275]]}, "properties": {"id": 434}}, {"type": "Feature", "geometry": {"type": "LineString", "coordinates": [[75.14247793693418, 12.166389150329044], [75.1427578463992, 12.166389005864032], [75.14303775586063, 12.16638886111549], [75.14303790313335, 12.166664245892228], [75.14331781287939, 12.166664100856773], [75.14303790313335, 12.166664245892228]]}, "properties": {"id": 435}}, {"type": "Feature", "geometry": {"type": "LineString", "coordinates": [[75.172428405532, 12.16664746904964], [75.17242822799899, 12.166372084663848], [75.1724280504703, 12.166096700272574], [75.17242787294593, 12.165821315875819], [75.17270778141179, 12.165821141081084], [75.17242787294593, 12.165821315875819]]}, "properties": {"id": 436}}, {"type": "Feature", "geometry": {"type": "LineString", "coordinates": [[75.2275702169059, 12.16633217468542], [75.22785012495955, 12.166331944027482], [75.22785035955417, 12.166607327477864], [75.22785059415452, 12.166882710922758], [75.22813050277882, 12.166882479970532], [75.22785059415452, 12.166882710922758]]}, "properties": {"id": 437}}, {"type": "Feature", "geometry": {"type": "LineString", "coordinates": [[75.1970595977152, 12.165529464619164], [75.19733930232267, 12.16525388086035], [75.19733909916538, 12.164978496835564], [75.19761900635385, 12.164978296821868], [75.19789891353737, 12.164978096524672], [75.19761900635385, 12.164978296821868]]}, "properties": {"id": 438}}, {"type": "Feature", "geometry": {"type": "LineString", "coordinates": [[75.17354714944223, 12.1652698462185], [75.17326724156572, 12.165270021855598], [75.17354714944223, 12.1652698462185], [75.17326724156572, 12.165270021855598]]}, "properties": {"id": 439}}, {"type": "Feature", "geometry": {"type": "LineString", "coordinates": [[75.28019166904784, 12.165182297836955], [75.28019138059781, 12.164906915480435], [75.27991118702049, 12.164631816755518], [75.27991089887264, 12.164356434381418], [75.27991061073182, 12.164081052001837], [75.28019051528987, 12.164080768377975], [75.27991061073182, 12.164081052001837]]}, "properties": {"id": 440}}, {"type": "Feature", "geometry": {"type": "LineString", "coordinates": [[75.19593855463992, 12.163602572329456], [75.19593835295287, 12.163327188248582], [75.1956584474636, 12.163327386533577], [75.19593835295287, 12.163327188248582]]}, "properties": {"id": 441}}, {"type": "Feature", "geometry": {"type": "LineString", "coordinates": [[75.22560923450551, 12.164406096746399], [75.2258893731195, 12.164681251636685], [75.22588960566284, 12.164956635157445], [75.22616974514693, 12.165231789737282], [75.22644965207635, 12.16523156051834], [75.22616974514693, 12.165231789737282]]}, "properties": {"id": 442}}, {"type": "Feature", "geometry": {"type": "LineString", "coordinates": [[75.18698137489758, 12.16333339277412], [75.18698118243485, 12.163058008543148], [75.18726089503868, 12.162782434817679], [75.18754080009587, 12.162782245045221], [75.1878208984707, 12.163057439212503], [75.18810080380658, 12.163057248868721], [75.1878208984707, 12.163057439212503]]}, "properties": {"id": 443}}, {"type": "Feature", "geometry": {"type": "LineString", "coordinates": [[75.12540048426807, 12.160063570566232], [75.12568038731162, 12.160063443464887], [75.125960290352, 12.160063316080166], [75.12624019338921, 12.160063188412058], [75.1265199662302, 12.15978767536465], [75.1265198360403, 12.159512290263246], [75.12679973849514, 12.159512162034353], [75.1265198360403, 12.159512290263246]]}, "properties": {"id": 444}}, {"type": "Feature", "geometry": {"type": "LineString", "coordinates": [[75.1612280458337, 12.16004499827532], [75.16150778222055, 12.159769450230284], [75.16178751803136, 12.15949390190402], [75.16178735155515, 12.15921851722588], [75.16206708650599, 12.158942968616763], [75.16234698792493, 12.158942804407904], [75.1626268893398, 12.158942639915692], [75.16234698792493, 12.158942804407904]]}, "properties": {"id": 445}}, {"type": "Feature", "geometry": {"type": "LineString", "coordinates": [[75.17550234990286, 12.15893476696992], [75.17550253048718, 12.15921015145848], [75.17522280927983, 12.159485713476252], [75.17494308749644, 12.159761275213462], [75.17466336513704, 12.160036836670077], [75.17494326751793, 12.160036659693855], [75.17466336513704, 12.160036836670077]]}, "properties": {"id": 446}}, {"type": "Feature", "geometry": {"type": "LineString", "coordinates": [[75.16374514720071, 12.156738901662374], [75.16346541627337, 12.157014451961501], [75.16374531565606, 12.15701428636291], [75.16346541627337, 12.157014451961501]]}, "properties": {"id": 447}}, {"type": "Feature", "geometry": {"type": "LineString", "coordinates": [[75.15982721722423, 12.157842733191417], [75.16010711752354, 12.157842571264483], [75.16038701781883, 12.157842409054226], [75.16010711752354, 12.157842571264483]]}, "properties": {"id": 448}}, {"type": "Feature", "geometry": {"type": "LineString", "coordinates": [[75.17130365488387, 12.158662015558814], [75.17158373242478, 12.158937226554755], [75.1718636337014, 12.158937052711913], [75.17214353497371, 12.158936878585717], [75.17242343624171, 12.158936704176172], [75.17214353497371, 12.158936878585717]]}, "properties": {"id": 449}}, {"type": "Feature", "geometry": {"type": "LineString", "coordinates": [[75.22224510047532, 12.158074994068825], [75.22252499999381, 12.15807476895536], [75.2228048995067, 12.158074543558572], [75.22252499999381, 12.15807476895536]]}, "properties": {"id": 450}}, {"type": "Feature", "geometry": {"type": "LineString", "coordinates": [[75.9230776746882, 12.156623552342813], [75.92335753825111, 12.156622617945567], [75.92363740179087, 12.156621683265165], [75.92363835194857, 12.156897033097666], [75.92363930212942, 12.157172382924623], [75.92391916622164, 12.157171447917456], [75.92363930212942, 12.157172382924623]]}, "properties": {"id": 451}}, {"type": "Feature", "geometry": {"type": "LineString", "coordinates": [[75.17410158987073, 12.157007960050816], [75.1743816684942, 12.15728316823001], [75.17466156799956, 12.157282991578361], [75.17494146750053, 12.157282814643406], [75.17466156799956, 12.157282991578361]]}, "properties": {"id": 452}}, {"type": "Feature", "geometry": {"type": "LineString", "coordinates": [[75.21636654149513, 12.157253504480597], [75.21608664271959, 12.157253723345526], [75.21608642041305, 12.156978339488758], [75.21636631890064, 12.156978120628933], [75.21608642041305, 12.156978339488758]]}, "properties": {"id": 453}}, {"type": "Feature", "geometry": {"type": "LineString", "coordinates": [[75.17130259741414, 12.15700970811121], [75.17158249667924, 12.157009534580045], [75.17186221913423, 12.15673397617991], [75.17186204233272, 12.15645859158876], [75.17214194101332, 12.156458417499106], [75.17186204233272, 12.15645859158876]]}, "properties": {"id": 454}}, {"type": "Feature", "geometry": {"type": "LineString", "coordinates": [[75.18193801774457, 12.155901376988902], [75.18221791568953, 12.15590119270932], [75.18249781362992, 12.155901008146461], [75.18221791568953, 12.15590119270932]]}, "properties": {"id": 455}}, {"type": "Feature", "geometry": {"type": "LineString", "coordinates": [[75.17717774738294, 12.152875236276593], [75.17689767060133, 12.152600030817473], [75.17689748868344, 12.152324646218279], [75.17689730676997, 12.152049261613616], [75.17717720076574, 12.15204908249156], [75.17689730676997, 12.152049261613616]]}, "properties": {"id": 456}}, {"type": "Feature", "geometry": {"type": "LineString", "coordinates": [[75.15702530659868, 12.152887410090592], [75.15702514511311, 12.152612025217065], [75.15702498363149, 12.15233664033807], [75.15730487821251, 12.1523364813186], [75.15702498363149, 12.15233664033807]]}, "properties": {"id": 457}}, {"type": "Feature", "geometry": {"type": "LineString", "coordinates": [[75.22000047314467, 12.151467572826235], [75.22028036579816, 12.151467350104106], [75.22056025844613, 12.15146712709881], [75.22028036579816, 12.151467350104106]]}, "properties": {"id": 458}}, {"type": "Feature", "geometry": {"type": "LineString", "coordinates": [[75.17437826060929, 12.152050860968737], [75.17409818753866, 12.151775652607363], [75.1740980085122, 12.151500267950327], [75.17437790197636, 12.15150009166836], [75.1740980085122, 12.151500267950327]]}, "properties": {"id": 459}}, {"type": "Feature", "geometry": {"type": "LineString", "coordinates": [[75.22559902112539, 12.152289215932276], [75.22559878913037, 12.152013832154154], [75.22559855714101, 12.151738448370553], [75.22587821769902, 12.151462836195966], [75.22615811023508, 12.15146260752728], [75.22587821769902, 12.151462836195966]]}, "properties": {"id": 460}}, {"type": "Feature", "geometry": {"type": "LineString", "coordinates": [[75.19676916201387, 12.151209687322668], [75.1964894712559, 12.151485270566427], [75.19648967330735, 12.151760654873573], [75.19648987536375, 12.152036039175243], [75.19676976903168, 12.152035840230177], [75.19648987536375, 12.152036039175243]]}, "properties": {"id": 461}}, {"type": "Feature", "geometry": {"type": "LineString", "coordinates": [[75.18277432795367, 12.15094390246442], [75.18277451589316, 12.151219287001847], [75.18305459716265, 12.151494486473453], [75.18333449048346, 12.151494301129945], [75.18305459716265, 12.151494486473453]]}, "properties": {"id": 462}}, {"type": "Feature", "geometry": {"type": "LineString", "coordinates": [[75.17997466000395, 12.149844199031968], [75.1802543663214, 12.149568632225522], [75.18053425767329, 12.149568449743548], [75.18081414902066, 12.149568266978447], [75.18109404036349, 12.149568083930221], [75.18081414902066, 12.149568266978447]]}, "properties": {"id": 463}}, {"type": "Feature", "geometry": {"type": "LineString", "coordinates": [[75.22447783166032, 12.150362439995808], [75.22419794024157, 12.150362666944297], [75.22391827905159, 12.150638277452451], [75.22419817076376, 12.150638050781817], [75.22391827905159, 12.150638277452451]]}, "properties": {"id": 464}}, {"type": "Feature", "geometry": {"type": "LineString", "coordinates": [[75.17661614151426, 12.150121748037346], [75.17633624952421, 12.150121926563871], [75.17661614151426, 12.150121748037346], [75.17633624952421, 12.150121926563871]]}, "properties": {"id": 465}}, {"type": "Feature", "geometry": {"type": "LineString", "coordinates": [[75.17185762369523, 12.149573975030611], [75.17213751517961, 12.149573801042452], [75.17185762369523, 12.149573975030611], [75.17213751517961, 12.149573801042452]]}, "properties": {"id": 466}}, {"type": "Feature", "geometry": {"type": "LineString", "coordinates": [[75.16262086795261, 12.149028788072178], [75.16290092647712, 12.149304008300312], [75.16318081780813, 12.149303843376092], [75.16346070913505, 12.149303678168751], [75.16318081780813, 12.149303843376092]]}, "properties": {"id": 467}}, {"type": "Feature", "geometry": {"type": "LineString", "coordinates": [[75.14834611427078, 12.148486039032209], [75.14806607138104, 12.148210803864146], [75.14806591916955, 12.147935418782357], [75.14806576696178, 12.147660033695095], [75.14834565677315, 12.147659883797331], [75.14806576696178, 12.147660033695095]]}, "properties": {"id": 468}}, {"type": "Feature", "geometry": {"type": "LineString", "coordinates": [[75.15310441256135, 12.148758832283987], [75.15310425516317, 12.148483447277119], [75.1528243645528, 12.148483601998121], [75.15310425516317, 12.148483447277119]]}, "properties": {"id": 469}}, {"type": "Feature", "geometry": {"type": "LineString", "coordinates": [[75.21244074837409, 12.148168870473732], [75.21216085902202, 12.148169085206963], [75.21216107712705, 12.148444469309723], [75.21244096676685, 12.148444254571482], [75.21216107712705, 12.148444469309723]]}, "properties": {"id": 470}}, {"type": "Feature", "geometry": {"type": "LineString", "coordinates": [[75.16038009077478, 12.146276245679811], [75.1606599789774, 12.146276083345363], [75.16094003259859, 12.146551305674734], [75.16094019802517, 12.146826690616134], [75.16094036345581, 12.147102075552056], [75.16122025251344, 12.147101912640105], [75.16094036345581, 12.147102075552056]]}, "properties": {"id": 471}}, {"type": "Feature", "geometry": {"type": "LineString", "coordinates": [[75.21607708842998, 12.145412212559313], [75.21579742381591, 12.1456878150136], [75.21607753259347, 12.145962980727331], [75.21635764194635, 12.146238146142348], [75.21663752920394, 12.146237927198522], [75.21635764194635, 12.146238146142348]]}, "properties": {"id": 472}}, {"type": "Feature", "geometry": {"type": "LineString", "coordinates": [[75.16541756774878, 12.145447125664717], [75.16569745501486, 12.145446958247112], [75.16597734227678, 12.14544679054648], [75.16569745501486, 12.145446958247112]]}, "properties": {"id": 473}}, {"type": "Feature", "geometry": {"type": "LineString", "coordinates": [[75.17465384529783, 12.145441451444684], [75.17493391221657, 12.145716659452232], [75.17493409201438, 12.14599204421185], [75.17493427181658, 12.146267428965993], [75.1746543838283, 12.146267605735915], [75.17493427181658, 12.146267428965993]]}, "properties": {"id": 474}}, {"type": "Feature", "geometry": {"type": "LineString", "coordinates": [[75.19088729110078, 12.145430731662199], [75.19116698148736, 12.14515515396909], [75.19144667129862, 12.144879575996518], [75.19172655757312, 12.144879382266362], [75.19200644384281, 12.144879188253197], [75.19228633010769, 12.144878993957018], [75.19200644384281, 12.144879188253197]]}, "properties": {"id": 475}}, {"type": "Feature", "geometry": {"type": "LineString", "coordinates": [[75.19872391708986, 12.145149831434372], [75.19844403064997, 12.145150032244546], [75.19872391708986, 12.145149831434372], [75.19844403064997, 12.145150032244546]]}, "properties": {"id": 476}}, {"type": "Feature", "geometry": {"type": "LineString", "coordinates": [[75.18025140170836, 12.145162477827553], [75.1802515869628, 12.145437862518468], [75.179971699922, 12.145438044653543], [75.1802515869628, 12.145437862518468]]}, "properties": {"id": 477}}, {"type": "Feature", "geometry": {"type": "LineString", "coordinates": [[75.15562087113355, 12.14435126678074], [75.15590091760696, 12.14462649433634], [75.15590107782779, 12.144901879383342], [75.1561809646556, 12.1449017215961], [75.15590107782779, 12.144901879383342]]}, "properties": {"id": 478}}, {"type": "Feature", "geometry": {"type": "LineString", "coordinates": [[75.16289807992068, 12.144622464844428], [75.16317796636086, 12.144622299985633], [75.16345785279697, 12.144622134843823], [75.16317796636086, 12.144622299985633]]}, "properties": {"id": 479}}, {"type": "Feature", "geometry": {"type": "LineString", "coordinates": [[75.20627957713423, 12.143491996863338], [75.2062793651645, 12.143216612558357], [75.20599926919796, 12.142941436660678], [75.2057193851908, 12.142941644790483], [75.20599926919796, 12.142941436660678]]}, "properties": {"id": 480}}, {"type": "Feature", "geometry": {"type": "LineString", "coordinates": [[75.17549224420252, 12.143513226872042], [75.17577230992678, 12.143788434085407], [75.17605219530871, 12.14378825622066], [75.17577230992678, 12.143788434085407]]}, "properties": {"id": 481}}, {"type": "Feature", "geometry": {"type": "LineString", "coordinates": [[75.16877396000683, 12.14186509436943], [75.1690536697904, 12.141589538680378], [75.16933355297543, 12.141589367639309], [75.16961361042462, 12.14186458123425], [75.16989349388872, 12.1418644096233], [75.16961361042462, 12.14186458123425]]}, "properties": {"id": 482}}, {"type": "Feature", "geometry": {"type": "LineString", "coordinates": [[75.16429633024583, 12.142693943031706], [75.16457604554758, 12.14241839181151], [75.16485592966227, 12.142418225285759], [75.16513598345266, 12.142693443442791], [75.16541586784666, 12.142693276347229], [75.16513598345266, 12.142693443442791]]}, "properties": {"id": 483}}, {"type": "Feature", "geometry": {"type": "LineString", "coordinates": [[75.15813741000588, 12.140219063121949], [75.15841729191328, 12.140218903134086], [75.15869701078707, 12.139943357760451], [75.15897689239898, 12.139943197210526], [75.15869701078707, 12.139943357760451]]}, "properties": {"id": 484}}, {"type": "Feature", "geometry": {"type": "LineString", "coordinates": [[75.21859292105867, 12.14155485741852], [75.2185931456499, 12.141830241535708], [75.218873028262, 12.141830020410133], [75.2185931456499, 12.141830241535708]]}, "properties": {"id": 485}}, {"type": "Feature", "geometry": {"type": "LineString", "coordinates": [[75.16149649036967, 12.141043279758343], [75.16121660764374, 12.141043442869574], [75.16093672491378, 12.14104360569788], [75.16065667712544, 12.14076838318319], [75.16037662991216, 12.140493160372529], [75.16065651207512, 12.140492998117645], [75.16037662991216, 12.140493160372529]]}, "properties": {"id": 486}}, {"type": "Feature", "geometry": {"type": "LineString", "coordinates": [[75.20991419421634, 12.138532344442263], [75.20991440983542, 12.138807728776396], [75.21019428945134, 12.138807516476469], [75.20991440983542, 12.138807728776396]]}, "properties": {"id": 487}}, {"type": "Feature", "geometry": {"type": "LineString", "coordinates": [[75.21663307693156, 12.140730244847049], [75.21635341770053, 12.141005847863338], [75.21635363998044, 12.141281232032537], [75.21663352206106, 12.141281013180691], [75.21635363998044, 12.141281232032537]]}, "properties": {"id": 488}}, {"type": "Feature", "geometry": {"type": "LineString", "coordinates": [[75.19592163005049, 12.140470290443904], [75.19592183132987, 12.14074567497922], [75.19620191478467, 12.141020861315488], [75.19648179695025, 12.141020662838987], [75.19648199881455, 12.1412960473541], [75.19676188126274, 12.141295848590035], [75.19648199881455, 12.1412960473541]]}, "properties": {"id": 489}}, {"type": "Feature", "geometry": {"type": "LineString", "coordinates": [[75.21355328315819, 12.139355715335663], [75.21383316328006, 12.139355499348381], [75.21411304339657, 12.13935528307822], [75.2143929235077, 12.13935506652518], [75.21411304339657, 12.13935528307822]]}, "properties": {"id": 490}}, {"type": "Feature", "geometry": {"type": "LineString", "coordinates": [[75.91629877649153, 12.138472754472312], [75.9160179904829, 12.138198329573672], [75.91601704965701, 12.137922978778274], [75.91601610885408, 12.137647627977332], [75.9162959531519, 12.137646702150965], [75.91657485607215, 12.137370425278672], [75.91657391474051, 12.137095074509906], [75.91685375841777, 12.1370941481614], [75.91657391474051, 12.137095074509906]]}, "properties": {"id": 491}}, {"type": "Feature", "geometry": {"type": "LineString", "coordinates": [[75.1715708557257, 12.1388341399167], [75.17185091252286, 12.139109351311136], [75.17185108905296, 12.139384736247065], [75.17213096989502, 12.139384562409116], [75.17185108905296, 12.139384736247065]]}, "properties": {"id": 492}}, {"type": "Feature", "geometry": {"type": "LineString", "coordinates": [[75.25945248042365, 12.138214979067826], [75.25973209164574, 12.137939333354641], [75.26001196935101, 12.137939070723256], [75.25973209164574, 12.137939333354641]]}, "properties": {"id": 493}}, {"type": "Feature", "geometry": {"type": "LineString", "coordinates": [[75.16373353369413, 12.137737344106721], [75.16401341293336, 12.137737178495595], [75.16429329216847, 12.137737012601624], [75.16457317139945, 12.13773684642481], [75.16429329216847, 12.137737012601624]]}, "properties": {"id": 494}}, {"type": "Feature", "geometry": {"type": "LineString", "coordinates": [[75.2045960656858, 12.13798555543266], [75.20487594453807, 12.137985348521699], [75.2051558233852, 12.137985141327896], [75.20487594453807, 12.137985348521699]]}, "properties": {"id": 495}}, {"type": "Feature", "geometry": {"type": "LineString", "coordinates": [[75.15953518076114, 12.137464409191514], [75.15953534461732, 12.137739794332328], [75.15953550847753, 12.138015179467674], [75.15953567234172, 12.138290564597552], [75.1598155522167, 12.138290403221552], [75.15953567234172, 12.138290564597552]]}, "properties": {"id": 496}}, {"type": "Feature", "geometry": {"type": "LineString", "coordinates": [[75.19088101554858, 12.136618424165432], [75.19116069688714, 12.136342846441554], [75.19144057425297, 12.13634265313439], [75.19144037765085, 12.136067268438422], [75.19172025472447, 12.136067074852972], [75.19144037765085, 12.136067268438422]]}, "properties": {"id": 497}}, {"type": "Feature", "geometry": {"type": "LineString", "coordinates": [[75.21690850258194, 12.135222341284907], [75.21718837832736, 12.135222121979917], [75.21746825406734, 12.135221902392146], [75.21774812980188, 12.135221682521596], [75.21802800553095, 12.135221462368266], [75.21830788125456, 12.135221241932154], [75.21802800553095, 12.135221462368266]]}, "properties": {"id": 498}}, {"type": "Feature", "geometry": {"type": "LineString", "coordinates": [[75.20347508739063, 12.136058688893899], [75.20319521052488, 12.136058894357026], [75.20319541919858, 12.13633427885739], [75.20347529635175, 12.136334073389463], [75.20319541919858, 12.13633427885739]]}, "properties": {"id": 499}}, {"type": "Feature", "geometry": {"type": "LineString", "coordinates": [[75.21298980415983, 12.134674613156688], [75.21270971049447, 12.134399443843629], [75.21242983552506, 12.13439965860908], [75.21270971049447, 12.134399443843629]]}, "properties": {"id": 500}}, {"type": "Feature", "geometry": {"type": "LineString", "coordinates": [[75.20907026216726, 12.133025291502092], [75.20879038856594, 12.133025502566994], [75.20907026216726, 12.133025291502092], [75.20879038856594, 12.133025502566994]]}, "properties": {"id": 501}}, {"type": "Feature", "geometry": {"type": "LineString", "coordinates": [[75.21102937722931, 12.13302380613139], [75.21130946773906, 12.133298977223326], [75.2115893415803, 12.133298763608877], [75.21186921541623, 12.1332985497117], [75.2115893415803, 12.133298763608877]]}, "properties": {"id": 502}}, {"type": "Feature", "geometry": {"type": "LineString", "coordinates": [[75.1894789032898, 12.13276399846238], [75.18975877694837, 12.132763806910251], [75.18975858213258, 12.13248842211621], [75.19003826040071, 12.132212845490816], [75.19031793809422, 12.131937268586217], [75.19059781087654, 12.131937076199407], [75.19087768365408, 12.131936883529894], [75.19059781087654, 12.131937076199407]]}, "properties": {"id": 503}}, {"type": "Feature", "geometry": {"type": "LineString", "coordinates": [[75.21802531927209, 12.131916850901998], [75.21802554309694, 12.132192235220927], [75.21830541565966, 12.13219201484146], [75.21802554309694, 12.132192235220927]]}, "properties": {"id": 504}}, {"type": "Feature", "geometry": {"type": "LineString", "coordinates": [[75.21354714290472, 12.131644954037897], [75.21382723448922, 12.131920122592682], [75.21382745400439, 12.132195506988054], [75.21410732664835, 12.1321952908492], [75.21382745400439, 12.132195506988054]]}, "properties": {"id": 505}}, {"type": "Feature", "geometry": {"type": "LineString", "coordinates": [[75.22194353062739, 12.131913739935749], [75.22222340282556, 12.131913515603618], [75.22250350344001, 12.132188675224535], [75.2225037318674, 12.132464059454819], [75.22250396030039, 12.132739443679633], [75.22278383334937, 12.132739218766336], [75.22250396030039, 12.132739443679633]]}, "properties": {"id": 506}}, {"type": "Feature", "geometry": {"type": "LineString", "coordinates": [[75.2157845688565, 12.129715528643434], [75.2157847903396, 12.12999091304705], [75.2155051412275, 12.130266515244678], [75.2157850118281, 12.130266297445207], [75.2155051412275, 12.130266515244678]]}, "properties": {"id": 507}}, {"type": "Feature", "geometry": {"type": "LineString", "coordinates": [[75.2216611556314, 12.128884736858117], [75.22194079689471, 12.12860912855443], [75.2219405691198, 12.128333744237123], [75.22222043758356, 12.128333519973134], [75.2219405691198, 12.128333744237123]]}, "properties": {"id": 508}}, {"type": "Feature", "geometry": {"type": "LineString", "coordinates": [[75.20766727024753, 12.12834480695296], [75.20738740150384, 12.128345016520953], [75.20710753275496, 12.12834522580633], [75.20710774530718, 12.128620610391991], [75.20738761434328, 12.128620401101722], [75.20710774530718, 12.128620610391991]]}, "properties": {"id": 509}}, {"type": "Feature", "geometry": {"type": "LineString", "coordinates": [[75.20962484549386, 12.126415640120952], [75.2093449787971, 12.126415851632643], [75.2090651120951, 12.126416062861772], [75.2093449787971, 12.126415851632643]]}, "properties": {"id": 510}}, {"type": "Feature", "geometry": {"type": "LineString", "coordinates": [[75.21438301849939, 12.126962770172748], [75.21466288567487, 12.126962553564681], [75.21494253228289, 12.126686952195037], [75.21522239916042, 12.126686735026881], [75.21550226603256, 12.126686517576147], [75.21522239916042, 12.126686735026881]]}, "properties": {"id": 511}}, {"type": "Feature", "geometry": {"type": "LineString", "coordinates": [[75.17044346004297, 12.126442502345597], [75.17016376728895, 12.12671805950892], [75.17044363493909, 12.126717887553177], [75.17016376728895, 12.12671805950892]]}, "properties": {"id": 512}}, {"type": "Feature", "geometry": {"type": "LineString", "coordinates": [[75.17240164699678, 12.125064364793237], [75.1726815128896, 12.12506419060129], [75.17296137877811, 12.1250640161268], [75.17324142240844, 12.125339226564114], [75.1735212885754, 12.125339051520456], [75.17324142240844, 12.125339226564114]]}, "properties": {"id": 513}}, {"type": "Feature", "geometry": {"type": "LineString", "coordinates": [[75.23061364918198, 12.125022050390418], [75.23089327713306, 12.124746433213387], [75.23117314168194, 12.124746199976629], [75.23089327713306, 12.124746433213387]]}, "properties": {"id": 514}}, {"type": "Feature", "geometry": {"type": "LineString", "coordinates": [[75.18919339855887, 12.124778028226185], [75.18891372704172, 12.125053604043936], [75.18919378678036, 12.125328798132738], [75.18947365268828, 12.12532860698399], [75.18919378678036, 12.125328798132738]]}, "properties": {"id": 515}}, {"type": "Feature", "geometry": {"type": "LineString", "coordinates": [[75.86279834556336, 12.123224593455632], [75.86307817887771, 12.123223722424475], [75.86335801217042, 12.123222851110945], [75.86307817887771, 12.123223722424475]]}, "properties": {"id": 516}}, {"type": "Feature", "geometry": {"type": "LineString", "coordinates": [[75.20654398052683, 12.12338871987715], [75.20626411693118, 12.12338892822699], [75.20654398052683, 12.12338871987715], [75.20626411693118, 12.12338892822699]]}, "properties": {"id": 517}}, {"type": "Feature", "geometry": {"type": "LineString", "coordinates": [[75.17128077764735, 12.122861976756598], [75.17128060194979, 12.122586591484637], [75.17128042625652, 12.122311206207218], [75.17156028929557, 12.122311033185888], [75.17128042625652, 12.122311206207218]]}, "properties": {"id": 518}}, {"type": "Feature", "geometry": {"type": "LineString", "coordinates": [[75.22025683834804, 12.12282739576604], [75.22053670110213, 12.122827173301772], [75.22053692733041, 12.123102557754493], [75.22081679036609, 12.123102335002539], [75.22053692733041, 12.123102557754493]]}, "properties": {"id": 519}}, {"type": "Feature", "geometry": {"type": "LineString", "coordinates": [[75.19590795457113, 12.121744129215116], [75.19618781663091, 12.121743931345451], [75.19646767868579, 12.121743733193327], [75.19646747717108, 12.121468348290092], [75.19674733893399, 12.121468149860148], [75.19646747717108, 12.121468348290092]]}, "properties": {"id": 520}}, {"type": "Feature", "geometry": {"type": "LineString", "coordinates": [[75.23172811693993, 12.119238047488436], [75.23172835457588, 12.119513431798692], [75.23172859221765, 12.119788816103489], [75.23172882986523, 12.12006420040282], [75.2317290675186, 12.120339584696687], [75.23200892745699, 12.120339350699906], [75.2317290675186, 12.120339584696687]]}, "properties": {"id": 521}}, {"type": "Feature", "geometry": {"type": "LineString", "coordinates": [[75.15728662365831, 12.121217955179773], [75.15700692259446, 12.121493499276935], [75.15672706020271, 12.121493657598506], [75.15700692259446, 12.121493499276935]]}, "properties": {"id": 522}}, {"type": "Feature", "geometry": {"type": "LineString", "coordinates": [[75.22305409288502, 12.121172851863312], [75.22277423190324, 12.121173076838351], [75.22305409288502, 12.121172851863312], [75.22277423190324, 12.121173076838351]]}, "properties": {"id": 523}}, {"type": "Feature", "geometry": {"type": "LineString", "coordinates": [[75.23536700487777, 12.120061136487397], [75.23508714529662, 12.120061373867694], [75.23480728570956, 12.120061610965573], [75.23452766664009, 12.12033723201988], [75.23480752652003, 12.120336995198882], [75.23452766664009, 12.12033723201988]]}, "properties": {"id": 524}}, {"type": "Feature", "geometry": {"type": "LineString", "coordinates": [[75.24180377360257, 12.120055598794107], [75.24152391415882, 12.120055842669942], [75.24152416185748, 12.120331226768345], [75.24124454953838, 12.120606854466104], [75.2412447969621, 12.120882238559279], [75.24152465727295, 12.120881994948764], [75.2412447969621, 12.120882238559279]]}, "properties": {"id": 525}}, {"type": "Feature", "geometry": {"type": "LineString", "coordinates": [[75.19394732870138, 12.119542426683415], [75.19422698931982, 12.119266845843791], [75.19450684882578, 12.119266649710163], [75.19422698931982, 12.119266845843791]]}, "properties": {"id": 526}}, {"type": "Feature", "geometry": {"type": "LineString", "coordinates": [[75.23844497081456, 12.119507738326966], [75.23872482975048, 12.119507497568952], [75.23900468868044, 12.119507256528536], [75.23872482975048, 12.119507497568952]]}, "properties": {"id": 527}}, {"type": "Feature", "geometry": {"type": "LineString", "coordinates": [[75.20765960115362, 12.118430958582497], [75.20793967278311, 12.118706133676103], [75.20821953146805, 12.118705923714767], [75.2084993901478, 12.118705713471044], [75.20821953146805, 12.118705923714767]]}, "properties": {"id": 528}}, {"type": "Feature", "geometry": {"type": "LineString", "coordinates": [[75.22333097651905, 12.117592628478196], [75.22305089057349, 12.117317469152344], [75.22305066187886, 12.117042084632025], [75.22333028957439, 12.116766474933037], [75.22361014595336, 12.1167662494775], [75.22389023187652, 12.11704140824958], [75.22417008853118, 12.117041182224078], [75.22417031837354, 12.117316566723288], [75.22445017530953, 12.11731634041015], [75.22472980182368, 12.117040729326046], [75.22500942776398, 12.116765117964743], [75.22528928410922, 12.116764890815181], [75.22556914044881, 12.116764663383282], [75.22584899678276, 12.116764435669047], [75.22556914044881, 12.116764663383282]]}, "properties": {"id": 529}}, {"type": "Feature", "geometry": {"type": "LineString", "coordinates": [[75.22864826310959, 12.117588296239306], [75.2286480286706, 12.117312911831053], [75.22864779423733, 12.117037527417342], [75.2286475598098, 12.116762142998164], [75.22836746939788, 12.11648698910574], [75.22836723526872, 12.116211604670246], [75.22864709097193, 12.116211374143427], [75.22836723526872, 12.116211604670246]]}, "properties": {"id": 530}}, {"type": "Feature", "geometry": {"type": "LineString", "coordinates": [[75.23900297312284, 12.117579567253015], [75.23900321818452, 12.117854951451623], [75.23872360575713, 12.118130576656991], [75.2390034632522, 12.118130335644764], [75.23872360575713, 12.118130576656991]]}, "properties": {"id": 531}}, {"type": "Feature", "geometry": {"type": "LineString", "coordinates": [[75.19422400221286, 12.115136070431301], [75.1945038574148, 12.115135874366482], [75.19478371261188, 12.115135678019358], [75.19506356780406, 12.115135481389938], [75.19478371261188, 12.115135678019358]]}, "properties": {"id": 532}}, {"type": "Feature", "geometry": {"type": "LineString", "coordinates": [[75.1970237659377, 12.116786407115004], [75.19702356393776, 12.116511022122754], [75.19702336194275, 12.11623563712504], [75.19674330393418, 12.11596045074133], [75.19702315995269, 12.115960252121868], [75.19674330393418, 12.11596045074133]]}, "properties": {"id": 533}}, {"type": "Feature", "geometry": {"type": "LineString", "coordinates": [[75.60448653888257, 12.11619773874331], [75.60448715861048, 12.11647310995929], [75.60448777835356, 12.116748481169784], [75.6047676211769, 12.116747871181031], [75.60448777835356, 12.116748481169784]]}, "properties": {"id": 534}}, {"type": "Feature", "geometry": {"type": "LineString", "coordinates": [[75.18638862784321, 12.115967601190443], [75.18666867541396, 12.116242798187525], [75.18666886679313, 12.116518183352767], [75.18638920112002, 12.116793756699368], [75.18666905817699, 12.116793568512541], [75.18638920112002, 12.116793756699368]]}, "properties": {"id": 535}}, {"type": "Feature", "geometry": {"type": "LineString", "coordinates": [[75.22500896638587, 12.116214348970823], [75.2250091970721, 12.116489733470512], [75.22500942776398, 12.116765117964743]]}, "properties": {"id": 536}}, {"type": "Feature", "geometry": {"type": "LineString", "coordinates": [[75.1681977929577, 12.115703841444578], [75.1679179367552, 12.115704010981032], [75.16763808054849, 12.115704180235168], [75.16735805276812, 12.115428963737113], [75.16735788120286, 12.115153578261774], [75.1673577096418, 12.11487819278098], [75.16763756499205, 12.114878023821014], [75.1673577096418, 12.11487819278098]]}, "properties": {"id": 537}}, {"type": "Feature", "geometry": {"type": "LineString", "coordinates": [[75.17351470423874, 12.115149795843882], [75.17379455978185, 12.115149620669325], [75.17407441532062, 12.115149445212468], [75.174354270855, 12.115149269473307], [75.17463412638503, 12.115149093451844], [75.17491398191068, 12.11514891714808], [75.17463412638503, 12.115149093451844]]}, "properties": {"id": 538}}, {"type": "Feature", "geometry": {"type": "LineString", "coordinates": [[75.25579227918733, 12.115361519503713], [75.2555121629994, 12.115086393494199], [75.25579201696671, 12.115086135606278], [75.2555121629994, 12.115086393494199]]}, "properties": {"id": 539}}, {"type": "Feature", "geometry": {"type": "LineString", "coordinates": [[75.17099547829729, 12.114325203408269], [75.17071562357164, 12.11432537574771], [75.17043594354992, 12.114600933252737], [75.17015626295446, 12.114876490478062], [75.16987640764228, 12.114876661978682], [75.17015626295446, 12.114876490478062]]}, "properties": {"id": 540}}, {"type": "Feature", "geometry": {"type": "LineString", "coordinates": [[75.17743213579051, 12.114321161691295], [75.17771199041141, 12.114320982577091], [75.1779916625787, 12.114045417838295], [75.17827133417228, 12.113769852820166], [75.17855118820609, 12.113769672867535], [75.17827133417228, 12.113769852820166]]}, "properties": {"id": 541}}, {"type": "Feature", "geometry": {"type": "LineString", "coordinates": [[75.20849596997098, 12.114299556690552], [75.20821590245212, 12.114024382005487], [75.20821568902755, 12.113748997149916], [75.20849554254292, 12.113748786994709], [75.20821568902755, 12.113748997149916]]}, "properties": {"id": 542}}, {"type": "Feature", "geometry": {"type": "LineString", "coordinates": [[75.19870087011869, 12.114031359497446], [75.19898052013582, 12.113755773920463], [75.19898031618227, 12.113480388900864], [75.19926016957925, 12.113480188065145], [75.19898031618227, 12.113480388900864]]}, "properties": {"id": 543}}, {"type": "Feature", "geometry": {"type": "LineString", "coordinates": [[75.25159317518145, 12.1139884382806], [75.25159343307367, 12.114263822289693], [75.25131357987168, 12.114264075925394], [75.25103346934486, 12.11398894525787], [75.25075335939175, 12.113713814290765], [75.25047350674458, 12.113714067067813], [75.25019339764572, 12.113438935512976], [75.24991354527285, 12.113439187719601], [75.24963343702822, 12.11316405557709], [75.24991328912053, 12.113163803658615], [75.24963343702822, 12.11316405557709]]}, "properties": {"id": 544}}, {"type": "Feature", "geometry": {"type": "LineString", "coordinates": [[75.19198378287827, 12.113209932918945], [75.19226363611094, 12.113209739144267], [75.19254348933877, 12.113209545087333], [75.19282314492848, 12.112933965615916], [75.19310299785985, 12.112933770999028], [75.19282314492848, 12.112933965615916]]}, "properties": {"id": 545}}, {"type": "Feature", "geometry": {"type": "LineString", "coordinates": [[75.20457759285561, 12.113751703481409], [75.20485744643825, 12.113751496995656], [75.20513730001575, 12.113751290227642], [75.20541715358812, 12.11375108317736], [75.20513730001575, 12.113751290227642]]}, "properties": {"id": 546}}, {"type": "Feature", "geometry": {"type": "LineString", "coordinates": [[75.20653656782605, 12.113750252153578], [75.20681642137262, 12.113750043691963], [75.207096274914, 12.113749834948088], [75.20737612845018, 12.113749625921942], [75.20765598198118, 12.113749416613532], [75.20793583550696, 12.11374920702286], [75.20821568902755, 12.113748997149916]]}, "properties": {"id": 547}}, {"type": "Feature", "geometry": {"type": "LineString", "coordinates": [[75.1869464238745, 12.113213372597725], [75.18694623226462, 12.112937987371387], [75.18722608529596, 12.112937798681697], [75.18694623226462, 12.112937987371387]]}, "properties": {"id": 548}}, {"type": "Feature", "geometry": {"type": "LineString", "coordinates": [[75.24095801909937, 12.113171725054283], [75.2412378713823, 12.113171481885528], [75.24151772365919, 12.113171238434528], [75.24179757593002, 12.113170994701278], [75.24151772365919, 12.113171238434528]]}, "properties": {"id": 549}}, {"type": "Feature", "geometry": {"type": "LineString", "coordinates": [[75.23144256350817, 12.11262905596506], [75.23116294851472, 12.112904673696399], [75.23088333294764, 12.113180291150941], [75.23060348044602, 12.113180523876443], [75.23032386401268, 12.11345614077736], [75.23004401121266, 12.113456372943794], [75.23032386401268, 12.11345614077736]]}, "properties": {"id": 550}}, {"type": "Feature", "geometry": {"type": "LineString", "coordinates": [[75.17686970747509, 12.110190738113847], [75.17658985714304, 12.110190916318642], [75.17631000680656, 12.110191094241253], [75.17603015646567, 12.110191271881686], [75.17575048621299, 12.110466834692048], [75.17603033684506, 12.110466657329649], [75.17575048621299, 12.110466834692048]]}, "properties": {"id": 551}}, {"type": "Feature", "geometry": {"type": "LineString", "coordinates": [[75.19254112149929, 12.109904923085763], [75.192821168861, 12.110180113993412], [75.19282136644601, 12.110455499180224], [75.19310121679622, 12.110455304604322], [75.19282136644601, 12.110455499180224]]}, "properties": {"id": 552}}, {"type": "Feature", "geometry": {"type": "LineString", "coordinates": [[75.19058217289388, 12.109906275177199], [75.19030212807934, 12.109631081966006], [75.19058197761251, 12.109630889943281], [75.19030212807934, 12.109631081966006]]}, "properties": {"id": 553}}, {"type": "Feature", "geometry": {"type": "LineString", "coordinates": [[75.26698097137968, 12.109843298207933], [75.26726054578036, 12.109567645112161], [75.26754039373637, 12.109567375494125], [75.26726054578036, 12.109567645112161]]}, "properties": {"id": 554}}, {"type": "Feature", "geometry": {"type": "LineString", "coordinates": [[75.2535477280794, 12.10930512668803], [75.25382783614744, 12.109580254956105], [75.25382809623272, 12.10985563900485], [75.25410794478894, 12.109855382924575], [75.25382809623272, 12.10985563900485]]}, "properties": {"id": 555}}, {"type": "Feature", "geometry": {"type": "LineString", "coordinates": [[75.16371640168829, 12.109648037434475], [75.16343655172938, 12.10964820236895], [75.16315653459029, 12.1093729813728], [75.16343638426655, 12.109372816724354], [75.16315653459029, 12.1093729813728]]}, "properties": {"id": 556}}, {"type": "Feature", "geometry": {"type": "LineString", "coordinates": [[75.26837966257514, 12.109291181213283], [75.26837938759287, 12.10901579747405], [75.26837911261735, 12.108740413729357], [75.26865895968633, 12.10874014300169], [75.26837911261735, 12.108740413729357]]}, "properties": {"id": 557}}, {"type": "Feature", "geometry": {"type": "LineString", "coordinates": [[75.16147594752837, 12.106895492049645], [75.16119626553655, 12.10717104041302], [75.16119643067314, 12.107446426131908], [75.16091674782531, 12.107721974213668], [75.16063673526557, 12.107446750578854], [75.16035672327921, 12.10717152664888], [75.16063657070235, 12.107171364852372], [75.16035672327921, 12.10717152664888]]}, "properties": {"id": 558}}, {"type": "Feature", "geometry": {"type": "LineString", "coordinates": [[75.24738625570464, 12.104078381945838], [75.24766609838528, 12.104078132478135], [75.2479459410597, 12.1040778827284], [75.24822578372793, 12.104077632696638], [75.24822603795404, 12.10435301697303], [75.24822629218636, 12.104628401243968], [75.24822654642492, 12.104903785509448], [75.24850638994674, 12.10490353517807], [75.24822654642492, 12.104903785509448]]}, "properties": {"id": 559}}, {"type": "Feature", "geometry": {"type": "LineString", "coordinates": [[75.19365734620925, 12.105497980654743], [75.19393739003378, 12.105773170575924], [75.19421723549065, 12.105772974949137], [75.1942174344316, 12.106048360200415], [75.19421763337742, 12.106323745446241], [75.19449747940271, 12.106323549528204], [75.19421763337742, 12.106323745446241]]}, "properties": {"id": 560}}, {"type": "Feature", "geometry": {"type": "LineString", "coordinates": [[75.18889997749638, 12.105501258280519], [75.18917982275298, 12.105501067735556], [75.18945966800483, 12.105500876908524], [75.18973951325194, 12.105500685799424], [75.18945966800483, 12.105500876908524]]}, "properties": {"id": 561}}, {"type": "Feature", "geometry": {"type": "LineString", "coordinates": [[75.17686590246564, 12.104407642708594], [75.17658623901394, 12.104683206380017], [75.17686608361224, 12.104683028258638], [75.17658623901394, 12.104683206380017]]}, "properties": {"id": 562}}, {"type": "Feature", "geometry": {"type": "LineString", "coordinates": [[75.21380552900808, 12.104657040406206], [75.21408537295555, 12.104656824772313], [75.21436521689768, 12.104656608856374], [75.21436543645568, 12.104931993782342], [75.21464550052907, 12.105207162494745], [75.21492534503368, 12.105206946004571], [75.21464550052907, 12.105207162494745]]}, "properties": {"id": 563}}, {"type": "Feature", "geometry": {"type": "LineString", "coordinates": [[75.16399238784733, 12.10331400118968], [75.16399255579327, 12.10358938694656], [75.16427239943728, 12.103589221532967], [75.16399255579327, 12.10358938694656]]}, "properties": {"id": 564}}, {"type": "Feature", "geometry": {"type": "LineString", "coordinates": [[75.24318911289605, 12.104632858873757], [75.24290926954389, 12.104633103840433], [75.2429090207571, 12.104357719459387], [75.24318886382265, 12.104357474498444], [75.2429090207571, 12.104357719459387]]}, "properties": {"id": 565}}, {"type": "Feature", "geometry": {"type": "LineString", "coordinates": [[75.1698692714441, 12.103585854035883], [75.16986909747985, 12.103310468361736], [75.1701489407494, 12.103310297029635], [75.16986909747985, 12.103310468361736]]}, "properties": {"id": 566}}, {"type": "Feature", "geometry": {"type": "LineString", "coordinates": [[75.20904711060435, 12.103283737842775], [75.20876705420022, 12.103008563316596], [75.20904689652347, 12.103008352789143], [75.20876705420022, 12.103008563316596]]}, "properties": {"id": 567}}, {"type": "Feature", "geometry": {"type": "LineString", "coordinates": [[75.19169705548843, 12.103571642900995], [75.19197709530035, 12.103846834898407], [75.19225693878472, 12.103846641277888], [75.1925367822643, 12.103846447375341], [75.1925369794516, 12.104121832692188], [75.19281682321295, 12.10412163850306], [75.1925369794516, 12.104121832692188]]}, "properties": {"id": 568}}, {"type": "Feature", "geometry": {"type": "LineString", "coordinates": [[75.20177120106734, 12.103289120029876], [75.20177099443747, 12.103013734850206], [75.20149115198052, 12.103013938045441], [75.20121130951853, 12.103014140958665], [75.20093126128637, 12.102738958390498], [75.20093105552628, 12.102463573185663], [75.20121089742018, 12.10246337056394], [75.20093105552628, 12.102463573185663]]}, "properties": {"id": 569}}, {"type": "Feature", "geometry": {"type": "LineString", "coordinates": [[75.21884137448806, 12.10300080666327], [75.21912099222628, 12.102725201106336], [75.21912076783967, 12.102449816223679], [75.21940060939136, 12.10244959527229], [75.21912076783967, 12.102449816223679]]}, "properties": {"id": 570}}, {"type": "Feature", "geometry": {"type": "LineString", "coordinates": [[75.19589430179089, 12.103017942728192], [75.19617394345403, 12.102742359894103], [75.19645378571911, 12.102742162061679], [75.19617394345403, 12.102742359894103]]}, "properties": {"id": 571}}, {"type": "Feature", "geometry": {"type": "LineString", "coordinates": [[75.19337532251119, 12.102468937377763], [75.19309567821531, 12.102744517438616], [75.1928160333463, 12.10302009722113], [75.19309587595647, 12.10301990276818], [75.1928160333463, 12.10302009722113]]}, "properties": {"id": 572}}, {"type": "Feature", "geometry": {"type": "LineString", "coordinates": [[75.2138026826932, 12.101077035740806], [75.21408252291529, 12.101076820172551], [75.2138026826932, 12.101077035740806], [75.21408252291529, 12.101076820172551]]}, "properties": {"id": 573}}, {"type": "Feature", "geometry": {"type": "LineString", "coordinates": [[75.18917711037875, 12.101645672428427], [75.18945695161838, 12.101645481663947], [75.18973659857471, 12.101369905206445], [75.1900164395183, 12.101369713882491], [75.19029628045713, 12.10136952227657], [75.19057592625781, 12.101093944985637], [75.19085576690057, 12.101093752820276], [75.19113580324499, 12.101368945766975], [75.1914156441647, 12.101368753033173], [75.19113580324499, 12.101368945766975]]}, "properties": {"id": 574}}, {"type": "Feature", "geometry": {"type": "LineString", "coordinates": [[75.2216386607428, 12.101621662969098], [75.22191850138513, 12.101621439495462], [75.22219856954399, 12.101896600581595], [75.22219879707164, 12.102171985417876], [75.22247863827593, 12.1021717613698], [75.22275847947465, 12.102171537039732], [75.2230383206678, 12.10217131242768], [75.22275847947465, 12.102171537039732]]}, "properties": {"id": 575}}, {"type": "Feature", "geometry": {"type": "LineString", "coordinates": [[75.19477333596761, 12.100815647558749], [75.19505297654334, 12.1005400658274], [75.19533261654605, 12.100264483817853], [75.19561245624703, 12.100264286872955], [75.19533261654605, 12.100264483817853]]}, "properties": {"id": 576}}, {"type": "Feature", "geometry": {"type": "LineString", "coordinates": [[75.1774228658114, 12.100276501848372], [75.17742304746457, 12.100551887471855], [75.1774232291222, 12.100827273089886], [75.17770306969524, 12.100827094181023], [75.1774232291222, 12.100827273089886]]}, "properties": {"id": 577}}, {"type": "Feature", "geometry": {"type": "LineString", "coordinates": [[75.22303649372596, 12.099968233710774], [75.22331633262135, 12.099968008858871], [75.22303649372596, 12.099968233710774], [75.22331633262135, 12.099968008858871]]}, "properties": {"id": 578}}, {"type": "Feature", "geometry": {"type": "LineString", "coordinates": [[75.19141388040067, 12.098890284331237], [75.19113423772758, 12.099165862462067], [75.1911344334005, 12.09944124789427], [75.19141427231467, 12.09944105519206], [75.1911344334005, 12.09944124789427]]}, "properties": {"id": 579}}, {"type": "Feature", "geometry": {"type": "LineString", "coordinates": [[75.18217846669245, 12.097794951988192], [75.18189844315101, 12.097519749750957], [75.18217828021426, 12.097519566382319], [75.18189844315101, 12.097519749750957]]}, "properties": {"id": 580}}, {"type": "Feature", "geometry": {"type": "LineString", "coordinates": [[75.22835202914519, 12.098311604654317], [75.228632100258, 12.098586759262853], [75.2283524966655, 12.098862374229318], [75.22863233430748, 12.098862144042236], [75.2283524966655, 12.098862374229318]]}, "properties": {"id": 581}}, {"type": "Feature", "geometry": {"type": "LineString", "coordinates": [[75.19952878167214, 12.098333802982967], [75.19924894404575, 12.098334003842135], [75.19952878167214, 12.098333802982967], [75.19924894404575, 12.098334003842135]]}, "properties": {"id": 582}}, {"type": "Feature", "geometry": {"type": "LineString", "coordinates": [[75.22331473233527, 12.0980403147321], [75.22359456921978, 12.098040089635177], [75.2238746352671, 12.098315249137428], [75.2238748644411, 12.098590634013032], [75.22387509362073, 12.098866018883186], [75.22387532280597, 12.099141403747886], [75.22415516082509, 12.09914117806604], [75.22387532280597, 12.099141403747886]]}, "properties": {"id": 583}}, {"type": "Feature", "geometry": {"type": "LineString", "coordinates": [[75.18021868282874, 12.096419301445573], [75.17993903104808, 12.096694868485923], [75.17993921522124, 12.096970254142333], [75.18021905174336, 12.096970072755346], [75.17993921522124, 12.096970254142333]]}, "properties": {"id": 584}}, {"type": "Feature", "geometry": {"type": "LineString", "coordinates": [[75.23086914466901, 12.096657214356185], [75.23058930936456, 12.096657446754962], [75.23030947405431, 12.096657678871885], [75.23058930936456, 12.096657446754962]]}, "properties": {"id": 585}}, {"type": "Feature", "geometry": {"type": "LineString", "coordinates": [[75.18749422400894, 12.096139101124656], [75.18721438846568, 12.09613928982687], [75.18693436159819, 12.095864092682694], [75.18665452633195, 12.09586428081681], [75.18637469106103, 12.095864468669086], [75.18609466532976, 12.095589270656324], [75.1858150205052, 12.095864843528123], [75.18609485578544, 12.095864656239524], [75.1858150205052, 12.095864843528123]]}, "properties": {"id": 586}}, {"type": "Feature", "geometry": {"type": "LineString", "coordinates": [[75.23590569625918, 12.096102213614694], [75.23618528915499, 12.095826591186002], [75.23646512348327, 12.095826353166876], [75.23674495780564, 12.095826114865917], [75.23646512348327, 12.095826353166876]]}, "properties": {"id": 587}}, {"type": "Feature", "geometry": {"type": "LineString", "coordinates": [[75.22163298882224, 12.09473703989128], [75.2213533818594, 12.095012647946035], [75.22163321563244, 12.095012424879831], [75.2213533818594, 12.095012647946035]]}, "properties": {"id": 588}}, {"type": "Feature", "geometry": {"type": "LineString", "coordinates": [[75.22694935952102, 12.094181978396655], [75.226669294766, 12.09390682189161], [75.22666906282396, 12.093631436976471], [75.22694866283587, 12.093355823667299], [75.22694843061885, 12.09308043874661], [75.22722802977746, 12.09280482516083], [75.22722779728551, 12.092529440234594], [75.22750762836348, 12.092529211298556], [75.22722779728551, 12.092529440234594]]}, "properties": {"id": 589}}, {"type": "Feature", "geometry": {"type": "LineString", "coordinates": [[75.20204483851376, 12.095027358928423], [75.20204504528346, 12.095302744261467], [75.2017654173412, 12.095578332937647], [75.2020452520582, 12.09557812958906], [75.2017654173412, 12.095578332937647]]}, "properties": {"id": 590}}, {"type": "Feature", "geometry": {"type": "LineString", "coordinates": [[75.18329575243473, 12.094764973902938], [75.1835755866111, 12.094764789168204], [75.18385542078288, 12.094764604151653], [75.18413525495004, 12.094764418853293], [75.18385542078288, 12.094764604151653]]}, "properties": {"id": 591}}, {"type": "Feature", "geometry": {"type": "LineString", "coordinates": [[75.16734502575783, 12.094499652062236], [75.16762485989835, 12.094499483394777], [75.16790469403468, 12.09449931444552], [75.16762485989835, 12.094499483394777]]}, "properties": {"id": 592}}, {"type": "Feature", "geometry": {"type": "LineString", "coordinates": [[75.18553385613754, 12.09393733127665], [75.18553404599257, 12.094212716901318], [75.18581387955923, 12.09421252992085], [75.18553404599257, 12.094212716901318]]}, "properties": {"id": 593}}, {"type": "Feature", "geometry": {"type": "LineString", "coordinates": [[75.17070128852889, 12.091743750788272], [75.1707014631733, 12.09201913667932], [75.17098129468604, 12.092018964666474], [75.1707014631733, 12.09201913667932]]}, "properties": {"id": 594}}, {"type": "Feature", "geometry": {"type": "LineString", "coordinates": [[75.17405997530778, 12.092843211423846], [75.17378014298363, 12.092843386548221], [75.17350048817983, 12.093118947219471], [75.17378032079466, 12.09311877237276], [75.17350048817983, 12.093118947219471]]}, "properties": {"id": 595}}, {"type": "Feature", "geometry": {"type": "LineString", "coordinates": [[75.22359022152662, 12.092807775758706], [75.22358999275669, 12.09253239076332], [75.22358976399232, 12.092257005762482], [75.22386959485742, 12.09225678049455], [75.22358976399232, 12.092257005762482]]}, "properties": {"id": 596}}, {"type": "Feature", "geometry": {"type": "LineString", "coordinates": [[75.16706382404807, 12.092296733144764], [75.1667841628345, 12.09257228715299], [75.16678433348336, 12.092847673083444], [75.16650467141503, 12.093123226810818], [75.16678450413639, 12.093123059008448], [75.16650467141503, 12.093123226810818]]}, "properties": {"id": 597}}, {"type": "Feature", "geometry": {"type": "LineString", "coordinates": [[75.15335205821022, 12.092304637345675], [75.15335221511219, 12.092580023462896], [75.15363204744935, 12.092579868911164], [75.15335221511219, 12.092580023462896]]}, "properties": {"id": 598}}, {"type": "Feature", "geometry": {"type": "LineString", "coordinates": [[75.95838320232427, 12.090143816253596], [75.95838222200392, 12.08986846785753], [75.95838124170757, 12.089593119455945], [75.95838026143522, 12.089317771048837], [75.95866005199265, 12.089316806211055], [75.95838026143522, 12.089317771048837]]}, "properties": {"id": 599}}, {"type": "Feature", "geometry": {"type": "LineString", "coordinates": [[75.15866789254453, 12.090649336353444], [75.15894772280338, 12.090649176474479], [75.15866789254453, 12.090649336353444], [75.15894772280338, 12.090649176474479]]}, "properties": {"id": 600}}, {"type": "Feature", "geometry": {"type": "LineString", "coordinates": [[75.2210708335966, 12.0917082503827], [75.22079122913865, 12.091983857886884], [75.22051162410816, 12.092259465114292], [75.22023201850504, 12.092535072064912], [75.2202322438393, 12.092810457123138], [75.22051207534375, 12.0928102352258], [75.2202322438393, 12.092810457123138]]}, "properties": {"id": 601}}, {"type": "Feature", "geometry": {"type": "LineString", "coordinates": [[75.18721036572592, 12.09035619191965], [75.1869305361908, 12.090356380247307], [75.18665051571604, 12.090081182609863], [75.1869303449696, 12.09008099456832], [75.18665051571604, 12.090081182609863]]}, "properties": {"id": 602}}, {"type": "Feature", "geometry": {"type": "LineString", "coordinates": [[75.22526782722647, 12.091154109997904], [75.22554765691268, 12.091153883060754], [75.22582771762539, 12.091429040822094], [75.22582794866318, 12.091704425796861], [75.22610777891065, 12.091704198285598], [75.22638760915244, 12.0917039704926], [75.22610777891065, 12.091704198285598]]}, "properties": {"id": 603}}, {"type": "Feature", "geometry": {"type": "LineString", "coordinates": [[75.22274890404795, 12.090605369661509], [75.22274913191991, 12.090880754710849], [75.22274935979746, 12.091156139754737], [75.22302918953422, 12.091155915353092], [75.22274935979746, 12.091156139754737]]}, "properties": {"id": 604}}, {"type": "Feature", "geometry": {"type": "LineString", "coordinates": [[75.19532542017619, 12.090350607875468], [75.1950455907799, 12.090350804372598], [75.19532542017619, 12.090350607875468], [75.1950455907799, 12.090350804372598]]}, "properties": {"id": 605}}, {"type": "Feature", "geometry": {"type": "LineString", "coordinates": [[75.2163110616363, 12.0884073713613], [75.21631084039707, 12.088131986143756], [75.2165906671118, 12.088131768277934], [75.21687049382112, 12.088131550130461], [75.2165906671118, 12.088131768277934]]}, "properties": {"id": 606}}, {"type": "Feature", "geometry": {"type": "LineString", "coordinates": [[75.96089346171313, 12.087932336274124], [75.96089247901048, 12.087656988037658], [75.9608914963319, 12.087381639795675], [75.9611712846707, 12.087380672582821], [75.96145107298541, 12.087379705088486], [75.96173086127608, 12.087378737312665], [75.96201064954265, 12.087377769255353], [75.96229043778514, 12.08737680091656], [75.96257022600352, 12.087375832296285], [75.96229043778514, 12.08737680091656]]}, "properties": {"id": 607}}, {"type": "Feature", "geometry": {"type": "LineString", "coordinates": [[75.15726761509467, 12.088722428679818], [75.15754744336968, 12.08872227023543], [75.15782727164073, 12.088722111509371], [75.15810709990784, 12.088721952501647], [75.15782727164073, 12.088722111509371]]}, "properties": {"id": 608}}, {"type": "Feature", "geometry": {"type": "LineString", "coordinates": [[75.22078761555785, 12.08757769620612], [75.22078738975604, 12.08730231105475], [75.22078716395978, 12.087026925897936], [75.22106698944218, 12.087026703546556], [75.22078716395978, 12.087026925897936]]}, "properties": {"id": 609}}, {"type": "Feature", "geometry": {"type": "LineString", "coordinates": [[75.15838611821093, 12.08734486252137], [75.15810612968481, 12.087069635633842], [75.1583859562308, 12.087069476366851], [75.15810612968481, 12.087069635633842]]}, "properties": {"id": 610}}, {"type": "Feature", "geometry": {"type": "LineString", "coordinates": [[75.19196412940117, 12.085671391332712], [75.19224375740748, 12.085395812324816], [75.19252358170091, 12.085395618726464], [75.19280340598954, 12.085395424846524], [75.19252358170091, 12.085395618726464]]}, "properties": {"id": 611}}, {"type": "Feature", "geometry": {"type": "LineString", "coordinates": [[75.1634211622864, 12.084312700241274], [75.1637009858945, 12.084312535661933], [75.16398080949847, 12.084312370801031], [75.16426063309835, 12.08431220565857], [75.16398080949847, 12.084312370801031]]}, "properties": {"id": 612}}, {"type": "Feature", "geometry": {"type": "LineString", "coordinates": [[75.17349498693446, 12.084581983998204], [75.17377481067663, 12.084581809278522], [75.17405463441446, 12.084581634277272], [75.17433445814792, 12.084581458994451], [75.17405463441446, 12.084581634277272]]}, "properties": {"id": 613}}, {"type": "Feature", "geometry": {"type": "LineString", "coordinates": [[75.17013744961776, 12.085134830748038], [75.17013727565245, 12.084859444712759], [75.1698572778933, 12.08458422973132], [75.16957745409094, 12.084584400509037], [75.1698572778933, 12.08458422973132]]}, "properties": {"id": 614}}, {"type": "Feature", "geometry": {"type": "LineString", "coordinates": [[75.21826717197808, 12.08510121781062], [75.21854721897562, 12.085376383266363], [75.21882704278518, 12.08537616319894], [75.21854721897562, 12.085376383266363]]}, "properties": {"id": 615}}, {"type": "Feature", "geometry": {"type": "LineString", "coordinates": [[75.20175736803972, 12.084838300937324], [75.20147775049156, 12.085113889362702], [75.20175778063745, 12.085389072010733], [75.202037604763, 12.08538886883844], [75.20231742888352, 12.085388665384558], [75.202037604763, 12.08538886883844]]}, "properties": {"id": 616}}, {"type": "Feature", "geometry": {"type": "LineString", "coordinates": [[75.24764785167883, 12.08425044940177], [75.24764810488512, 12.084525834082463], [75.24792792722886, 12.08452558474792], [75.24820774956639, 12.084525335131818], [75.24848782596848, 12.084800469891837], [75.24876790294279, 12.085075604353108], [75.24904772583386, 12.085075353880569], [75.24876790294279, 12.085075604353108]]}, "properties": {"id": 617}}, {"type": "Feature", "geometry": {"type": "LineString", "coordinates": [[75.23281655982781, 12.083437105939868], [75.23309614304034, 12.083161486552696], [75.23309590474025, 12.0828861015498], [75.23337572568074, 12.082885866889546], [75.23309590474025, 12.0828861015498]]}, "properties": {"id": 618}}, {"type": "Feature", "geometry": {"type": "LineString", "coordinates": [[75.23561308870892, 12.081507054625341], [75.23533350980469, 12.081782676495916], [75.23561332955404, 12.081782439605698], [75.23533350980469, 12.081782676495916]]}, "properties": {"id": 619}}, {"type": "Feature", "geometry": {"type": "LineString", "coordinates": [[75.17629160205925, 12.082101750328544], [75.17629178227496, 12.082377136328352], [75.17629196249507, 12.08265252232272], [75.17657196470145, 12.08292773080125], [75.17685196747995, 12.083202938984478], [75.17713178973901, 12.08320276090686], [75.17741143062038, 12.082927196580922], [75.1776912525845, 12.082927017944417], [75.17797107454415, 12.08292683902639], [75.17825089649934, 12.08292665982683], [75.17853071845008, 12.082926480345744], [75.17881054039634, 12.082926300583129], [75.17853071845008, 12.082926480345744]]}, "properties": {"id": 620}}, {"type": "Feature", "geometry": {"type": "LineString", "coordinates": [[75.18608495827027, 12.081544598687856], [75.18608514848826, 12.081819984548902], [75.18636515967563, 12.082095183053811], [75.1866449806357, 12.082094995421608], [75.18636515967563, 12.082095183053811]]}, "properties": {"id": 621}}, {"type": "Feature", "geometry": {"type": "LineString", "coordinates": [[75.2084701481743, 12.080977950819337], [75.20847036126428, 12.081253336318847], [75.2087501809754, 12.081253126462332], [75.20847036126428, 12.081253336318847]]}, "properties": {"id": 622}}, {"type": "Feature", "geometry": {"type": "LineString", "coordinates": [[75.17992854062796, 12.080997877063082], [75.1802081763517, 12.080722309954423], [75.18048781150343, 12.080446742567352], [75.18048762702867, 12.080171356592572], [75.18048744255843, 12.079895970612352], [75.18076726132692, 12.079895788925922], [75.18048744255843, 12.079895970612352]]}, "properties": {"id": 623}}, {"type": "Feature", "geometry": {"type": "LineString", "coordinates": [[75.21546629295482, 12.081798776192699], [75.21574633364777, 12.082073944641888], [75.21602615407878, 12.08207372745145], [75.21630597450438, 12.082073509979503], [75.21602615407878, 12.08207372745145]]}, "properties": {"id": 624}}, {"type": "Feature", "geometry": {"type": "LineString", "coordinates": [[75.17349232654063, 12.080451193463672], [75.17321233004608, 12.080175981757137], [75.17293251087202, 12.080176155848335], [75.17265286816045, 12.080451715749517], [75.17293268762485, 12.080451541935703], [75.17265286816045, 12.080451715749517]]}, "properties": {"id": 625}}, {"type": "Feature", "geometry": {"type": "LineString", "coordinates": [[75.2403687902293, 12.080126060011958], [75.24064860815531, 12.080125818088847], [75.24092842607531, 12.08012557588428], [75.24064860815531, 12.080125818088847]]}, "properties": {"id": 626}}, {"type": "Feature", "geometry": {"type": "LineString", "coordinates": [[75.2378501855275, 12.079852839686025], [75.23757036782759, 12.07985307878895], [75.23729079264737, 12.080128702589981], [75.23757061063921, 12.080128463762904], [75.23729079264737, 12.080128702589981]]}, "properties": {"id": 627}}, {"type": "Feature", "geometry": {"type": "LineString", "coordinates": [[75.20231184507395, 12.077953254312938], [75.20231163833712, 12.077677868641459], [75.20203182222535, 12.077678071961753], [75.20231163833712, 12.077677868641459]]}, "properties": {"id": 628}}, {"type": "Feature", "geometry": {"type": "LineString", "coordinates": [[75.18664230993495, 12.078239593070816], [75.18636268342678, 12.07851516656339], [75.18608286618, 12.07851535385696], [75.18636268342678, 12.07851516656339]]}, "properties": {"id": 629}}, {"type": "Feature", "geometry": {"type": "LineString", "coordinates": [[75.18188467760424, 12.077141199477797], [75.18188486345889, 12.07741658549108], [75.18216467963109, 12.077416402436032], [75.18244449579873, 12.07741621909959], [75.18272431196179, 12.077416035481747], [75.18244449579873, 12.07741621909959]]}, "properties": {"id": 630}}, {"type": "Feature", "geometry": {"type": "LineString", "coordinates": [[75.21042522828095, 12.076294922210568], [75.21070525809654, 12.076570096025595], [75.21098507290434, 12.076569884001776], [75.21070525809654, 12.076570096025595]]}, "properties": {"id": 631}}, {"type": "Feature", "geometry": {"type": "LineString", "coordinates": [[75.17628799867225, 12.076594029189044], [75.17656781407648, 12.076593851774417], [75.17684762947628, 12.076593674078413], [75.17712744487166, 12.076593496101033], [75.17684762947628, 12.076593674078413]]}, "properties": {"id": 632}}, {"type": "Feature", "geometry": {"type": "LineString", "coordinates": [[75.20818692458973, 12.076571991578135], [75.20818713731026, 12.076847377169672], [75.2084669524512, 12.076847167673307], [75.20818713731026, 12.076847377169672]]}, "properties": {"id": 633}}, {"type": "Feature", "geometry": {"type": "LineString", "coordinates": [[75.20706597268877, 12.074369741645134], [75.2070657611585, 12.074094355985004], [75.20706554963344, 12.073818970319437], [75.20734536165064, 12.073818762002379], [75.20706554963344, 12.073818970319437]]}, "properties": {"id": 634}}, {"type": "Feature", "geometry": {"type": "LineString", "coordinates": [[75.19587106412091, 12.071073213471955], [75.19587126416359, 12.071348599382109], [75.19559145451174, 12.071348796123933], [75.19587126416359, 12.071348599382109]]}, "properties": {"id": 635}}, {"type": "Feature", "geometry": {"type": "LineString", "coordinates": [[75.24539723818168, 12.071033960582962], [75.2451176801296, 12.07130959209426], [75.24511793047252, 12.071584977083228], [75.24539773943289, 12.071584730554767], [75.24511793047252, 12.071584977083228]]}, "properties": {"id": 636}}, {"type": "Feature", "geometry": {"type": "LineString", "coordinates": [[75.23112629455902, 12.070220018505387], [75.23112653059043, 12.070495403797075], [75.23140633870608, 12.070495171353079], [75.23168614681593, 12.070494938627853], [75.23140633870608, 12.070495171353079]]}, "properties": {"id": 637}}, {"type": "Feature", "geometry": {"type": "LineString", "coordinates": [[75.34864463136509, 12.069822267694189], [75.34892443585927, 12.069821917154147], [75.3492042403447, 12.069821566332905], [75.34948404482138, 12.069821215230466], [75.3492042403447, 12.069821566332905]]}, "properties": {"id": 638}}, {"type": "Feature", "geometry": {"type": "LineString", "coordinates": [[75.1871956333699, 12.06915147904291], [75.18747544087971, 12.069151290773956], [75.18747524944752, 12.068875904684592], [75.18747505802003, 12.068600518589784], [75.18747486659723, 12.068325132489539], [75.18775467324522, 12.068324943952673], [75.18747486659723, 12.068325132489539]]}, "properties": {"id": 639}}, {"type": "Feature", "geometry": {"type": "LineString", "coordinates": [[75.33884731691712, 12.066529766518412], [75.33884766284567, 12.066805149291813], [75.33856820683546, 12.067080872396676], [75.33828840487978, 12.067081212452456], [75.33856820683546, 12.067080872396676]]}, "properties": {"id": 640}}, {"type": "Feature", "geometry": {"type": "LineString", "coordinates": [[75.17823887909466, 12.064751174815976], [75.17823869716229, 12.064475788497198], [75.17823851523437, 12.064200402172984], [75.17823833331092, 12.063925015843331], [75.17851813553996, 12.063924836652697], [75.17823833331092, 12.063925015843331]]}, "properties": {"id": 641}}, {"type": "Feature", "geometry": {"type": "LineString", "coordinates": [[75.18047601423036, 12.062822029210656], [75.18047583004484, 12.062546642887677], [75.18047564586382, 12.062271256559258], [75.18075544634357, 12.062271075145613], [75.18047564586382, 12.062271256559258]]}, "properties": {"id": 642}}, {"type": "Feature", "geometry": {"type": "LineString", "coordinates": [[75.24734958317285, 12.064147601623276], [75.24734983564086, 12.064422986707239], [75.2470702863399, 12.064698620137149], [75.24735008811507, 12.064698371785761], [75.2470702863399, 12.064698620137149]]}, "properties": {"id": 643}}, {"type": "Feature", "geometry": {"type": "LineString", "coordinates": [[75.24035430591103, 12.063878340560889], [75.24007474987688, 12.064153967107016], [75.24035455123342, 12.064153725794144], [75.24007474987688, 12.064153967107016]]}, "properties": {"id": 644}}, {"type": "Feature", "geometry": {"type": "LineString", "coordinates": [[75.24566952217594, 12.062772161769573], [75.24566977289972, 12.063047546915634], [75.24539022324532, 12.063323178692151], [75.24539047369582, 12.063598563833132], [75.24539072415246, 12.06387394896867], [75.2451111733681, 12.064149580470968], [75.24539097461525, 12.064149334098767], [75.2451111733681, 12.064149580470968]]}, "properties": {"id": 645}}, {"type": "Feature", "geometry": {"type": "LineString", "coordinates": [[75.25658144816965, 12.0624869392897], [75.25658171002338, 12.062762324210103], [75.25630217202988, 12.063037966715985], [75.25658197188353, 12.06303770912506], [75.25630217202988, 12.063037966715985]]}, "properties": {"id": 646}}, {"type": "Feature", "geometry": {"type": "LineString", "coordinates": [[75.22216495681063, 12.061139584728652], [75.22188515821894, 12.061139807714014], [75.22188538463759, 12.061415193361599], [75.22216518351478, 12.061414970370995], [75.22188538463759, 12.061415193361599]]}, "properties": {"id": 647}}, {"type": "Feature", "geometry": {"type": "LineString", "coordinates": [[75.2484659986235, 12.061117369428441], [75.24818594733507, 12.060842233696304], [75.24790614957615, 12.060842482809008], [75.24818594733507, 12.060842233696304]]}, "properties": {"id": 648}}, {"type": "Feature", "geometry": {"type": "LineString", "coordinates": [[75.64856741485931, 12.060473237954653], [75.64828763287304, 12.060473889139319], [75.64856741485931, 12.060473237954653], [75.64828763287304, 12.060473889139319]]}, "properties": {"id": 649}}, {"type": "Feature", "geometry": {"type": "LineString", "coordinates": [[75.18242959611617, 12.055385321534255], [75.18270938942781, 12.055385138261078], [75.18242959611617, 12.055385321534255], [75.18270938942781, 12.055385138261078]]}, "properties": {"id": 650}}, {"type": "Feature", "geometry": {"type": "LineString", "coordinates": [[75.2515417233985, 12.058911526847446], [75.2518215190778, 12.05891127412339], [75.2521013147508, 12.058911021118389], [75.2518215190778, 12.05891127412339]]}, "properties": {"id": 651}}, {"type": "Feature", "geometry": {"type": "LineString", "coordinates": [[75.22412080280131, 12.057833388273076], [75.22440059792272, 12.05783316310319], [75.22468016383792, 12.0575575519868], [75.22467993464294, 12.057282166315789], [75.22495972918227, 12.057281940594661], [75.22467993464294, 12.057282166315789]]}, "properties": {"id": 652}}, {"type": "Feature", "geometry": {"type": "LineString", "coordinates": [[75.25825602753768, 12.0580792290321], [75.25797623286147, 12.058079488199667], [75.25825602753768, 12.0580792290321], [75.25797623286147, 12.058079488199667]]}, "properties": {"id": 653}}, {"type": "Feature", "geometry": {"type": "LineString", "coordinates": [[75.22915571160378, 12.05617697867279], [75.22943573893461, 12.056452134080416], [75.22971553252107, 12.056451903600065], [75.22943573893461, 12.056452134080416]]}, "properties": {"id": 654}}, {"type": "Feature", "geometry": {"type": "LineString", "coordinates": [[75.1852286626112, 12.057035794427618], [75.18494886762866, 12.057035980254813], [75.1852286626112, 12.057035794427618], [75.18494886762866, 12.057035980254813]]}, "properties": {"id": 655}}, {"type": "Feature", "geometry": {"type": "LineString", "coordinates": [[75.25601636414311, 12.056704369327539], [75.25573630998619, 12.056429241159323], [75.25573604913635, 12.05615385609571], [75.2557357882929, 12.055878471026658], [75.25601558073741, 12.055878214154811], [75.2557357882929, 12.055878471026658]]}, "properties": {"id": 656}}, {"type": "Feature", "geometry": {"type": "LineString", "coordinates": [[75.22495835241817, 12.055629626486251], [75.22523791551322, 12.05535401481764], [75.22551770804363, 12.055353788571917], [75.22523791551322, 12.05535401481764]]}, "properties": {"id": 657}}, {"type": "Feature", "geometry": {"type": "LineString", "coordinates": [[75.24230599070177, 12.056165855917495], [75.24230623785333, 12.056441241263151], [75.242586031168, 12.056440997861873], [75.24258627861103, 12.05671638319637], [75.24286607220502, 12.056716139508476], [75.24258627861103, 12.05671638319637]]}, "properties": {"id": 658}}, {"type": "Feature", "geometry": {"type": "LineString", "coordinates": [[75.23642912999217, 12.054793974937436], [75.23670892172058, 12.054793737468326], [75.23698871344305, 12.054793499718366], [75.2372685051596, 12.054793261687557], [75.23698871344305, 12.054793499718366]]}, "properties": {"id": 659}}, {"type": "Feature", "geometry": {"type": "LineString", "coordinates": [[75.18746453673636, 12.053454275001666], [75.18718474550079, 12.053454463018657], [75.18718493638481, 12.053729849416888], [75.1874647279057, 12.053729661395476], [75.18718493638481, 12.053729849416888]]}, "properties": {"id": 660}}, {"type": "Feature", "geometry": {"type": "LineString", "coordinates": [[75.22495559949819, 12.052324997682431], [75.22495582887721, 12.052600383445972], [75.22495605826187, 12.05287576920408], [75.22523584822996, 12.052875543287028], [75.22495605826187, 12.05287576920408]]}, "properties": {"id": 661}}, {"type": "Feature", "geometry": {"type": "LineString", "coordinates": [[75.23502753492536, 12.051765916999654], [75.23474750695354, 12.051490767132671], [75.23446771860748, 12.051491002569401], [75.23418816903138, 12.051766623326449], [75.23446795766858, 12.05176638816496], [75.23418816903138, 12.051766623326449]]}, "properties": {"id": 662}}, {"type": "Feature", "geometry": {"type": "LineString", "coordinates": [[75.17767129722584, 12.052634528841073], [75.17795090631016, 12.052358963822487], [75.17823069655546, 12.052358785089424], [75.17851048679631, 12.052358606075565], [75.17823069655546, 12.052358785089424]]}, "properties": {"id": 663}}, {"type": "Feature", "geometry": {"type": "LineString", "coordinates": [[75.18690304853071, 12.050700786429552], [75.18662306987655, 12.050425587374018], [75.18662287961921, 12.050150200901776], [75.18690266744089, 12.050150013499312], [75.18662287961921, 12.050150200901776]]}, "properties": {"id": 664}}, {"type": "Feature", "geometry": {"type": "LineString", "coordinates": [[75.23027065793974, 12.051219114744553], [75.23055068114948, 12.051494269202626], [75.2305509162169, 12.05176965487499], [75.23083070492977, 12.051769423363616], [75.2305509162169, 12.05176965487499]]}, "properties": {"id": 665}}, {"type": "Feature", "geometry": {"type": "LineString", "coordinates": [[75.23838353973069, 12.05011075323626], [75.2386635698778, 12.050385899435875], [75.23894360059538, 12.050661045338051], [75.23866405651607, 12.05093667049757], [75.23894384420275, 12.050936430860547], [75.23866405651607, 12.05093667049757]]}, "properties": {"id": 666}}, {"type": "Feature", "geometry": {"type": "LineString", "coordinates": [[75.18494302141279, 12.048499000315644], [75.18466304704145, 12.048223799185822], [75.18438326117902, 12.048223984311873], [75.18466304704145, 12.048223799185822]]}, "properties": {"id": 667}}, {"type": "Feature", "geometry": {"type": "LineString", "coordinates": [[75.30944760821242, 12.04866402113714], [75.30916782453619, 12.04866433146567], [75.30888804085224, 12.048664641513504], [75.30860825716054, 12.048664951280644], [75.30888804085224, 12.048664641513504]]}, "properties": {"id": 668}}, {"type": "Feature", "geometry": {"type": "LineString", "coordinates": [[75.18858043307351, 12.04877195090116], [75.18830045476561, 12.048496753487559], [75.18830026282987, 12.048221367003832], [75.18858004862696, 12.048221177948035], [75.18830026282987, 12.048221367003832]]}, "properties": {"id": 669}}, {"type": "Feature", "geometry": {"type": "LineString", "coordinates": [[75.30524991883976, 12.047842494442545], [75.30552939035832, 12.047566804011913], [75.30580917299392, 12.047566497361288], [75.30580886130656, 12.047291113309594], [75.30608864364937, 12.047290806385517], [75.30580886130656, 12.047291113309594]]}, "properties": {"id": 670}}, {"type": "Feature", "geometry": {"type": "LineString", "coordinates": [[75.17654907522909, 12.047953667208551], [75.1768290411717, 12.048228876611946], [75.17710882715629, 12.048228699064703], [75.1768290411717, 12.048228876611946]]}, "properties": {"id": 671}}, {"type": "Feature", "geometry": {"type": "LineString", "coordinates": [[75.31979764298725, 12.047000039605074], [75.32007775087519, 12.047275102335949], [75.32035753281832, 12.04727478109806], [75.32007775087519, 12.047275102335949]]}, "properties": {"id": 672}}, {"type": "Feature", "geometry": {"type": "LineString", "coordinates": [[75.1723514108302, 12.046579358721479], [75.17235158648455, 12.046854745480314], [75.17235176214322, 12.047130132233718], [75.17263154705714, 12.04712995919391], [75.17235176214322, 12.047130132233718]]}, "properties": {"id": 673}}, {"type": "Feature", "geometry": {"type": "LineString", "coordinates": [[75.22299229982522, 12.046543468098944], [75.22327208327262, 12.046543244268623], [75.22355186671443, 12.046543020157648], [75.22383165015066, 12.046542795766017], [75.22383187827087, 12.046818181664827], [75.22383210639671, 12.047093567558209], [75.22411189039761, 12.047093342875355], [75.22383210639671, 12.047093567558209]]}, "properties": {"id": 674}}, {"type": "Feature", "geometry": {"type": "LineString", "coordinates": [[75.27055484851307, 12.045950615515464], [75.27083463033955, 12.045950343987254], [75.27111468845385, 12.04622545710126], [75.27139447055188, 12.046225185005376], [75.27111468845385, 12.04622545710126]]}, "properties": {"id": 675}}, {"type": "Feature", "geometry": {"type": "LineString", "coordinates": [[75.01790951659285, 12.039471945710483], [75.01762975630055, 12.039747351664836], [75.01734999543832, 12.040022757334098], [75.01707023400611, 12.040298162718248], [75.01679047200395, 12.040573567817267], [75.0165107094318, 12.040848972631135], [75.0165107262507, 12.041124360745009], [75.01651074307001, 12.041399748853452], [75.0167905404204, 12.041675120260331], [75.01707032095065, 12.041675103283643], [75.0167905404204, 12.041675120260331]]}, "properties": {"id": 676}}, {"type": "Feature", "geometry": {"type": "LineString", "coordinates": [[75.2551665777853, 12.045689732105734], [75.25516631775533, 12.04541434681811], [75.25544609937366, 12.045414090736934], [75.25516631775533, 12.04541434681811]]}, "properties": {"id": 677}}, {"type": "Feature", "geometry": {"type": "LineString", "coordinates": [[75.31671810749945, 12.0453512487899], [75.3167177847547, 12.045075864981152], [75.31643768253716, 12.044800798689016], [75.31615758088977, 12.044525732095911], [75.31643736009333, 12.044525414861925], [75.31615758088977, 12.044525732095911]]}, "properties": {"id": 678}}, {"type": "Feature", "geometry": {"type": "LineString", "coordinates": [[75.32595084468984, 12.04534061264364], [75.32567106490424, 12.045340939440951], [75.3253912851105, 12.045341265957648], [75.32539161670124, 12.045616649526131], [75.32567139678008, 12.045616323001752], [75.32539161670124, 12.045616649526131]]}, "properties": {"id": 679}}, {"type": "Feature", "geometry": {"type": "LineString", "coordinates": [[75.27922694376798, 12.044840528653141], [75.27894716328832, 12.044840808574056], [75.27866766676658, 12.04511647298382], [75.27838760230807, 12.044841367574055], [75.27866738280169, 12.044841088214358], [75.27838760230807, 12.044841367574055]]}, "properties": {"id": 680}}, {"type": "Feature", "geometry": {"type": "LineString", "coordinates": [[75.3052430758612, 12.04178404385217], [75.30496360987622, 12.042059733972275], [75.30468383291935, 12.042060039637041], [75.30496360987622, 12.042059733972275]]}, "properties": {"id": 681}}, {"type": "Feature", "geometry": {"type": "LineString", "coordinates": [[75.32427018332253, 12.043690267509286], [75.3239900750901, 12.043415208932188], [75.32371029724307, 12.0434155337117], [75.32343051938795, 12.043415858210647], [75.32343084892634, 12.043691241870759], [75.3237106270665, 12.043690917364179], [75.32343084892634, 12.043691241870759]]}, "properties": {"id": 682}}, {"type": "Feature", "geometry": {"type": "LineString", "coordinates": [[75.223828913145, 12.04323816455666], [75.2241086931545, 12.043237939947794], [75.2243884731584, 12.04323771505835], [75.22438870178149, 12.043513101011758], [75.2243889304102, 12.043788486959734], [75.2246687109786, 12.043788261779122], [75.2243889304102, 12.043788486959734]]}, "properties": {"id": 683}}, {"type": "Feature", "geometry": {"type": "LineString", "coordinates": [[75.30776263321833, 12.043158198279528], [75.30804241123096, 12.043157889499778], [75.30832218923587, 12.043157580439466], [75.30832250337382, 12.043432964507478], [75.30860228165606, 12.043432655159322], [75.30832250337382, 12.043432964507478]]}, "properties": {"id": 684}}, {"type": "Feature", "geometry": {"type": "LineString", "coordinates": [[75.31363796985502, 12.043151654986294], [75.31335851126667, 12.043427353313321], [75.31307841413299, 12.0431522834878], [75.3127983175694, 12.042877213361503], [75.31307809515714, 12.042876899538978], [75.3127983175694, 12.042877213361503]]}, "properties": {"id": 685}}, {"type": "Feature", "geometry": {"type": "LineString", "coordinates": [[75.32538730665694, 12.042036662711903], [75.32566741480805, 12.042311719913398], [75.32566774659423, 12.042587103533988], [75.32566807838855, 12.042862487149142], [75.32594818769608, 12.04313754402305], [75.32622796519298, 12.043137217006675], [75.32594818769608, 12.04313754402305]]}, "properties": {"id": 686}}, {"type": "Feature", "geometry": {"type": "LineString", "coordinates": [[75.22662486596272, 12.041032818359971], [75.22634485771663, 12.040757659486198], [75.22634462715482, 12.04048227351572], [75.22662440426342, 12.040482046435127], [75.22634462715482, 12.04048227351572]]}, "properties": {"id": 687}}, {"type": "Feature", "geometry": {"type": "LineString", "coordinates": [[75.30076603553599, 12.041238136603305], [75.30076572915448, 12.040962752297817], [75.30048564713493, 12.04068766940811], [75.30076542278049, 12.040687367986896], [75.30048564713493, 12.04068766940811]]}, "properties": {"id": 688}}, {"type": "Feature", "geometry": {"type": "LineString", "coordinates": [[75.31307618146653, 12.041224595731954], [75.31335595733637, 12.041224281673218], [75.31363573319834, 12.041223967333963], [75.31391550905248, 12.04122365271419], [75.31363573319834, 12.041223967333963]]}, "properties": {"id": 689}}, {"type": "Feature", "geometry": {"type": "LineString", "coordinates": [[75.24397032513204, 12.040192033981379], [75.24369030045473, 12.039916892810115], [75.24369005224226, 12.039641507167149], [75.24396957963972, 12.039365877069743], [75.24424935523746, 12.039365632340251], [75.24396957963972, 12.039365877069743]]}, "properties": {"id": 690}}, {"type": "Feature", "geometry": {"type": "LineString", "coordinates": [[75.30495895048894, 12.037928970671844], [75.30523872316375, 12.03792866483452], [75.30551849583094, 12.03792835871676], [75.30579826849048, 12.037928052318557], [75.30607804114236, 12.037927745639916], [75.30579826849048, 12.037928052318557]]}, "properties": {"id": 691}}, {"type": "Feature", "geometry": {"type": "LineString", "coordinates": [[75.31027241831491, 12.035995422814441], [75.31027273424627, 12.036270806972611], [75.31027305018539, 12.036546191125355], [75.31055313752117, 12.036821264136286], [75.3108329089023, 12.036820952719502], [75.31055313752117, 12.036821264136286]]}, "properties": {"id": 692}}, {"type": "Feature", "geometry": {"type": "LineString", "coordinates": [[75.32454367993442, 12.038457652270614], [75.32482312181826, 12.038181943062174], [75.32510256313225, 12.037906233583183], [75.32538233523913, 12.037905907554302], [75.32510256313225, 12.037906233583183]]}, "properties": {"id": 693}}, {"type": "Feature", "geometry": {"type": "LineString", "coordinates": [[75.29180576358918, 12.034363028539072], [75.29208523554784, 12.03408735131392], [75.29236470693688, 12.033811673816775], [75.29264447567539, 12.033811380702794], [75.29236470693688, 12.033811673816775]]}, "properties": {"id": 694}}, {"type": "Feature", "geometry": {"type": "LineString", "coordinates": [[75.31474682315765, 12.034338106981707], [75.31502659185773, 12.034337791425605], [75.31530636054993, 12.034337475589151], [75.31558612923423, 12.034337159472342], [75.31558645053056, 12.034612543522815], [75.31586621949178, 12.034612227118206], [75.31558645053056, 12.034612543522815]]}, "properties": {"id": 695}}, {"type": "Feature", "geometry": {"type": "LineString", "coordinates": [[75.31222636175663, 12.032137861060495], [75.31250612824903, 12.032137548086526], [75.31278589473364, 12.032137234832259], [75.31306566121039, 12.03213692129769], [75.31278589473364, 12.032137234832259]]}, "properties": {"id": 696}}, {"type": "Feature", "geometry": {"type": "LineString", "coordinates": [[75.28956348219418, 12.030509972411199], [75.2895637769007, 12.0307853572016], [75.28984383757812, 12.03106045174437], [75.28984413258387, 12.031335836517083], [75.28984442759688, 12.031611221284363], [75.28956466106375, 12.031611511540241], [75.28984442759688, 12.031611221284363]]}, "properties": {"id": 697}}, {"type": "Feature", "geometry": {"type": "LineString", "coordinates": [[75.1885675643914, 12.030321045150654], [75.18828798874563, 12.030596620753958], [75.18800822118102, 12.030596809244928], [75.18828798874563, 12.030596620753958]]}, "properties": {"id": 698}}, {"type": "Feature", "geometry": {"type": "LineString", "coordinates": [[75.04476530940451, 12.02184408187411], [75.04448554945378, 12.021844126548919], [75.04420578950193, 12.021844170943655], [75.04392602954897, 12.021844215058325], [75.0436462252073, 12.021568870468421], [75.04364618082076, 12.0212934820385], [75.04336637733367, 12.021018137154615], [75.04308661823096, 12.021018180426013], [75.04280685912715, 12.021018223417364], [75.0425271000223, 12.021018266128669], [75.04224729795446, 12.0207429201141], [75.04196749645561, 12.02046757381208], [75.04168769552571, 12.020192227222623], [75.04140789516475, 12.019916880345756], [75.04112809537274, 12.019641533181495], [75.04084833768398, 12.019641574207666], [75.04056857999419, 12.019641614953821], [75.0402888223034, 12.019641655419957], [75.04000906461158, 12.019641695606078], [75.03972930691877, 12.019641735512181], [75.03944954922495, 12.019641775138268], [75.03916979153017, 12.01964181448434], [75.03888999429125, 12.019366465066], [75.03861019762125, 12.019091115360405], [75.03833040152011, 12.01881576536757], [75.0380506446748, 12.018815803590872], [75.03777088782851, 12.018815841534174], [75.03749109286325, 12.018540490692338], [75.03721133629953, 12.01854052807477], [75.03693157973487, 12.01854056517721], [75.03665182316928, 12.018540601999655], [75.0363720666028, 12.018540638542119], [75.03609231003539, 12.018540674804585], [75.03581255346708, 12.018540710787061], [75.03553279689787, 12.01854074648955], [75.03525304032777, 12.018540781912046], [75.0349732837568, 12.018540817054555], [75.03469352718496, 12.018540851917072], [75.03441377061223, 12.0185408864996], [75.03413401403866, 12.018540920802137], [75.03385425746421, 12.018540954824685], [75.03357450088893, 12.01854098856724], [75.03385425746421, 12.018540954824685]]}, "properties": {"id": 699}}, {"type": "Feature", "geometry": {"type": "LineString", "coordinates": [[75.0086762954883, 12.022673698143238], [75.00895604726936, 12.022398300831505], [75.00923579848137, 12.0221229032347], [75.00923578908848, 12.02184751473888], [75.0092357796958, 12.021572126237643], [75.00951552977021, 12.021296728345387], [75.00979527927562, 12.021021330168105], [75.01007502821204, 12.02074593170582], [75.01007501796684, 12.020470543183604], [75.01035476605006, 12.020195144431153], [75.0103547555209, 12.019919755898345], [75.010354744992, 12.019644367360117], [75.01035473446336, 12.019368978816475], [75.01035472393497, 12.019093590267415], [75.01035471340684, 12.018818201712943], [75.01035470287897, 12.01854281315305], [75.01035469235137, 12.018267424587743], [75.01035468182403, 12.017992036017025], [75.01035467129694, 12.017716647440889], [75.0103546607701, 12.017441258859336], [75.01035465024353, 12.017165870272368], [75.01035463971722, 12.016890481679987], [75.01035462919117, 12.016615093082189], [75.01063437301133, 12.016339693977606], [75.01091411626275, 12.01606429458817], [75.01119385894543, 12.015788894913904], [75.01147360105938, 12.015513494954826], [75.01147358939721, 12.015238106330987], [75.01147357773534, 12.014962717701735], [75.01147356607376, 12.014687329067069], [75.01147355441246, 12.014411940426989], [75.01147354275145, 12.01413655178149], [75.01175328287647, 12.013861151511927], [75.01175327093172, 12.013585762855875], [75.01175325898727, 12.013310374194413], [75.01175324704312, 12.01303498552754], [75.01175323509925, 12.012759596855252], [75.01175322315568, 12.012484208177549], [75.0117532112124, 12.012208819494436], [75.0117531992694, 12.01193343080591], [75.01175318732672, 12.011658042111968], [75.01175317538434, 12.011382653412618], [75.01175316344224, 12.011107264707853], [75.01175315150041, 12.010831875997676], [75.0117531395589, 12.010556487282084], [75.01175312761768, 12.010281098561082], [75.01175311567677, 12.010005709834665], [75.01175310373613, 12.00973032110284], [75.0117530917958, 12.009454932365601], [75.01175307985575, 12.009179543622952], [75.011753067916, 12.008904154874893], [75.01147330959147, 12.008628777734874], [75.01147329793648, 12.008353388975712], [75.01147328628178, 12.008078000211146], [75.01147327462738, 12.007802611441166], [75.01147326297325, 12.007527222665775], [75.0114732513194, 12.007251833884972], [75.01147323966585, 12.00697644509876], [75.01147322801259, 12.006701056307136], [75.01147321635962, 12.006425667510106], [75.01147320470693, 12.006150278707658], [75.01147319305453, 12.005874889899804], [75.01147318140242, 12.00559950108654], [75.01147316975059, 12.005324112267866], [75.01147315809904, 12.00504872344378], [75.01147314644778, 12.004773334614285], [75.01147313479682, 12.00449794577938], [75.01147312314615, 12.004222556939068], [75.01175286498525, 12.00422254533], [75.01147312314615, 12.004222556939068]]}, "properties": {"id": 700}}, {"type": "Feature", "geometry": {"type": "LineString", "coordinates": [[75.3144600129855, 12.028279971119298], [75.3147397754292, 12.02827965600685], [75.31474009569779, 12.028555040199073], [75.31474041597426, 12.02883042438587], [75.31446097296089, 12.029106123701954], [75.31446129296842, 12.029381507885317], [75.31474105655083, 12.029381192743175], [75.31446129296842, 12.029381507885317]]}, "properties": {"id": 701}}, {"type": "Feature", "geometry": {"type": "LineString", "coordinates": [[75.28900012826024, 12.026930549080928], [75.28928018429582, 12.027205644369388], [75.28928047863074, 12.02748102923174], [75.28928077297292, 12.02775641408867], [75.28900101041111, 12.027756703688459], [75.28928077297292, 12.02775641408867]]}, "properties": {"id": 702}}, {"type": "Feature", "geometry": {"type": "LineString", "coordinates": [[75.30214553946213, 12.023887405608003], [75.30186578122498, 12.023887707997078], [75.30158571621928, 12.023612625479856], [75.30158540946584, 12.023337240848234], [75.30186516714147, 12.0233369387535], [75.30158540946584, 12.023337240848234]]}, "properties": {"id": 703}}, {"type": "Feature", "geometry": {"type": "LineString", "coordinates": [[75.30298912949638, 12.027741880457935], [75.30270936729752, 12.027742183787353], [75.30242991281924, 12.028017871360005], [75.30243022055494, 12.028293255878005], [75.30270998333069, 12.028292952814505], [75.30243022055494, 12.028293255878005]]}, "properties": {"id": 704}}, {"type": "Feature", "geometry": {"type": "LineString", "coordinates": [[75.1849287075764, 12.027569608066623], [75.18464894308741, 12.027569793146354], [75.1849287075764, 12.027569608066623], [75.18464894308741, 12.027569793146354]]}, "properties": {"id": 705}}, {"type": "Feature", "geometry": {"type": "LineString", "coordinates": [[75.29291232196998, 12.022795697145758], [75.29291261988796, 12.023071082005636], [75.29319267571958, 12.023346173448164], [75.29319297393675, 12.02362155829028], [75.29347273212026, 12.023621264591347], [75.29319297393675, 12.02362155829028]]}, "properties": {"id": 706}}, {"type": "Feature", "geometry": {"type": "LineString", "coordinates": [[75.26885480508146, 12.024472194103414], [75.26913429096412, 12.024196539357755], [75.26941405032208, 12.024196269734654], [75.26969380967331, 12.024195999831441], [75.26941405032208, 12.024196269734654]]}, "properties": {"id": 707}}, {"type": "Feature", "geometry": {"type": "LineString", "coordinates": [[75.05959228200801, 12.02046437150072], [75.05931246323593, 12.020189042628608], [75.05903264503279, 12.01991371346825], [75.05875282739858, 12.01963838401967], [75.0584730697883, 12.01963844268687], [75.05819331217658, 12.019638501074056], [75.05791355456341, 12.019638559181224], [75.05763379694878, 12.019638617008377], [75.05735403933271, 12.019638674555514], [75.0570742817152, 12.019638731822633], [75.05679452409628, 12.019638788809736], [75.05651482394119, 12.019914233924895], [75.056794581846, 12.019914177216467], [75.05651482394119, 12.019914233924895]]}, "properties": {"id": 708}}, {"type": "Feature", "geometry": {"type": "LineString", "coordinates": [[75.06826548772486, 12.023216270803905], [75.0682654182917, 12.022940882522668], [75.06854517926034, 12.022940814035538], [75.06882494022727, 12.022940745268311], [75.06854517926034, 12.022940814035538]]}, "properties": {"id": 709}}, {"type": "Feature", "geometry": {"type": "LineString", "coordinates": [[75.30522132734619, 12.022507138121416], [75.30550108406949, 12.022506832407128], [75.3057805297942, 12.022231141866918], [75.30578021881092, 12.021955757315643], [75.3060599749499, 12.021955451055648], [75.30634004263354, 12.022230529052425], [75.30661979904171, 12.022230222225087], [75.30689955544221, 12.022229915117684], [75.30717899942921, 12.021954223215102], [75.30745875552984, 12.02195391555482], [75.30717899942921, 12.021954223215102]]}, "properties": {"id": 710}}, {"type": "Feature", "geometry": {"type": "LineString", "coordinates": [[75.28423752839016, 12.020601572804978], [75.28451757300054, 12.020876673250617], [75.2847973285631, 12.020876388301891], [75.28451757300054, 12.020876673250617]]}, "properties": {"id": 711}}, {"type": "Feature", "geometry": {"type": "LineString", "coordinates": [[75.31389346294068, 12.022222146412178], [75.31389314370675, 12.021946762072897], [75.31417289962081, 12.021946447691272], [75.31389314370675, 12.021946762072897]]}, "properties": {"id": 712}}, {"type": "Feature", "geometry": {"type": "LineString", "coordinates": [[75.30689674662685, 12.019751454221138], [75.30689643457463, 12.019476069649958], [75.30689612253012, 12.019200685073352], [75.30717587579376, 12.01920037776557], [75.30689612253012, 12.019200685073352]]}, "properties": {"id": 713}}, {"type": "Feature", "geometry": {"type": "LineString", "coordinates": [[75.2873145439721, 12.020323041076166], [75.28759429889415, 12.020322753340677], [75.28787405380902, 12.020322465325172], [75.28815380871667, 12.020322177029646], [75.28843356361712, 12.0203218884541], [75.28815380871667, 12.020322177029646]]}, "properties": {"id": 714}}, {"type": "Feature", "geometry": {"type": "LineString", "coordinates": [[75.27836181661011, 12.019781330226804], [75.27836153357123, 12.019505944951414], [75.27836125053932, 12.019230559670603], [75.27864100455015, 12.019230280922036], [75.27836125053932, 12.019230559670603]]}, "properties": {"id": 715}}, {"type": "Feature", "geometry": {"type": "LineString", "coordinates": [[75.02014608200852, 12.017165336123615], [75.0201461024891, 12.017440724697988], [75.02042585795914, 12.017440704396883], [75.02070561342866, 12.017440683815813], [75.02098536889768, 12.017440662954781], [75.02126512436617, 12.01744064181378], [75.02154487983412, 12.01744062039282], [75.02182463530153, 12.017440598691893], [75.02210439076839, 12.017440576711005], [75.02238414623471, 12.017440554450152], [75.02266390170047, 12.017440531909335], [75.02294365716565, 12.017440509088553], [75.02322341263027, 12.017440485987807], [75.02350316809431, 12.017440462607095], [75.02378292355775, 12.017440438946425], [75.0240626790206, 12.017440415005787], [75.02378292355775, 12.017440438946425]]}, "properties": {"id": 716}}, {"type": "Feature", "geometry": {"type": "LineString", "coordinates": [[75.2973823906356, 12.017283273058716], [75.29738269295721, 12.017558657915647], [75.29738299528626, 12.01783404276715], [75.29766274738498, 12.017833745014164], [75.29738299528626, 12.01783404276715]]}, "properties": {"id": 717}}, {"type": "Feature", "geometry": {"type": "LineString", "coordinates": [[75.30241760959626, 12.017002486191023], [75.30213785847826, 12.017002788681909], [75.3018581073527, 12.017003090892855], [75.30157804964726, 12.016728008062072], [75.301857800496, 12.01672770613818], [75.30157804964726, 12.016728008062072]]}, "properties": {"id": 718}}, {"type": "Feature", "geometry": {"type": "LineString", "coordinates": [[75.28507186711589, 12.015919170548264], [75.28535161754473, 12.015918885160595], [75.28507186711589, 12.015919170548264], [75.28535161754473, 12.015918885160595]]}, "properties": {"id": 719}}], "crs": {"type": "name", "properties": {"name": "EPSG:4326"}}}