{"type": "FeatureCollection", "features": [{"type": "Feature", "geometry": {"type": "LineString", "coordinates": [[75.646555, 12.472144], [75.646278, 12.471874], [75.646278, 12.471602], [75.646277, 12.471331], [75.646001, 12.471332]]}, "properties": {"length_m": 150.0, "drop_m": 41.4, "reach_angle_deg": 15.42, "max_velocity_ms": 8.3, "mean_velocity_ms": 6.9, "source_susceptibility": 0.623, "buildings_at_risk": 0, "road_km_at_risk": 0.0}}, {"type": "Feature", "geometry": {"type": "LineString", "coordinates": [[75.684156, 12.175003], [75.683881, 12.175003], [75.683605, 12.175004], [75.683329, 12.174733], [75.683052, 12.174463], [75.682776, 12.174463], [75.6825, 12.174193], [75.682224, 12.174194], [75.681948, 12.174194], [75.681673, 12.174195], [75.681397, 12.174196], [75.681122, 12.174468], [75.680846, 12.174468], [75.68057, 12.174469], [75.680295, 12.17447], [75.680019, 12.17447], [75.679743, 12.174471], [75.679742, 12.1742]]}, "properties": {"length_m": 540.0, "drop_m": 190.6, "reach_angle_deg": 19.44, "max_velocity_ms": 21.1, "mean_velocity_ms": 12.7, "source_susceptibility": 0.665, "buildings_at_risk": 0, "road_km_at_risk": 0.0}}, {"type": "Feature", "geometry": {"type": "LineString", "coordinates": [[75.683881, 12.175003], [75.683605, 12.175004], [75.683329, 12.174733], [75.683052, 12.174463], [75.682776, 12.174463], [75.6825, 12.174193], [75.682224, 12.174194], [75.681948, 12.174194], [75.681673, 12.174195], [75.681397, 12.174196], [75.681122, 12.174468], [75.680846, 12.174468], [75.68057, 12.174469], [75.680295, 12.17447], [75.680019, 12.17447], [75.679743, 12.174471], [75.679742, 12.1742]]}, "properties": {"length_m": 510.0, "drop_m": 178.9, "reach_angle_deg": 19.33, "max_velocity_ms": 21.1, "mean_velocity_ms": 12.3, "source_susceptibility": 0.626, "buildings_at_risk": 0, "road_km_at_risk": 0.0}}, {"type": "Feature", "geometry": {"type": "LineString", "coordinates": [[75.582766, 12.214029], [75.582765, 12.213758], [75.582765, 12.213486], [75.582488, 12.213216], [75.582488, 12.212944], [75.582487, 12.212673], [75.582487, 12.212402], [75.582486, 12.212131], [75.58221, 12.21186], [75.582209, 12.211589]]}, "properties": {"length_m": 300.0, "drop_m": 81.6, "reach_angle_deg": 15.22, "max_velocity_ms": 19.6, "mean_velocity_ms": 12.3, "source_susceptibility": 0.72, "buildings_at_risk": 0, "road_km_at_risk": 0.0}}, {"type": "Feature", "geometry": {"type": "LineString", "coordinates": [[75.646556, 12.472416], [75.646555, 12.472144], [75.646278, 12.471874], [75.646278, 12.471602], [75.646277, 12.471331], [75.646001, 12.471332]]}, "properties": {"length_m": 180.0, "drop_m": 52.8, "reach_angle_deg": 16.35, "max_velocity_ms": 10.0, "mean_velocity_ms": 7.5, "source_susceptibility": 0.624, "buildings_at_risk": 0, "road_km_at_risk": 0.0}}, {"type": "Feature", "geometry": {"type": "LineString", "coordinates": [[75.524979, 12.41788], [75.524979, 12.418152], [75.525256, 12.418422], [75.525532, 12.418693], [75.525809, 12.418964], [75.525809, 12.419235], [75.526086, 12.419506], [75.526362, 12.419777]]}, "properties": {"length_m": 240.0, "drop_m": 74.3, "reach_angle_deg": 17.2, "max_velocity_ms": 10.3, "mean_velocity_ms": 7.2, "source_susceptibility": 0.646, "buildings_at_risk": 0, "road_km_at_risk": 0.0}}, {"type": "Feature", "geometry": {"type": "LineString", "coordinates": [[75.684432, 12.175002], [75.684156, 12.175003], [75.683881, 12.175003], [75.683605, 12.175004], [75.683329, 12.174733], [75.683052, 12.174463], [75.682776, 12.174463], [75.6825, 12.174193], [75.682224, 12.174194], [75.681948, 12.174194], [75.681673, 12.174195], [75.681397, 12.174196], [75.681122, 12.174468], [75.680846, 12.174468], [75.68057, 12.174469], [75.680295, 12.17447], [75.680019, 12.17447], [75.679743, 12.174471], [75.679742, 12.1742]]}, "properties": {"length_m": 570.0, "drop_m": 203.0, "reach_angle_deg": 19.6, "max_velocity_ms": 21.1, "mean_velocity_ms": 12.8, "source_susceptibility": 0.655, "buildings_at_risk": 0, "road_km_at_risk": 0.0}}, {"type": "Feature", "geometry": {"type": "LineString", "coordinates": [[75.675482, 12.661151], [75.675482, 12.66088], [75.675481, 12.660608], [75.675204, 12.660338], [75.675203, 12.660066], [75.675203, 12.659795], [75.675202, 12.659524], [75.675201, 12.659253], [75.674924, 12.658982], [75.674923, 12.658711], [75.674923, 12.65844], [75.674922, 12.658168], [75.674921, 12.657897], [75.675197, 12.657625], [75.67492, 12.657354], [75.674643, 12.657084], [75.674366, 12.656813], [75.674365, 12.656542], [75.674088, 12.656271]]}, "properties": {"length_m": 570.0, "drop_m": 282.1, "reach_angle_deg": 26.33, "max_velocity_ms": 23.8, "mean_velocity_ms": 17.3, "source_susceptibility": 0.629, "buildings_at_risk": 0, "road_km_at_risk": 0.0}}, {"type": "Feature", "geometry": {"type": "LineString", "coordinates": [[75.602616, 12.211002], [75.602615, 12.210731], [75.602615, 12.21046], [75.60289, 12.210188], [75.602614, 12.209917], [75.602889, 12.209645], [75.603164, 12.209373], [75.603439, 12.209101], [75.603714, 12.208829], [75.603714, 12.208558], [75.603989, 12.208286], [75.604264, 12.208014], [75.604263, 12.207743], [75.604539, 12.207471], [75.604262, 12.207201], [75.604537, 12.206929], [75.604537, 12.206657], [75.604536, 12.206386], [75.604535, 12.206115], [75.604811, 12.205843], [75.60481, 12.205572], [75.604809, 12.2053], [75.605085, 12.205028], [75.605084, 12.204757], [75.605083, 12.204486], [75.605083, 12.204215], [75.604806, 12.203944], [75.604806, 12.203673], [75.604805, 12.203401]]}, "properties": {"length_m": 870.0, "drop_m": 348.9, "reach_angle_deg": 21.85, "max_velocity_ms": 21.4, "mean_velocity_ms": 14.6, "source_susceptibility": 0.755, "buildings_at_risk": 0, "road_km_at_risk": 0.0}}, {"type": "Feature", "geometry": {"type": "LineString", "coordinates": [[75.602617, 12.211273], [75.602616, 12.211002], [75.602615, 12.210731], [75.602615, 12.21046], [75.60289, 12.210188], [75.602614, 12.209917], [75.602889, 12.209645], [75.603164, 12.209373], [75.603439, 12.209101], [75.603714, 12.208829], [75.603714, 12.208558], [75.603989, 12.208286], [75.604264, 12.208014], [75.604263, 12.207743], [75.604539, 12.207471], [75.604262, 12.207201], [75.604537, 12.206929], [75.604537, 12.206657], [75.604536, 12.206386], [75.604535, 12.206115], [75.604811, 12.205843], [75.60481, 12.205572], [75.604809, 12.2053], [75.605085, 12.205028], [75.605084, 12.204757], [75.605083, 12.204486], [75.605083, 12.204215], [75.604806, 12.203944], [75.604806, 12.203673], [75.604805, 12.203401]]}, "properties": {"length_m": 900.0, "drop_m": 369.8, "reach_angle_deg": 22.34, "max_velocity_ms": 22.3, "mean_velocity_ms": 14.9, "source_susceptibility": 0.773, "buildings_at_risk": 0, "road_km_at_risk": 0.0}}, {"type": "Feature", "geometry": {"type": "LineString", "coordinates": [[75.675485, 12.662236], [75.675485, 12.661965], [75.675484, 12.661693], [75.675483, 12.661422], [75.675482, 12.661151], [75.675482, 12.66088], [75.675481, 12.660608], [75.675204, 12.660338], [75.675203, 12.660066], [75.675203, 12.659795], [75.675202, 12.659524], [75.675201, 12.659253], [75.674924, 12.658982], [75.674923, 12.658711], [75.674923, 12.65844], [75.674922, 12.658168], [75.674921, 12.657897], [75.675197, 12.657625], [75.67492, 12.657354], [75.674643, 12.657084], [75.674366, 12.656813], [75.674365, 12.656542], [75.674088, 12.656271]]}, "properties": {"length_m": 690.0, "drop_m": 363.3, "reach_angle_deg": 27.76, "max_velocity_ms": 23.8, "mean_velocity_ms": 17.8, "source_susceptibility": 0.696, "buildings_at_risk": 0, "road_km_at_risk": 0.0}}, {"type": "Feature", "geometry": {"type": "LineString", "coordinates": [[75.616136, 12.213685], [75.616411, 12.213413], [75.616687, 12.213413], [75.616963, 12.213412], [75.617238, 12.21314], [75.617513, 12.212868], [75.617788, 12.212596], [75.618063, 12.212324], [75.618339, 12.212324], [75.618338, 12.212052]]}, "properties": {"length_m": 300.0, "drop_m": 162.2, "reach_angle_deg": 28.4, "max_velocity_ms": 21.1, "mean_velocity_ms": 15.8, "source_susceptibility": 0.677, "buildings_at_risk": 0, "road_km_at_risk": 0.0}}, {"type": "Feature", "geometry": {"type": "LineString", "coordinates": [[75.602342, 12.211817], [75.602617, 12.211545], [75.602617, 12.211273], [75.602616, 12.211002], [75.602615, 12.210731], [75.602615, 12.21046], [75.60289, 12.210188], [75.602614, 12.209917], [75.602889, 12.209645], [75.603164, 12.209373], [75.603439, 12.209101], [75.603714, 12.208829], [75.603714, 12.208558], [75.603989, 12.208286], [75.604264, 12.208014], [75.604263, 12.207743], [75.604539, 12.207471], [75.604262, 12.207201], [75.604537, 12.206929], [75.604537, 12.206657], [75.604536, 12.206386], [75.604535, 12.206115], [75.604811, 12.205843], [75.60481, 12.205572], [75.604809, 12.2053], [75.605085, 12.205028], [75.605084, 12.204757], [75.605083, 12.204486], [75.605083, 12.204215], [75.604806, 12.203944], [75.604806, 12.203673], [75.604805, 12.203401]]}, "properties": {"length_m": 960.0, "drop_m": 413.8, "reach_angle_deg": 23.32, "max_velocity_ms": 23.4, "mean_velocity_ms": 15.4, "source_susceptibility": 0.705, "buildings_at_risk": 0, "road_km_at_risk": 0.0}}, {"type": "Feature", "geometry": {"type": "LineString", "coordinates": [[75.608017, 12.281524], [75.608017, 12.281253], [75.60774, 12.280982], [75.607464, 12.280711], [75.607188, 12.280712]]}, "properties": {"length_m": 150.0, "drop_m": 32.8, "reach_angle_deg": 12.34, "max_velocity_ms": 14.5, "mean_velocity_ms": 9.4, "source_susceptibility": 0.699, "buildings_at_risk": 0, "road_km_at_risk": 0.0}}, {"type": "Feature", "geometry": {"type": "LineString", "coordinates": [[75.614197, 12.209891], [75.614196, 12.20962], [75.614195, 12.209349], [75.614195, 12.209078], [75.613918, 12.208807], [75.613918, 12.208536], [75.613917, 12.208264], [75.614192, 12.207992], [75.614192, 12.207721], [75.613915, 12.20745], [75.613915, 12.207179], [75.61419, 12.206907], [75.613913, 12.206637]]}, "properties": {"length_m": 390.0, "drop_m": 132.7, "reach_angle_deg": 18.8, "max_velocity_ms": 15.8, "mean_velocity_ms": 11.5, "source_susceptibility": 0.732, "buildings_at_risk": 0, "road_km_at_risk": 0.0}}, {"type": "Feature", "geometry": {"type": "LineString", "coordinates": [[75.632551, 12.839211], [75.632551, 12.838939], [75.632826, 12.838667], [75.632826, 12.838396], [75.633101, 12.838124], [75.633101, 12.837853], [75.6331, 12.837582], [75.633099, 12.83731], [75.633099, 12.837039], [75.633098, 12.836768], [75.633097, 12.836497], [75.633097, 12.836225], [75.633096, 12.835954], [75.633095, 12.835683]]}, "properties": {"length_m": 420.0, "drop_m": 165.3, "reach_angle_deg": 21.48, "max_velocity_ms": 19.3, "mean_velocity_ms": 14.9, "source_susceptibility": 0.669, "buildings_at_risk": 0, "road_km_at_risk": 0.0}}, {"type": "Feature", "geometry": {"type": "LineString", "coordinates": [[75.615585, 12.213958], [75.61586, 12.213686], [75.616136, 12.213685], [75.616411, 12.213413], [75.616687, 12.213413], [75.616963, 12.213412], [75.617238, 12.21314], [75.617513, 12.212868], [75.617788, 12.212596], [75.618063, 12.212324], [75.618339, 12.212324], [75.618338, 12.212052]]}, "properties": {"length_m": 360.0, "drop_m": 208.8, "reach_angle_deg": 30.11, "max_velocity_ms": 21.1, "mean_velocity_ms": 16.4, "source_susceptibility": 0.746, "buildings_at_risk": 0, "road_km_at_risk": 0.0}}, {"type": "Feature", "geometry": {"type": "LineString", "coordinates": [[75.602343, 12.212088], [75.602342, 12.211817], [75.602617, 12.211545], [75.602617, 12.211273], [75.602616, 12.211002], [75.602615, 12.210731], [75.602615, 12.21046], [75.60289, 12.210188], [75.602614, 12.209917], [75.602889, 12.209645], [75.603164, 12.209373], [75.603439, 12.209101], [75.603714, 12.208829], [75.603714, 12.208558], [75.603989, 12.208286], [75.604264, 12.208014], [75.604263, 12.207743], [75.604539, 12.207471], [75.604262, 12.207201], [75.604537, 12.206929], [75.604537, 12.206657], [75.604536, 12.206386], [75.604535, 12.206115], [75.604811, 12.205843], [75.60481, 12.205572], [75.604809, 12.2053], [75.605085, 12.205028], [75.605084, 12.204757], [75.605083, 12.204486], [75.605083, 12.204215], [75.604806, 12.203944], [75.604806, 12.203673], [75.604805, 12.203401]]}, "properties": {"length_m": 990.0, "drop_m": 435.0, "reach_angle_deg": 23.72, "max_velocity_ms": 23.4, "mean_velocity_ms": 15.6, "source_susceptibility": 0.711, "buildings_at_risk": 0, "road_km_at_risk": 0.0}}, {"type": "Feature", "geometry": {"type": "LineString", "coordinates": [[75.642868, 12.205757], [75.642868, 12.205485], [75.642867, 12.205214], [75.642866, 12.204943], [75.642866, 12.204672], [75.642865, 12.2044], [75.64314, 12.204128], [75.642864, 12.203858], [75.642587, 12.203587], [75.642587, 12.203316], [75.642311, 12.203317], [75.64231, 12.203045], [75.642034, 12.203046], [75.642034, 12.202775]]}, "properties": {"length_m": 420.0, "drop_m": 157.8, "reach_angle_deg": 20.59, "max_velocity_ms": 17.7, "mean_velocity_ms": 11.0, "source_susceptibility": 0.671, "buildings_at_risk": 0, "road_km_at_risk": 0.0}}, {"type": "Feature", "geometry": {"type": "LineString", "coordinates": [[75.684708, 12.175001], [75.684432, 12.175002], [75.684156, 12.175003], [75.683881, 12.175003], [75.683605, 12.175004], [75.683329, 12.174733], [75.683052, 12.174463], [75.682776, 12.174463], [75.6825, 12.174193], [75.682224, 12.174194], [75.681948, 12.174194], [75.681673, 12.174195], [75.681397, 12.174196], [75.681122, 12.174468], [75.680846, 12.174468], [75.68057, 12.174469], [75.680295, 12.17447], [75.680019, 12.17447], [75.679743, 12.174471], [75.679742, 12.1742]]}, "properties": {"length_m": 600.0, "drop_m": 215.4, "reach_angle_deg": 19.75, "max_velocity_ms": 21.1, "mean_velocity_ms": 12.7, "source_susceptibility": 0.751, "buildings_at_risk": 0, "road_km_at_risk": 0.0}}, {"type": "Feature", "geometry": {"type": "LineString", "coordinates": [[75.642869, 12.206028], [75.642868, 12.205757], [75.642868, 12.205485], [75.642867, 12.205214], [75.642866, 12.204943], [75.642866, 12.204672], [75.642865, 12.2044], [75.64314, 12.204128], [75.642864, 12.203858], [75.642587, 12.203587], [75.642587, 12.203316], [75.642311, 12.203317], [75.64231, 12.203045], [75.642034, 12.203046], [75.642034, 12.202775]]}, "properties": {"length_m": 450.0, "drop_m": 172.5, "reach_angle_deg": 20.98, "max_velocity_ms": 17.7, "mean_velocity_ms": 11.3, "source_susceptibility": 0.732, "buildings_at_risk": 0, "road_km_at_risk": 0.0}}, {"type": "Feature", "geometry": {"type": "LineString", "coordinates": [[75.600399, 12.206395], [75.600399, 12.206124], [75.600674, 12.205852], [75.600673, 12.205581], [75.600948, 12.205309], [75.600948, 12.205038], [75.600671, 12.204767], [75.600395, 12.204496], [75.600671, 12.204496]]}, "properties": {"length_m": 270.0, "drop_m": 78.2, "reach_angle_deg": 16.15, "max_velocity_ms": 18.4, "mean_velocity_ms": 10.4, "source_susceptibility": 0.736, "buildings_at_risk": 0, "road_km_at_risk": 0.0}}, {"type": "Feature", "geometry": {"type": "LineString", "coordinates": [[75.675486, 12.662507], [75.675485, 12.662236], [75.675485, 12.661965], [75.675484, 12.661693], [75.675483, 12.661422], [75.675482, 12.661151], [75.675482, 12.66088], [75.675481, 12.660608], [75.675204, 12.660338], [75.675203, 12.660066], [75.675203, 12.659795], [75.675202, 12.659524], [75.675201, 12.659253], [75.674924, 12.658982], [75.674923, 12.658711], [75.674923, 12.65844], [75.674922, 12.658168], [75.674921, 12.657897], [75.675197, 12.657625], [75.67492, 12.657354], [75.674643, 12.657084], [75.674366, 12.656813], [75.674365, 12.656542], [75.674088, 12.656271]]}, "properties": {"length_m": 720.0, "drop_m": 384.7, "reach_angle_deg": 28.12, "max_velocity_ms": 23.8, "mean_velocity_ms": 17.8, "source_susceptibility": 0.644, "buildings_at_risk": 0, "road_km_at_risk": 0.0}}, {"type": "Feature", "geometry": {"type": "LineString", "coordinates": [[75.593605, 12.853679], [75.593604, 12.853408], [75.593604, 12.853136], [75.59388, 12.852864], [75.594155, 12.852592], [75.594155, 12.852321], [75.594154, 12.85205], [75.59443, 12.851778], [75.594706, 12.851506], [75.594705, 12.851235], [75.594704, 12.850964], [75.594704, 12.850692], [75.594427, 12.850422], [75.594426, 12.85015], [75.594702, 12.849879], [75.594978, 12.849607], [75.595254, 12.849335], [75.595529, 12.849063], [75.595529, 12.848792], [75.595805, 12.84852], [75.59608, 12.848248], [75.596357, 12.848247], [75.596633, 12.847975], [75.596909, 12.847703], [75.597185, 12.847703], [75.597461, 12.847431], [75.597737, 12.847159], [75.598012, 12.846887], [75.598289, 12.846886]]}, "properties": {"length_m": 870.0, "drop_m": 421.7, "reach_angle_deg": 25.86, "max_velocity_ms": 20.5, "mean_velocity_ms": 13.9, "source_susceptibility": 0.62, "buildings_at_risk": 0, "road_km_at_risk": 0.0}}, {"type": "Feature", "geometry": {"type": "LineString", "coordinates": [[75.616963, 12.213412], [75.617238, 12.21314], [75.617513, 12.212868], [75.617788, 12.212596], [75.618063, 12.212324], [75.618339, 12.212324], [75.618338, 12.212052]]}, "properties": {"length_m": 210.0, "drop_m": 103.6, "reach_angle_deg": 26.26, "max_velocity_ms": 18.6, "mean_velocity_ms": 13.8, "source_susceptibility": 0.638, "buildings_at_risk": 0, "road_km_at_risk": 0.0}}, {"type": "Feature", "geometry": {"type": "LineString", "coordinates": [[75.608295, 12.282337], [75.608295, 12.282066], [75.608294, 12.281794], [75.608017, 12.281524], [75.608017, 12.281253], [75.60774, 12.280982], [75.607464, 12.280711], [75.607188, 12.280712]]}, "properties": {"length_m": 240.0, "drop_m": 81.7, "reach_angle_deg": 18.8, "max_velocity_ms": 15.4, "mean_velocity_ms": 11.4, "source_susceptibility": 0.642, "buildings_at_risk": 0, "road_km_at_risk": 0.0}}, {"type": "Feature", "geometry": {"type": "LineString", "coordinates": [[75.589657, 12.212387], [75.589656, 12.212115], [75.589656, 12.211844], [75.589931, 12.211572], [75.58993, 12.211301], [75.58993, 12.21103], [75.589929, 12.210758], [75.589929, 12.210487], [75.589928, 12.210216], [75.589927, 12.209944], [75.589652, 12.209945], [75.589376, 12.209946], [75.5891, 12.209946], [75.5891, 12.209675], [75.588823, 12.209404], [75.588823, 12.209133], [75.588547, 12.209134], [75.588271, 12.209134], [75.58827, 12.208863]]}, "properties": {"length_m": 570.0, "drop_m": 193.6, "reach_angle_deg": 18.76, "max_velocity_ms": 20.3, "mean_velocity_ms": 11.1, "source_susceptibility": 0.631, "buildings_at_risk": 0, "road_km_at_risk": 0.0}}, {"type": "Feature", "geometry": {"type": "LineString", "coordinates": [[75.590011, 12.853958], [75.589735, 12.853959], [75.589459, 12.854231], [75.589182, 12.85396], [75.588906, 12.853961], [75.588629, 12.85369], [75.588351, 12.853419], [75.588075, 12.85342], [75.587798, 12.853149], [75.587521, 12.85315], [75.587245, 12.853151], [75.586968, 12.853151], [75.586693, 12.853423], [75.586417, 12.853695], [75.58614, 12.853696], [75.585864, 12.853967], [75.585589, 12.854239], [75.585312, 12.85424], [75.585036, 12.854241], [75.584759, 12.854241]]}, "properties": {"length_m": 600.0, "drop_m": 264.7, "reach_angle_deg": 23.81, "max_velocity_ms": 20.1, "mean_velocity_ms": 12.0, "source_susceptibility": 0.634, "buildings_at_risk": 0, "road_km_at_risk": 0.0}}, {"type": "Feature", "geometry": {"type": "LineString", "coordinates": [[75.506206, 12.974579], [75.505929, 12.974579], [75.505652, 12.974308], [75.505375, 12.974309], [75.505099, 12.97431], [75.504822, 12.974039], [75.504545, 12.974039], [75.504545, 12.973768], [75.504268, 12.973769], [75.503991, 12.973498], [75.503714, 12.973498], [75.503438, 12.973499], [75.50316, 12.973228]]}, "properties": {"length_m": 390.0, "drop_m": 123.7, "reach_angle_deg": 17.6, "max_velocity_ms": 19.4, "mean_velocity_ms": 11.8, "source_susceptibility": 0.64, "buildings_at_risk": 0, "road_km_at_risk": 0.0}}, {"type": "Feature", "geometry": {"type": "LineString", "coordinates": [[75.602617, 12.211545], [75.602617, 12.211273], [75.602616, 12.211002], [75.602615, 12.210731], [75.602615, 12.21046], [75.60289, 12.210188], [75.602614, 12.209917], [75.602889, 12.209645], [75.603164, 12.209373], [75.603439, 12.209101], [75.603714, 12.208829], [75.603714, 12.208558], [75.603989, 12.208286], [75.604264, 12.208014], [75.604263, 12.207743], [75.604539, 12.207471], [75.604262, 12.207201], [75.604537, 12.206929], [75.604537, 12.206657], [75.604536, 12.206386], [75.604535, 12.206115], [75.604811, 12.205843], [75.60481, 12.205572], [75.604809, 12.2053], [75.605085, 12.205028], [75.605084, 12.204757], [75.605083, 12.204486], [75.605083, 12.204215], [75.604806, 12.203944], [75.604806, 12.203673], [75.604805, 12.203401]]}, "properties": {"length_m": 930.0, "drop_m": 391.4, "reach_angle_deg": 22.82, "max_velocity_ms": 23.4, "mean_velocity_ms": 15.1, "source_susceptibility": 0.816, "buildings_at_risk": 0, "road_km_at_risk": 0.0}}, {"type": "Feature", "geometry": {"type": "LineString", "coordinates": [[75.614858, 12.952372], [75.614857, 12.952101], [75.61458, 12.95183], [75.614303, 12.951559], [75.614026, 12.951289], [75.614025, 12.951018], [75.614024, 12.950746], [75.614024, 12.950475], [75.614023, 12.950204], [75.614022, 12.949932], [75.614022, 12.949661], [75.613745, 12.949662], [75.613744, 12.949391], [75.613467, 12.94912], [75.613466, 12.948849], [75.613466, 12.948577], [75.613465, 12.948306], [75.613464, 12.948035], [75.613188, 12.948036], [75.612911, 12.947765], [75.61291, 12.947494], [75.612633, 12.947223], [75.612355, 12.946952], [75.612078, 12.946682], [75.612078, 12.946411], [75.6118, 12.94614], [75.611524, 12.946141], [75.6118, 12.945869]]}, "properties": {"length_m": 840.0, "drop_m": 417.7, "reach_angle_deg": 26.44, "max_velocity_ms": 20.7, "mean_velocity_ms": 13.0, "source_susceptibility": 0.707, "buildings_at_risk": 0, "road_km_at_risk": 0.0}}, {"type": "Feature", "geometry": {"type": "LineString", "coordinates": [[75.646556, 12.472687], [75.646556, 12.472416], [75.646555, 12.472144], [75.646278, 12.471874], [75.646278, 12.471602], [75.646277, 12.471331], [75.646001, 12.471332]]}, "properties": {"length_m": 210.0, "drop_m": 65.1, "reach_angle_deg": 17.22, "max_velocity_ms": 13.0, "mean_velocity_ms": 8.3, "source_susceptibility": 0.656, "buildings_at_risk": 0, "road_km_at_risk": 0.0}}, {"type": "Feature", "geometry": {"type": "LineString", "coordinates": [[75.614027, 12.951831], [75.614026, 12.95156], [75.614026, 12.951289], [75.614025, 12.951018], [75.614024, 12.950746], [75.614024, 12.950475], [75.614023, 12.950204], [75.614022, 12.949932], [75.614022, 12.949661], [75.613745, 12.949662], [75.613744, 12.949391], [75.613467, 12.94912], [75.613466, 12.948849], [75.613466, 12.948577], [75.613465, 12.948306], [75.613464, 12.948035], [75.613188, 12.948036], [75.612911, 12.947765], [75.61291, 12.947494], [75.612633, 12.947223], [75.612355, 12.946952], [75.612078, 12.946682], [75.612078, 12.946411], [75.6118, 12.94614], [75.611524, 12.946141], [75.6118, 12.945869]]}, "properties": {"length_m": 780.0, "drop_m": 360.2, "reach_angle_deg": 24.79, "max_velocity_ms": 19.1, "mean_velocity_ms": 12.4, "source_susceptibility": 0.642, "buildings_at_risk": 0, "road_km_at_risk": 0.0}}, {"type": "Feature", "geometry": {"type": "LineString", "coordinates": [[75.468354, 12.39384], [75.468353, 12.393568], [75.468629, 12.393297], [75.468628, 12.393025], [75.468628, 12.392754], [75.468627, 12.392483]]}, "properties": {"length_m": 180.0, "drop_m": 61.9, "reach_angle_deg": 18.97, "max_velocity_ms": 12.4, "mean_velocity_ms": 9.1, "source_susceptibility": 0.69, "buildings_at_risk": 0, "road_km_at_risk": 0.0}}, {"type": "Feature", "geometry": {"type": "LineString", "coordinates": [[75.649312, 12.470781], [75.649035, 12.470511], [75.648759, 12.47024], [75.648758, 12.469969], [75.648482, 12.469969], [75.648481, 12.469698], [75.648205, 12.469428], [75.647928, 12.469157], [75.647651, 12.468886], [75.647375, 12.468887], [75.647099, 12.468888], [75.646823, 12.468888], [75.646547, 12.468889], [75.646546, 12.468618]]}, "properties": {"length_m": 420.0, "drop_m": 163.8, "reach_angle_deg": 21.31, "max_velocity_ms": 12.8, "mean_velocity_ms": 8.3, "source_susceptibility": 0.725, "buildings_at_risk": 0, "road_km_at_risk": 0.0}}, {"type": "Feature", "geometry": {"type": "LineString", "coordinates": [[75.60388, 12.281533], [75.603603, 12.281262], [75.603327, 12.281263], [75.603051, 12.281263]]}, "properties": {"length_m": 120.0, "drop_m": 16.6, "reach_angle_deg": 7.88, "max_velocity_ms": 9.0, "mean_velocity_ms": 7.7, "source_susceptibility": 0.744, "buildings_at_risk": 0, "road_km_at_risk": 0.0}}, {"type": "Feature", "geometry": {"type": "LineString", "coordinates": [[75.600675, 12.206123], [75.600674, 12.205852], [75.600673, 12.205581], [75.600948, 12.205309], [75.600948, 12.205038], [75.600671, 12.204767], [75.600395, 12.204496], [75.600671, 12.204496]]}, "properties": {"length_m": 240.0, "drop_m": 60.9, "reach_angle_deg": 14.24, "max_velocity_ms": 18.5, "mean_velocity_ms": 9.9, "source_susceptibility": 0.736, "buildings_at_risk": 0, "road_km_at_risk": 0.0}}, {"type": "Feature", "geometry": {"type": "LineString", "coordinates": [[75.61458, 12.95183], [75.614303, 12.951559], [75.614026, 12.951289], [75.614025, 12.951018], [75.614024, 12.950746], [75.614024, 12.950475], [75.614023, 12.950204], [75.614022, 12.949932], [75.614022, 12.949661], [75.613745, 12.949662], [75.613744, 12.949391], [75.613467, 12.94912], [75.613466, 12.948849], [75.613466, 12.948577], [75.613465, 12.948306], [75.613464, 12.948035], [75.613188, 12.948036], [75.612911, 12.947765], [75.61291, 12.947494], [75.612633, 12.947223], [75.612355, 12.946952], [75.612078, 12.946682], [75.612078, 12.946411], [75.6118, 12.94614], [75.611524, 12.946141], [75.6118, 12.945869]]}, "properties": {"length_m": 780.0, "drop_m": 376.4, "reach_angle_deg": 25.76, "max_velocity_ms": 19.9, "mean_velocity_ms": 12.4, "source_susceptibility": 0.673, "buildings_at_risk": 0, "road_km_at_risk": 0.0}}, {"type": "Feature", "geometry": {"type": "LineString", "coordinates": [[75.512698, 12.348184], [75.512422, 12.347913], [75.512145, 12.347642], [75.512145, 12.347371], [75.511868, 12.3471], [75.511592, 12.346829], [75.511315, 12.346559], [75.511039, 12.346288], [75.510762, 12.346017], [75.510486, 12.345746], [75.51021, 12.345747], [75.509934, 12.345476]]}, "properties": {"length_m": 360.0, "drop_m": 199.3, "reach_angle_deg": 28.96, "max_velocity_ms": 20.6, "mean_velocity_ms": 15.1, "source_susceptibility": 0.792, "buildings_at_risk": 0, "road_km_at_risk": 0.0}}, {"type": "Feature", "geometry": {"type": "LineString", "coordinates": [[75.64287, 12.206299], [75.642869, 12.206028], [75.642868, 12.205757], [75.642868, 12.205485], [75.642867, 12.205214], [75.642866, 12.204943], [75.642866, 12.204672], [75.642865, 12.2044], [75.64314, 12.204128], [75.642864, 12.203858], [75.642587, 12.203587], [75.642587, 12.203316], [75.642311, 12.203317], [75.64231, 12.203045], [75.642034, 12.203046], [75.642034, 12.202775]]}, "properties": {"length_m": 480.0, "drop_m": 190.0, "reach_angle_deg": 21.6, "max_velocity_ms": 17.7, "mean_velocity_ms": 11.6, "source_susceptibility": 0.723, "buildings_at_risk": 0, "road_km_at_risk": 0.0}}, {"type": "Feature", "geometry": {"type": "LineString", "coordinates": [[75.614028, 12.952374], [75.614028, 12.952103], [75.614027, 12.951831], [75.614026, 12.95156], [75.614026, 12.951289], [75.614025, 12.951018], [75.614024, 12.950746], [75.614024, 12.950475], [75.614023, 12.950204], [75.614022, 12.949932], [75.614022, 12.949661], [75.613745, 12.949662], [75.613744, 12.949391], [75.613467, 12.94912], [75.613466, 12.948849], [75.613466, 12.948577], [75.613465, 12.948306], [75.613464, 12.948035], [75.613188, 12.948036], [75.612911, 12.947765], [75.61291, 12.947494], [75.612633, 12.947223], [75.612355, 12.946952], [75.612078, 12.946682], [75.612078, 12.946411], [75.6118, 12.94614], [75.611524, 12.946141], [75.6118, 12.945869]]}, "properties": {"length_m": 840.0, "drop_m": 399.2, "reach_angle_deg": 25.42, "max_velocity_ms": 20.7, "mean_velocity_ms": 13.0, "source_susceptibility": 0.659, "buildings_at_risk": 0, "road_km_at_risk": 0.0}}, {"type": "Feature", "geometry": {"type": "LineString", "coordinates": [[75.616239, 12.951555], [75.616238, 12.951284], [75.616237, 12.951012], [75.61596, 12.950742], [75.61596, 12.95047], [75.615682, 12.9502], [75.615682, 12.949929], [75.615404, 12.949658], [75.615127, 12.949387], [75.615127, 12.949116], [75.614849, 12.948845], [75.614849, 12.948574], [75.614848, 12.948303], [75.614571, 12.948032], [75.61457, 12.947761], [75.614569, 12.94749], [75.614569, 12.947218], [75.614568, 12.946947], [75.614567, 12.946676], [75.614567, 12.946405], [75.614289, 12.946134], [75.614289, 12.945863], [75.614012, 12.945592], [75.614011, 12.945321], [75.613734, 12.94505]]}, "properties": {"length_m": 750.0, "drop_m": 385.9, "reach_angle_deg": 27.23, "max_velocity_ms": 23.9, "mean_velocity_ms": 17.1, "source_susceptibility": 0.704, "buildings_at_risk": 0, "road_km_at_risk": 0.0}}, {"type": "Feature", "geometry": {"type": "LineString", "coordinates": [[75.614028, 12.952103], [75.614027, 12.951831], [75.614026, 12.95156], [75.614026, 12.951289], [75.614025, 12.951018], [75.614024, 12.950746], [75.614024, 12.950475], [75.614023, 12.950204], [75.614022, 12.949932], [75.614022, 12.949661], [75.613745, 12.949662], [75.613744, 12.949391], [75.613467, 12.94912], [75.613466, 12.948849], [75.613466, 12.948577], [75.613465, 12.948306], [75.613464, 12.948035], [75.613188, 12.948036], [75.612911, 12.947765], [75.61291, 12.947494], [75.612633, 12.947223], [75.612355, 12.946952], [75.612078, 12.946682], [75.612078, 12.946411], [75.6118, 12.94614], [75.611524, 12.946141], [75.6118, 12.945869]]}, "properties": {"length_m": 810.0, "drop_m": 379.3, "reach_angle_deg": 25.09, "max_velocity_ms": 19.9, "mean_velocity_ms": 12.7, "source_susceptibility": 0.685, "buildings_at_risk": 0, "road_km_at_risk": 0.0}}, {"type": "Feature", "geometry": {"type": "LineString", "coordinates": [[75.513675, 12.975107], [75.513675, 12.974835], [75.513674, 12.974564], [75.513674, 12.974293], [75.513673, 12.974022], [75.513673, 12.97375], [75.513672, 12.973479], [75.513671, 12.973208], [75.513671, 12.972936], [75.513394, 12.972666], [75.513117, 12.972395], [75.512839, 12.972124], [75.512839, 12.971853], [75.513115, 12.971581], [75.513114, 12.97131], [75.513391, 12.971309], [75.51339, 12.971038], [75.513666, 12.970766], [75.513943, 12.970494], [75.514219, 12.970223], [75.514218, 12.969951], [75.514494, 12.96968], [75.514771, 12.969679], [75.515047, 12.969678], [75.515324, 12.969678], [75.5156, 12.969677], [75.5156, 12.969406], [75.515877, 12.969406]]}, "properties": {"length_m": 840.0, "drop_m": 369.9, "reach_angle_deg": 23.77, "max_velocity_ms": 22.2, "mean_velocity_ms": 14.5, "source_susceptibility": 0.639, "buildings_at_risk": 0, "road_km_at_risk": 0.0}}, {"type": "Feature", "geometry": {"type": "LineString", "coordinates": [[75.61586, 12.213686], [75.616136, 12.213685], [75.616411, 12.213413], [75.616687, 12.213413], [75.616963, 12.213412], [75.617238, 12.21314], [75.617513, 12.212868], [75.617788, 12.212596], [75.618063, 12.212324], [75.618339, 12.212324], [75.618338, 12.212052]]}, "properties": {"length_m": 330.0, "drop_m": 185.4, "reach_angle_deg": 29.33, "max_velocity_ms": 21.1, "mean_velocity_ms": 16.2, "source_susceptibility": 0.723, "buildings_at_risk": 0, "road_km_at_risk": 0.0}}, {"type": "Feature", "geometry": {"type": "LineString", "coordinates": [[75.615309, 12.213958], [75.615585, 12.213958], [75.61586, 12.213686], [75.616136, 12.213685], [75.616411, 12.213413], [75.616687, 12.213413], [75.616963, 12.213412], [75.617238, 12.21314], [75.617513, 12.212868], [75.617788, 12.212596], [75.618063, 12.212324], [75.618339, 12.212324], [75.618338, 12.212052]]}, "properties": {"length_m": 390.0, "drop_m": 225.1, "reach_angle_deg": 29.99, "max_velocity_ms": 21.1, "mean_velocity_ms": 16.6, "source_susceptibility": 0.721, "buildings_at_risk": 0, "road_km_at_risk": 0.0}}, {"type": "Feature", "geometry": {"type": "LineString", "coordinates": [[75.468079, 12.394383], [75.468078, 12.394111], [75.468354, 12.39384], [75.468353, 12.393568], [75.468629, 12.393297], [75.468628, 12.393025], [75.468628, 12.392754], [75.468627, 12.392483]]}, "properties": {"length_m": 240.0, "drop_m": 90.7, "reach_angle_deg": 20.71, "max_velocity_ms": 13.3, "mean_velocity_ms": 9.7, "source_susceptibility": 0.813, "buildings_at_risk": 0, "road_km_at_risk": 0.0}}, {"type": "Feature", "geometry": {"type": "LineString", "coordinates": [[75.64287, 12.206571], [75.64287, 12.206299], [75.642869, 12.206028], [75.642868, 12.205757], [75.642868, 12.205485], [75.642867, 12.205214], [75.642866, 12.204943], [75.642866, 12.204672], [75.642865, 12.2044], [75.64314, 12.204128], [75.642864, 12.203858], [75.642587, 12.203587], [75.642587, 12.203316], [75.642311, 12.203317], [75.64231, 12.203045], [75.642034, 12.203046], [75.642034, 12.202775]]}, "properties": {"length_m": 510.0, "drop_m": 207.8, "reach_angle_deg": 22.17, "max_velocity_ms": 17.7, "mean_velocity_ms": 12.0, "source_susceptibility": 0.646, "buildings_at_risk": 0, "road_km_at_risk": 0.0}}, {"type": "Feature", "geometry": {"type": "LineString", "coordinates": [[75.661033, 12.191065], [75.660757, 12.190794], [75.660756, 12.190523], [75.660756, 12.190251], [75.660755, 12.18998], [75.660754, 12.189709], [75.660754, 12.189438], [75.660753, 12.189166], [75.660477, 12.188896], [75.660476, 12.188624], [75.660475, 12.188353]]}, "properties": {"length_m": 330.0, "drop_m": 129.8, "reach_angle_deg": 21.47, "max_velocity_ms": 15.2, "mean_velocity_ms": 8.6, "source_susceptibility": 0.66, "buildings_at_risk": 0, "road_km_at_risk": 0.0}}, {"type": "Feature", "geometry": {"type": "LineString", "coordinates": [[75.614029, 12.952645], [75.614028, 12.952374], [75.614028, 12.952103], [75.614027, 12.951831], [75.614026, 12.95156], [75.614026, 12.951289], [75.614025, 12.951018], [75.614024, 12.950746], [75.614024, 12.950475], [75.614023, 12.950204], [75.614022, 12.949932], [75.614022, 12.949661], [75.613745, 12.949662], [75.613744, 12.949391], [75.613467, 12.94912], [75.613466, 12.948849], [75.613466, 12.948577], [75.613465, 12.948306], [75.613464, 12.948035], [75.613188, 12.948036], [75.612911, 12.947765], [75.61291, 12.947494], [75.612633, 12.947223], [75.612355, 12.946952], [75.612078, 12.946682], [75.612078, 12.946411], [75.6118, 12.94614], [75.611524, 12.946141], [75.6118, 12.945869]]}, "properties": {"length_m": 870.0, "drop_m": 419.8, "reach_angle_deg": 25.76, "max_velocity_ms": 21.4, "mean_velocity_ms": 13.2, "source_susceptibility": 0.663, "buildings_at_risk": 0, "road_km_at_risk": 0.0}}, {"type": "Feature", "geometry": {"type": "LineString", "coordinates": [[75.614197, 12.210163], [75.614197, 12.209891], [75.614196, 12.20962], [75.614195, 12.209349], [75.614195, 12.209078], [75.613918, 12.208807], [75.613918, 12.208536], [75.613917, 12.208264], [75.614192, 12.207992], [75.614192, 12.207721], [75.613915, 12.20745], [75.613915, 12.207179], [75.61419, 12.206907], [75.613913, 12.206637]]}, "properties": {"length_m": 420.0, "drop_m": 150.6, "reach_angle_deg": 19.72, "max_velocity_ms": 15.8, "mean_velocity_ms": 11.7, "source_susceptibility": 0.638, "buildings_at_risk": 0, "road_km_at_risk": 0.0}}, {"type": "Feature", "geometry": {"type": "LineString", "coordinates": [[75.581114, 12.215389], [75.58139, 12.215388], [75.581389, 12.215117], [75.581665, 12.214845], [75.581664, 12.214574], [75.581663, 12.214303], [75.581939, 12.214031], [75.581938, 12.213759], [75.582213, 12.213488], [75.582488, 12.213216], [75.582488, 12.212944], [75.582487, 12.212673], [75.582487, 12.212402], [75.582486, 12.212131], [75.58221, 12.21186], [75.582209, 12.211589]]}, "properties": {"length_m": 480.0, "drop_m": 180.1, "reach_angle_deg": 20.56, "max_velocity_ms": 22.5, "mean_velocity_ms": 14.6, "source_susceptibility": 0.677, "buildings_at_risk": 0, "road_km_at_risk": 0.0}}, {"type": "Feature", "geometry": {"type": "LineString", "coordinates": [[75.520842, 12.419787], [75.520843, 12.420059], [75.520843, 12.42033], [75.520844, 12.420601], [75.520844, 12.420872], [75.520569, 12.421144], [75.520569, 12.421415], [75.52057, 12.421687], [75.520571, 12.421958], [75.520571, 12.422229], [75.520572, 12.422501], [75.520296, 12.422772], [75.520572, 12.422772]]}, "properties": {"length_m": 390.0, "drop_m": 146.3, "reach_angle_deg": 20.56, "max_velocity_ms": 18.6, "mean_velocity_ms": 11.8, "source_susceptibility": 0.678, "buildings_at_risk": 0, "road_km_at_risk": 0.0}}, {"type": "Feature", "geometry": {"type": "LineString", "coordinates": [[75.646832, 12.472686], [75.646556, 12.472416], [75.646555, 12.472144], [75.646278, 12.471874], [75.646278, 12.471602], [75.646277, 12.471331], [75.646001, 12.471332]]}, "properties": {"length_m": 210.0, "drop_m": 68.0, "reach_angle_deg": 17.95, "max_velocity_ms": 13.6, "mean_velocity_ms": 8.3, "source_susceptibility": 0.645, "buildings_at_risk": 0, "road_km_at_risk": 0.0}}, {"type": "Feature", "geometry": {"type": "LineString", "coordinates": [[75.642871, 12.206842], [75.64287, 12.206571], [75.64287, 12.206299], [75.642869, 12.206028], [75.642868, 12.205757], [75.642868, 12.205485], [75.642867, 12.205214], [75.642866, 12.204943], [75.642866, 12.204672], [75.642865, 12.2044], [75.64314, 12.204128], [75.642864, 12.203858], [75.642587, 12.203587], [75.642587, 12.203316], [75.642311, 12.203317], [75.64231, 12.203045], [75.642034, 12.203046], [75.642034, 12.202775]]}, "properties": {"length_m": 540.0, "drop_m": 225.2, "reach_angle_deg": 22.64, "max_velocity_ms": 18.1, "mean_velocity_ms": 12.3, "source_susceptibility": 0.662, "buildings_at_risk": 0, "road_km_at_risk": 0.0}}, {"type": "Feature", "geometry": {"type": "LineString", "coordinates": [[75.602342, 12.211545], [75.602617, 12.211273], [75.602616, 12.211002], [75.602615, 12.210731], [75.602615, 12.21046], [75.60289, 12.210188], [75.602614, 12.209917], [75.602889, 12.209645], [75.603164, 12.209373], [75.603439, 12.209101], [75.603714, 12.208829], [75.603714, 12.208558], [75.603989, 12.208286], [75.604264, 12.208014], [75.604263, 12.207743], [75.604539, 12.207471], [75.604262, 12.207201], [75.604537, 12.206929], [75.604537, 12.206657], [75.604536, 12.206386], [75.604535, 12.206115], [75.604811, 12.205843], [75.60481, 12.205572], [75.604809, 12.2053], [75.605085, 12.205028], [75.605084, 12.204757], [75.605083, 12.204486], [75.605083, 12.204215], [75.604806, 12.203944], [75.604806, 12.203673], [75.604805, 12.203401]]}, "properties": {"length_m": 930.0, "drop_m": 396.7, "reach_angle_deg": 23.1, "max_velocity_ms": 22.3, "mean_velocity_ms": 15.1, "source_susceptibility": 0.655, "buildings_at_risk": 0, "road_km_at_risk": 0.0}}, {"type": "Feature", "geometry": {"type": "LineString", "coordinates": [[75.649313, 12.471053], [75.649312, 12.470781], [75.649035, 12.470511], [75.648759, 12.47024], [75.648758, 12.469969], [75.648482, 12.469969], [75.648481, 12.469698], [75.648205, 12.469428], [75.647928, 12.469157], [75.647651, 12.468886], [75.647375, 12.468887], [75.647099, 12.468888], [75.646823, 12.468888], [75.646547, 12.468889], [75.646546, 12.468618]]}, "properties": {"length_m": 450.0, "drop_m": 175.2, "reach_angle_deg": 21.28, "max_velocity_ms": 12.8, "mean_velocity_ms": 8.6, "source_susceptibility": 0.711, "buildings_at_risk": 0, "road_km_at_risk": 0.0}}, {"type": "Feature", "geometry": {"type": "LineString", "coordinates": [[75.655798, 12.192705], [75.655521, 12.192434], [75.655245, 12.192164], [75.654969, 12.191893], [75.654968, 12.191622], [75.654692, 12.191351], [75.654691, 12.19108], [75.654414, 12.190809], [75.654138, 12.190538], [75.653862, 12.190268], [75.653586, 12.190268], [75.65331, 12.190269], [75.653034, 12.19027], [75.652758, 12.189999]]}, "properties": {"length_m": 420.0, "drop_m": 217.3, "reach_angle_deg": 27.35, "max_velocity_ms": 18.5, "mean_velocity_ms": 14.3, "source_susceptibility": 0.622, "buildings_at_risk": 0, "road_km_at_risk": 0.0}}, {"type": "Feature", "geometry": {"type": "LineString", "coordinates": [[75.593606, 12.85395], [75.593605, 12.853679], [75.593604, 12.853408], [75.593604, 12.853136], [75.59388, 12.852864], [75.594155, 12.852592], [75.594155, 12.852321], [75.594154, 12.85205], [75.59443, 12.851778], [75.594706, 12.851506], [75.594705, 12.851235], [75.594704, 12.850964], [75.594704, 12.850692], [75.594427, 12.850422], [75.594426, 12.85015], [75.594702, 12.849879], [75.594978, 12.849607], [75.595254, 12.849335], [75.595529, 12.849063], [75.595529, 12.848792], [75.595805, 12.84852], [75.59608, 12.848248], [75.596357, 12.848247], [75.596633, 12.847975], [75.596909, 12.847703], [75.597185, 12.847703], [75.597461, 12.847431], [75.597737, 12.847159], [75.598012, 12.846887], [75.598289, 12.846886]]}, "properties": {"length_m": 900.0, "drop_m": 442.2, "reach_angle_deg": 26.17, "max_velocity_ms": 20.5, "mean_velocity_ms": 14.1, "source_susceptibility": 0.64, "buildings_at_risk": 0, "road_km_at_risk": 0.0}}, {"type": "Feature", "geometry": {"type": "LineString", "coordinates": [[75.615034, 12.21423], [75.615309, 12.213958], [75.615585, 12.213958], [75.61586, 12.213686], [75.616136, 12.213685], [75.616411, 12.213413], [75.616687, 12.213413], [75.616963, 12.213412], [75.617238, 12.21314], [75.617513, 12.212868], [75.617788, 12.212596], [75.618063, 12.212324], [75.618339, 12.212324], [75.618338, 12.212052]]}, "properties": {"length_m": 420.0, "drop_m": 247.4, "reach_angle_deg": 30.5, "max_velocity_ms": 21.1, "mean_velocity_ms": 16.9, "source_susceptibility": 0.729, "buildings_at_risk": 0, "road_km_at_risk": 0.0}}, {"type": "Feature", "geometry": {"type": "LineString", "coordinates": [[75.598464, 12.204229], [75.598463, 12.203958], [75.598739, 12.203686], [75.599014, 12.203414], [75.599013, 12.203143], [75.599013, 12.202871], [75.599288, 12.2026], [75.599563, 12.202328], [75.599562, 12.202056], [75.599837, 12.201785], [75.600113, 12.201513], [75.600388, 12.201241], [75.600663, 12.200969], [75.600939, 12.200968], [75.600938, 12.200697]]}, "properties": {"length_m": 450.0, "drop_m": 220.7, "reach_angle_deg": 26.13, "max_velocity_ms": 19.6, "mean_velocity_ms": 11.4, "source_susceptibility": 0.675, "buildings_at_risk": 0, "road_km_at_risk": 0.0}}, {"type": "Feature", "geometry": {"type": "LineString", "coordinates": [[75.660479, 12.189981], [75.660754, 12.189709], [75.660754, 12.189438], [75.660753, 12.189166], [75.660477, 12.188896], [75.660476, 12.188624], [75.660475, 12.188353]]}, "properties": {"length_m": 210.0, "drop_m": 72.5, "reach_angle_deg": 19.06, "max_velocity_ms": 13.6, "mean_velocity_ms": 6.7, "source_susceptibility": 0.645, "buildings_at_risk": 0, "road_km_at_risk": 0.0}}, {"type": "Feature", "geometry": {"type": "LineString", "coordinates": [[75.611175, 12.215053], [75.611174, 12.214781], [75.611174, 12.21451], [75.611173, 12.214239], [75.611172, 12.213967], [75.611172, 12.213696], [75.611171, 12.213425], [75.61117, 12.213154], [75.61117, 12.212882], [75.611169, 12.212611], [75.611169, 12.21234], [75.611168, 12.212068], [75.611167, 12.211797], [75.611167, 12.211526], [75.61089, 12.211255], [75.61089, 12.210984], [75.610889, 12.210713], [75.610888, 12.210441], [75.610888, 12.21017], [75.610887, 12.209899], [75.611162, 12.209627], [75.611438, 12.209626], [75.611437, 12.209355], [75.611713, 12.209083], [75.611988, 12.208811], [75.612263, 12.208539], [75.612538, 12.208267], [75.612813, 12.207996], [75.613089, 12.207995], [75.613364, 12.207723], [75.613639, 12.207451], [75.613915, 12.207179], [75.61419, 12.206907], [75.613913, 12.206637]]}, "properties": {"length_m": 1020.0, "drop_m": 491.5, "reach_angle_deg": 25.73, "max_velocity_ms": 22.9, "mean_velocity_ms": 15.3, "source_susceptibility": 0.648, "buildings_at_risk": 0, "road_km_at_risk": 0.0}}, {"type": "Feature", "geometry": {"type": "LineString", "coordinates": [[75.613922, 12.210435], [75.613921, 12.210163], [75.614197, 12.209891], [75.614196, 12.20962], [75.614195, 12.209349], [75.614195, 12.209078], [75.613918, 12.208807], [75.613918, 12.208536], [75.613917, 12.208264], [75.614192, 12.207992], [75.614192, 12.207721], [75.613915, 12.20745], [75.613915, 12.207179], [75.61419, 12.206907], [75.613913, 12.206637]]}, "properties": {"length_m": 450.0, "drop_m": 166.4, "reach_angle_deg": 20.29, "max_velocity_ms": 15.8, "mean_velocity_ms": 11.8, "source_susceptibility": 0.673, "buildings_at_risk": 0, "road_km_at_risk": 0.0}}, {"type": "Feature", "geometry": {"type": "LineString", "coordinates": [[75.601237, 12.211005], [75.601512, 12.210733], [75.601787, 12.210461], [75.602063, 12.210189], [75.602338, 12.209918], [75.602613, 12.209646], [75.602889, 12.209645], [75.603164, 12.209373], [75.603439, 12.209101], [75.603714, 12.208829], [75.603714, 12.208558], [75.603989, 12.208286], [75.604264, 12.208014], [75.604263, 12.207743], [75.604539, 12.207471], [75.604262, 12.207201], [75.604537, 12.206929], [75.604537, 12.206657], [75.604536, 12.206386], [75.604535, 12.206115], [75.604811, 12.205843], [75.60481, 12.205572], [75.604809, 12.2053], [75.605085, 12.205028], [75.605084, 12.204757], [75.605083, 12.204486], [75.605083, 12.204215], [75.604806, 12.203944], [75.604806, 12.203673], [75.604805, 12.203401]]}, "properties": {"length_m": 900.0, "drop_m": 390.2, "reach_angle_deg": 23.44, "max_velocity_ms": 20.4, "mean_velocity_ms": 14.6, "source_susceptibility": 0.757, "buildings_at_risk": 0, "road_km_at_risk": 0.0}}, {"type": "Feature", "geometry": {"type": "LineString", "coordinates": [[75.632003, 12.841111], [75.632002, 12.840839], [75.632002, 12.840568], [75.632001, 12.840297], [75.632277, 12.840025], [75.632276, 12.839754], [75.632276, 12.839482], [75.632275, 12.839211], [75.632551, 12.838939], [75.632826, 12.838667], [75.632826, 12.838396], [75.633101, 12.838124], [75.633101, 12.837853], [75.6331, 12.837582], [75.633099, 12.83731], [75.633099, 12.837039], [75.633098, 12.836768], [75.633097, 12.836497], [75.633097, 12.836225], [75.633096, 12.835954], [75.633095, 12.835683]]}, "properties": {"length_m": 630.0, "drop_m": 294.8, "reach_angle_deg": 25.07, "max_velocity_ms": 23.2, "mean_velocity_ms": 16.5, "source_susceptibility": 0.673, "buildings_at_risk": 0, "road_km_at_risk": 0.0}}, {"type": "Feature", "geometry": {"type": "LineString", "coordinates": [[75.583669, 12.24848], [75.583669, 12.248751], [75.58367, 12.249023], [75.583671, 12.249294], [75.583671, 12.249565], [75.583672, 12.249837], [75.583672, 12.250108], [75.583673, 12.250379], [75.583949, 12.250379]]}, "properties": {"length_m": 270.0, "drop_m": 93.7, "reach_angle_deg": 19.14, "max_velocity_ms": 14.6, "mean_velocity_ms": 8.6, "source_susceptibility": 0.623, "buildings_at_risk": 0, "road_km_at_risk": 0.0}}, {"type": "Feature", "geometry": {"type": "LineString", "coordinates": [[75.548206, 12.172051], [75.548205, 12.171779], [75.547929, 12.171509], [75.547928, 12.171237], [75.547928, 12.170966], [75.547927, 12.170695], [75.547651, 12.170424], [75.54765, 12.170153], [75.54765, 12.169881], [75.547373, 12.169611], [75.547373, 12.169339], [75.547372, 12.169068], [75.547647, 12.168796], [75.547647, 12.168525], [75.547646, 12.168254], [75.547646, 12.167982], [75.547645, 12.167711], [75.547645, 12.16744], [75.547644, 12.167169], [75.547644, 12.166897], [75.547643, 12.166626], [75.547642, 12.166355], [75.547367, 12.166355], [75.547642, 12.166083]]}, "properties": {"length_m": 720.0, "drop_m": 331.4, "reach_angle_deg": 24.72, "max_velocity_ms": 20.8, "mean_velocity_ms": 15.4, "source_susceptibility": 0.679, "buildings_at_risk": 0, "road_km_at_risk": 0.0}}, {"type": "Feature", "geometry": {"type": "LineString", "coordinates": [[75.525101, 12.340835], [75.524824, 12.340565], [75.524548, 12.340565], [75.524272, 12.340294], [75.523996, 12.340295], [75.523719, 12.340024], [75.523443, 12.340025], [75.523167, 12.340025], [75.522891, 12.339755], [75.522615, 12.339755], [75.522339, 12.339756], [75.522063, 12.339485], [75.521786, 12.339214], [75.52151, 12.339215], [75.521234, 12.339215], [75.520958, 12.338944], [75.520682, 12.338945], [75.520406, 12.338945]]}, "properties": {"length_m": 540.0, "drop_m": 296.4, "reach_angle_deg": 28.76, "max_velocity_ms": 23.2, "mean_velocity_ms": 15.4, "source_susceptibility": 0.679, "buildings_at_risk": 0, "road_km_at_risk": 0.0}}, {"type": "Feature", "geometry": {"type": "LineString", "coordinates": [[75.607118, 12.839542], [75.606842, 12.839542], [75.606565, 12.839272], [75.606564, 12.839001], [75.606563, 12.838729]]}, "properties": {"length_m": 150.0, "drop_m": 38.3, "reach_angle_deg": 14.33, "max_velocity_ms": 8.8, "mean_velocity_ms": 6.5, "source_susceptibility": 0.659, "buildings_at_risk": 0, "road_km_at_risk": 0.0}}, {"type": "Feature", "geometry": {"type": "LineString", "coordinates": [[75.579748, 12.22136], [75.579472, 12.221361], [75.579196, 12.22109], [75.57892, 12.22109], [75.578644, 12.221091], [75.578369, 12.221092], [75.578093, 12.221092], [75.577817, 12.221093], [75.577541, 12.221093], [75.577265, 12.221094], [75.57699, 12.221095], [75.576714, 12.221366], [75.576439, 12.221367], [75.576163, 12.221368], [75.575888, 12.221639], [75.575612, 12.221911]]}, "properties": {"length_m": 480.0, "drop_m": 233.0, "reach_angle_deg": 25.9, "max_velocity_ms": 23.2, "mean_velocity_ms": 17.1, "source_susceptibility": 0.707, "buildings_at_risk": 0, "road_km_at_risk": 0.0}}, {"type": "Feature", "geometry": {"type": "LineString", "coordinates": [[75.589656, 12.212115], [75.589656, 12.211844], [75.589931, 12.211572], [75.58993, 12.211301], [75.58993, 12.21103], [75.589929, 12.210758], [75.589929, 12.210487], [75.589928, 12.210216], [75.589927, 12.209944], [75.589652, 12.209945], [75.589376, 12.209946], [75.5891, 12.209946], [75.5891, 12.209675], [75.588823, 12.209404], [75.588823, 12.209133], [75.588547, 12.209134], [75.588271, 12.209134], [75.58827, 12.208863]]}, "properties": {"length_m": 540.0, "drop_m": 181.8, "reach_angle_deg": 18.6, "max_velocity_ms": 20.3, "mean_velocity_ms": 10.8, "source_susceptibility": 0.664, "buildings_at_risk": 0, "road_km_at_risk": 0.0}}, {"type": "Feature", "geometry": {"type": "LineString", "coordinates": [[75.602068, 12.212631], [75.602343, 12.212359], [75.602343, 12.212088], [75.602342, 12.211817], [75.602617, 12.211545], [75.602617, 12.211273], [75.602616, 12.211002], [75.602615, 12.210731], [75.602615, 12.21046], [75.60289, 12.210188], [75.602614, 12.209917], [75.602889, 12.209645], [75.603164, 12.209373], [75.603439, 12.209101], [75.603714, 12.208829], [75.603714, 12.208558], [75.603989, 12.208286], [75.604264, 12.208014], [75.604263, 12.207743], [75.604539, 12.207471], [75.604262, 12.207201], [75.604537, 12.206929], [75.604537, 12.206657], [75.604536, 12.206386], [75.604535, 12.206115], [75.604811, 12.205843], [75.60481, 12.205572], [75.604809, 12.2053], [75.605085, 12.205028], [75.605084, 12.204757], [75.605083, 12.204486], [75.605083, 12.204215], [75.604806, 12.203944], [75.604806, 12.203673], [75.604805, 12.203401]]}, "properties": {"length_m": 1050.0, "drop_m": 478.9, "reach_angle_deg": 24.52, "max_velocity_ms": 25.2, "mean_velocity_ms": 16.1, "source_susceptibility": 0.716, "buildings_at_risk": 0, "road_km_at_risk": 0.0}}, {"type": "Feature", "geometry": {"type": "LineString", "coordinates": [[75.563473, 12.978801], [75.563196, 12.978531], [75.562919, 12.97826]]}, "properties": {"length_m": 90.0, "drop_m": 33.0, "reach_angle_deg": 20.13, "max_velocity_ms": 9.8, "mean_velocity_ms": 6.0, "source_susceptibility": 0.703, "buildings_at_risk": 0, "road_km_at_risk": 0.0}}, {"type": "Feature", "geometry": {"type": "LineString", "coordinates": [[75.571104, 12.305476], [75.57138, 12.305476], [75.571655, 12.305204], [75.571931, 12.305203], [75.572206, 12.304931], [75.572482, 12.304931], [75.572758, 12.30493], [75.572757, 12.304659], [75.573032, 12.304387], [75.573308, 12.304115], [75.573307, 12.303844]]}, "properties": {"length_m": 330.0, "drop_m": 106.3, "reach_angle_deg": 17.85, "max_velocity_ms": 14.3, "mean_velocity_ms": 8.5, "source_susceptibility": 0.649, "buildings_at_risk": 0, "road_km_at_risk": 0.0}}, {"type": "Feature", "geometry": {"type": "LineString", "coordinates": [[75.616412, 12.213684], [75.616687, 12.213413], [75.616963, 12.213412], [75.617238, 12.21314], [75.617513, 12.212868], [75.617788, 12.212596], [75.618063, 12.212324], [75.618339, 12.212324], [75.618338, 12.212052]]}, "properties": {"length_m": 270.0, "drop_m": 145.4, "reach_angle_deg": 28.31, "max_velocity_ms": 21.9, "mean_velocity_ms": 15.4, "source_susceptibility": 0.74, "buildings_at_risk": 0, "road_km_at_risk": 0.0}}, {"type": "Feature", "geometry": {"type": "LineString", "coordinates": [[75.600124, 12.206396], [75.600399, 12.206124], [75.600674, 12.205852], [75.600673, 12.205581], [75.600948, 12.205309], [75.600948, 12.205038], [75.600671, 12.204767], [75.600395, 12.204496], [75.600671, 12.204496]]}, "properties": {"length_m": 270.0, "drop_m": 86.4, "reach_angle_deg": 17.74, "max_velocity_ms": 16.8, "mean_velocity_ms": 10.3, "source_susceptibility": 0.696, "buildings_at_risk": 0, "road_km_at_risk": 0.0}}, {"type": "Feature", "geometry": {"type": "LineString", "coordinates": [[75.581278, 12.415324], [75.581002, 12.415324], [75.580726, 12.415325], [75.58045, 12.415326], [75.580174, 12.415326], [75.579899, 12.415598], [75.579623, 12.415599], [75.579347, 12.415599], [75.579071, 12.4156], [75.578795, 12.4156], [75.578519, 12.415601], [75.578243, 12.415602], [75.577967, 12.415602], [75.577691, 12.415603], [75.577415, 12.415603], [75.577139, 12.415875], [75.576863, 12.415876], [75.576587, 12.415876], [75.576311, 12.415877], [75.576035, 12.415878], [75.575759, 12.415878], [75.575483, 12.415608], [75.575207, 12.415608], [75.574931, 12.415609], [75.57493, 12.415337], [75.574655, 12.415609], [75.574379, 12.415881]]}, "properties": {"length_m": 810.0, "drop_m": 354.5, "reach_angle_deg": 23.63, "max_velocity_ms": 22.9, "mean_velocity_ms": 18.1, "source_susceptibility": 0.674, "buildings_at_risk": 0, "road_km_at_risk": 0.0}}, {"type": "Feature", "geometry": {"type": "LineString", "coordinates": [[75.650412, 12.469151], [75.650412, 12.46888], [75.650411, 12.468608], [75.650686, 12.468336], [75.65041, 12.468337], [75.65041, 12.468066], [75.650409, 12.467795]]}, "properties": {"length_m": 210.0, "drop_m": 37.4, "reach_angle_deg": 10.1, "max_velocity_ms": 14.8, "mean_velocity_ms": 11.0, "source_susceptibility": 0.74, "buildings_at_risk": 0, "road_km_at_risk": 0.0}}, {"type": "Feature", "geometry": {"type": "LineString", "coordinates": [[75.580024, 12.221359], [75.579748, 12.22136], [75.579472, 12.221361], [75.579196, 12.22109], [75.57892, 12.22109], [75.578644, 12.221091], [75.578369, 12.221092], [75.578093, 12.221092], [75.577817, 12.221093], [75.577541, 12.221093], [75.577265, 12.221094], [75.57699, 12.221095], [75.576714, 12.221366], [75.576439, 12.221367], [75.576163, 12.221368], [75.575888, 12.221639], [75.575612, 12.221911]]}, "properties": {"length_m": 510.0, "drop_m": 250.2, "reach_angle_deg": 26.13, "max_velocity_ms": 23.2, "mean_velocity_ms": 17.1, "source_susceptibility": 0.664, "buildings_at_risk": 0, "road_km_at_risk": 0.0}}, {"type": "Feature", "geometry": {"type": "LineString", "coordinates": [[75.581271, 12.412069], [75.580994, 12.411798], [75.580718, 12.411798], [75.580442, 12.411528], [75.580165, 12.411257], [75.579889, 12.411258], [75.579613, 12.411258], [75.579338, 12.41153], [75.579062, 12.411802], [75.578786, 12.411803], [75.57851, 12.411803], [75.578235, 12.412075], [75.577959, 12.412076], [75.577684, 12.412347], [75.577684, 12.412619], [75.577409, 12.412891], [75.577409, 12.413162], [75.57741, 12.413433], [75.577135, 12.413705]]}, "properties": {"length_m": 570.0, "drop_m": 232.3, "reach_angle_deg": 22.18, "max_velocity_ms": 24.6, "mean_velocity_ms": 18.4, "source_susceptibility": 0.65, "buildings_at_risk": 0, "road_km_at_risk": 0.0}}, {"type": "Feature", "geometry": {"type": "LineString", "coordinates": [[75.609513, 12.212072], [75.609788, 12.2118], [75.610064, 12.211528], [75.610063, 12.211257], [75.610338, 12.210985], [75.610613, 12.210713], [75.610888, 12.210441], [75.610888, 12.21017], [75.610887, 12.209899], [75.611162, 12.209627], [75.611438, 12.209626], [75.611437, 12.209355], [75.611713, 12.209083], [75.611988, 12.208811], [75.612263, 12.208539], [75.612538, 12.208267], [75.612813, 12.207996], [75.613089, 12.207995], [75.613364, 12.207723], [75.613639, 12.207451], [75.613915, 12.207179], [75.61419, 12.206907], [75.613913, 12.206637]]}, "properties": {"length_m": 690.0, "drop_m": 298.6, "reach_angle_deg": 23.4, "max_velocity_ms": 23.4, "mean_velocity_ms": 14.0, "source_susceptibility": 0.68, "buildings_at_risk": 0, "road_km_at_risk": 0.0}}, {"type": "Feature", "geometry": {"type": "LineString", "coordinates": [[75.468078, 12.394111], [75.468354, 12.39384], [75.468353, 12.393568], [75.468629, 12.393297], [75.468628, 12.393025], [75.468628, 12.392754], [75.468627, 12.392483]]}, "properties": {"length_m": 210.0, "drop_m": 79.5, "reach_angle_deg": 20.74, "max_velocity_ms": 12.4, "mean_velocity_ms": 9.1, "source_susceptibility": 0.709, "buildings_at_risk": 0, "road_km_at_risk": 0.0}}, {"type": "Feature", "geometry": {"type": "LineString", "coordinates": [[75.589658, 12.212658], [75.589657, 12.212387], [75.589656, 12.212115], [75.589656, 12.211844], [75.589931, 12.211572], [75.58993, 12.211301], [75.58993, 12.21103], [75.589929, 12.210758], [75.589929, 12.210487], [75.589928, 12.210216], [75.589927, 12.209944], [75.589652, 12.209945], [75.589376, 12.209946], [75.5891, 12.209946], [75.5891, 12.209675], [75.588823, 12.209404], [75.588823, 12.209133], [75.588547, 12.209134], [75.588271, 12.209134], [75.58827, 12.208863]]}, "properties": {"length_m": 600.0, "drop_m": 206.5, "reach_angle_deg": 18.99, "max_velocity_ms": 21.2, "mean_velocity_ms": 11.6, "source_susceptibility": 0.691, "buildings_at_risk": 0, "road_km_at_risk": 0.0}}, {"type": "Feature", "geometry": {"type": "LineString", "coordinates": [[75.66076, 12.191879], [75.661035, 12.191607], [75.661034, 12.191336], [75.661033, 12.191065], [75.660757, 12.190794], [75.660756, 12.190523], [75.660756, 12.190251], [75.660755, 12.18998], [75.660754, 12.189709], [75.660754, 12.189438], [75.660753, 12.189166], [75.660477, 12.188896], [75.660476, 12.188624], [75.660475, 12.188353]]}, "properties": {"length_m": 420.0, "drop_m": 176.4, "reach_angle_deg": 22.79, "max_velocity_ms": 20.9, "mean_velocity_ms": 10.8, "source_susceptibility": 0.782, "buildings_at_risk": 0, "road_km_at_risk": 0.0}}, {"type": "Feature", "geometry": {"type": "LineString", "coordinates": [[75.608775, 12.838724], [75.608498, 12.838454], [75.608222, 12.838725], [75.607945, 12.838455], [75.607669, 12.838727], [75.607393, 12.838727]]}, "properties": {"length_m": 180.0, "drop_m": 42.4, "reach_angle_deg": 13.24, "max_velocity_ms": 11.2, "mean_velocity_ms": 6.1, "source_susceptibility": 0.697, "buildings_at_risk": 0, "road_km_at_risk": 0.0}}, {"type": "Feature", "geometry": {"type": "LineString", "coordinates": [[75.608296, 12.282608], [75.608295, 12.282337], [75.608295, 12.282066], [75.608294, 12.281794], [75.608017, 12.281524], [75.608017, 12.281253], [75.60774, 12.280982], [75.607464, 12.280711], [75.607188, 12.280712]]}, "properties": {"length_m": 270.0, "drop_m": 99.4, "reach_angle_deg": 20.2, "max_velocity_ms": 15.4, "mean_velocity_ms": 11.5, "source_susceptibility": 0.674, "buildings_at_risk": 0, "road_km_at_risk": 0.0}}, {"type": "Feature", "geometry": {"type": "LineString", "coordinates": [[75.636093, 12.483563], [75.635816, 12.483292], [75.635539, 12.483021], [75.635263, 12.483022], [75.634987, 12.483023], [75.634711, 12.483023], [75.634435, 12.483024], [75.634159, 12.483025], [75.633882, 12.482754], [75.633606, 12.482755], [75.63333, 12.482755], [75.633054, 12.483027], [75.632778, 12.482757], [75.632502, 12.482757], [75.632226, 12.482758], [75.631949, 12.482487], [75.631672, 12.482217], [75.631396, 12.482217], [75.63112, 12.482218], [75.631119, 12.481947]]}, "properties": {"length_m": 600.0, "drop_m": 315.1, "reach_angle_deg": 27.71, "max_velocity_ms": 20.6, "mean_velocity_ms": 14.3, "source_susceptibility": 0.827, "buildings_at_risk": 0, "road_km_at_risk": 0.0}}, {"type": "Feature", "geometry": {"type": "LineString", "coordinates": [[75.661033, 12.190793], [75.660756, 12.190523], [75.660756, 12.190251], [75.660755, 12.18998], [75.660754, 12.189709], [75.660754, 12.189438], [75.660753, 12.189166], [75.660477, 12.188896], [75.660476, 12.188624], [75.660475, 12.188353]]}, "properties": {"length_m": 300.0, "drop_m": 115.4, "reach_angle_deg": 21.03, "max_velocity_ms": 12.5, "mean_velocity_ms": 7.8, "source_susceptibility": 0.651, "buildings_at_risk": 0, "road_km_at_risk": 0.0}}, {"type": "Feature", "geometry": {"type": "LineString", "coordinates": [[75.661859, 12.190249], [75.661858, 12.189977], [75.661582, 12.189978], [75.661582, 12.189707], [75.661306, 12.189708], [75.661029, 12.189437], [75.660754, 12.189438], [75.660753, 12.189166], [75.660477, 12.188896], [75.660476, 12.188624], [75.660475, 12.188353]]}, "properties": {"length_m": 330.0, "drop_m": 91.4, "reach_angle_deg": 15.48, "max_velocity_ms": 10.6, "mean_velocity_ms": 6.9, "source_susceptibility": 0.704, "buildings_at_risk": 0, "road_km_at_risk": 0.0}}, {"type": "Feature", "geometry": {"type": "LineString", "coordinates": [[75.661034, 12.191336], [75.661033, 12.191065], [75.660757, 12.190794], [75.660756, 12.190523], [75.660756, 12.190251], [75.660755, 12.18998], [75.660754, 12.189709], [75.660754, 12.189438], [75.660753, 12.189166], [75.660477, 12.188896], [75.660476, 12.188624], [75.660475, 12.188353]]}, "properties": {"length_m": 360.0, "drop_m": 143.8, "reach_angle_deg": 21.78, "max_velocity_ms": 16.6, "mean_velocity_ms": 9.2, "source_susceptibility": 0.748, "buildings_at_risk": 0, "road_km_at_risk": 0.0}}, {"type": "Feature", "geometry": {"type": "LineString", "coordinates": [[75.637911, 12.208481], [75.637634, 12.20821], [75.637634, 12.207939], [75.637357, 12.207669], [75.637357, 12.207397]]}, "properties": {"length_m": 150.0, "drop_m": 51.1, "reach_angle_deg": 18.8, "max_velocity_ms": 15.2, "mean_velocity_ms": 10.6, "source_susceptibility": 0.654, "buildings_at_risk": 0, "road_km_at_risk": 0.0}}, {"type": "Feature", "geometry": {"type": "LineString", "coordinates": [[75.598465, 12.2045], [75.598464, 12.204229], [75.598463, 12.203958], [75.598739, 12.203686], [75.599014, 12.203414], [75.599013, 12.203143], [75.599013, 12.202871], [75.599288, 12.2026], [75.599563, 12.202328], [75.599562, 12.202056], [75.599837, 12.201785], [75.600113, 12.201513], [75.600388, 12.201241], [75.600663, 12.200969], [75.600939, 12.200968], [75.600938, 12.200697]]}, "properties": {"length_m": 480.0, "drop_m": 231.0, "reach_angle_deg": 25.7, "max_velocity_ms": 19.6, "mean_velocity_ms": 11.3, "source_susceptibility": 0.686, "buildings_at_risk": 0, "road_km_at_risk": 0.0}}, {"type": "Feature", "geometry": {"type": "LineString", "coordinates": [[75.642872, 12.207113], [75.642871, 12.206842], [75.64287, 12.206571], [75.64287, 12.206299], [75.642869, 12.206028], [75.642868, 12.205757], [75.642868, 12.205485], [75.642867, 12.205214], [75.642866, 12.204943], [75.642866, 12.204672], [75.642865, 12.2044], [75.64314, 12.204128], [75.642864, 12.203858], [75.642587, 12.203587], [75.642587, 12.203316], [75.642311, 12.203317], [75.64231, 12.203045], [75.642034, 12.203046], [75.642034, 12.202775]]}, "properties": {"length_m": 570.0, "drop_m": 241.9, "reach_angle_deg": 22.99, "max_velocity_ms": 20.5, "mean_velocity_ms": 12.7, "source_susceptibility": 0.752, "buildings_at_risk": 0, "road_km_at_risk": 0.0}}, {"type": "Feature", "geometry": {"type": "LineString", "coordinates": [[75.753791, 12.129247], [75.75379, 12.128976], [75.75379, 12.128704], [75.753789, 12.128433], [75.753513, 12.128434], [75.753237, 12.128163], [75.753236, 12.127892], [75.752959, 12.127621], [75.753234, 12.127349], [75.753234, 12.127078], [75.753233, 12.126807], [75.753232, 12.126536]]}, "properties": {"length_m": 360.0, "drop_m": 119.2, "reach_angle_deg": 18.32, "max_velocity_ms": 14.9, "mean_velocity_ms": 10.1, "source_susceptibility": 0.652, "buildings_at_risk": 0, "road_km_at_risk": 0.0}}, {"type": "Feature", "geometry": {"type": "LineString", "coordinates": [[75.615136, 12.952914], [75.615135, 12.952643], [75.614858, 12.952372], [75.614857, 12.952101], [75.61458, 12.95183], [75.614303, 12.951559], [75.614026, 12.951289], [75.614025, 12.951018], [75.614024, 12.950746], [75.614024, 12.950475], [75.614023, 12.950204], [75.614022, 12.949932], [75.614022, 12.949661], [75.613745, 12.949662], [75.613744, 12.949391], [75.613467, 12.94912], [75.613466, 12.948849], [75.613466, 12.948577], [75.613465, 12.948306], [75.613464, 12.948035], [75.613188, 12.948036], [75.612911, 12.947765], [75.61291, 12.947494], [75.612633, 12.947223], [75.612355, 12.946952], [75.612078, 12.946682], [75.612078, 12.946411], [75.6118, 12.94614], [75.611524, 12.946141], [75.6118, 12.945869]]}, "properties": {"length_m": 900.0, "drop_m": 463.6, "reach_angle_deg": 27.26, "max_velocity_ms": 20.7, "mean_velocity_ms": 13.4, "source_susceptibility": 0.697, "buildings_at_risk": 0, "road_km_at_risk": 0.0}}, {"type": "Feature", "geometry": {"type": "LineString", "coordinates": [[75.68306, 12.177718], [75.68306, 12.177447], [75.682783, 12.177176], [75.682507, 12.176906], [75.682232, 12.177178], [75.681956, 12.177178], [75.681681, 12.17745], [75.681405, 12.177451], [75.681129, 12.177452], [75.680854, 12.177452], [75.680578, 12.177453], [75.680303, 12.177725], [75.680027, 12.177726], [75.679751, 12.177455], [75.679474, 12.177184], [75.679198, 12.176914], [75.678921, 12.176643], [75.678921, 12.176372], [75.678644, 12.176101], [75.678368, 12.175831], [75.678092, 12.175831], [75.677816, 12.175561], [75.67754, 12.175562], [75.677264, 12.175562], [75.676988, 12.175563], [75.676713, 12.175564], [75.676436, 12.175293]]}, "properties": {"length_m": 810.0, "drop_m": 333.3, "reach_angle_deg": 22.36, "max_velocity_ms": 18.3, "mean_velocity_ms": 11.1, "source_susceptibility": 0.699, "buildings_at_risk": 0, "road_km_at_risk": 0.0}}, {"type": "Feature", "geometry": {"type": "LineString", "coordinates": [[75.66048, 12.190252], [75.660755, 12.18998], [75.660754, 12.189709], [75.660754, 12.189438], [75.660753, 12.189166], [75.660477, 12.188896], [75.660476, 12.188624], [75.660475, 12.188353]]}, "properties": {"length_m": 240.0, "drop_m": 85.7, "reach_angle_deg": 19.65, "max_velocity_ms": 14.1, "mean_velocity_ms": 7.0, "source_susceptibility": 0.695, "buildings_at_risk": 0, "road_km_at_risk": 0.0}}, {"type": "Feature", "geometry": {"type": "LineString", "coordinates": [[75.614857, 12.952101], [75.61458, 12.95183], [75.614303, 12.951559], [75.614026, 12.951289], [75.614025, 12.951018], [75.614024, 12.950746], [75.614024, 12.950475], [75.614023, 12.950204], [75.614022, 12.949932], [75.614022, 12.949661], [75.613745, 12.949662], [75.613744, 12.949391], [75.613467, 12.94912], [75.613466, 12.948849], [75.613466, 12.948577], [75.613465, 12.948306], [75.613464, 12.948035], [75.613188, 12.948036], [75.612911, 12.947765], [75.61291, 12.947494], [75.612633, 12.947223], [75.612355, 12.946952], [75.612078, 12.946682], [75.612078, 12.946411], [75.6118, 12.94614], [75.611524, 12.946141], [75.6118, 12.945869]]}, "properties": {"length_m": 810.0, "drop_m": 402.0, "reach_angle_deg": 26.4, "max_velocity_ms": 20.7, "mean_velocity_ms": 12.7, "source_susceptibility": 0.68, "buildings_at_risk": 0, "road_km_at_risk": 0.0}}, {"type": "Feature", "geometry": {"type": "LineString", "coordinates": [[75.594069, 12.212106], [75.594068, 12.211835], [75.593792, 12.211564], [75.593516, 12.211293], [75.593515, 12.211022], [75.593239, 12.210751], [75.592962, 12.210481], [75.592686, 12.21021], [75.59241, 12.21021], [75.592134, 12.210211]]}, "properties": {"length_m": 300.0, "drop_m": 137.8, "reach_angle_deg": 24.67, "max_velocity_ms": 19.4, "mean_velocity_ms": 12.0, "source_susceptibility": 0.664, "buildings_at_risk": 0, "road_km_at_risk": 0.0}}, {"type": "Feature", "geometry": {"type": "LineString", "coordinates": [[75.504854, 12.430126], [75.50513, 12.430126], [75.505405, 12.429854], [75.505681, 12.429853], [75.505957, 12.429853], [75.506233, 12.429852], [75.506509, 12.429852], [75.506785, 12.429851], [75.507061, 12.429851], [75.507337, 12.42985], [75.507613, 12.42985], [75.50789, 12.430121], [75.508166, 12.43012], [75.508442, 12.43012], [75.508717, 12.429848]]}, "properties": {"length_m": 450.0, "drop_m": 179.7, "reach_angle_deg": 21.77, "max_velocity_ms": 13.4, "mean_velocity_ms": 10.1, "source_susceptibility": 0.635, "buildings_at_risk": 0, "road_km_at_risk": 0.0}}, {"type": "Feature", "geometry": {"type": "LineString", "coordinates": [[75.698182, 12.16059], [75.697905, 12.160319], [75.697629, 12.160049], [75.697628, 12.159777], [75.697628, 12.159506], [75.697627, 12.159235], [75.697626, 12.158963], [75.69735, 12.158964], [75.69735, 12.158693], [75.697074, 12.158694], [75.696798, 12.158423], [75.696521, 12.158152], [75.696245, 12.158153], [75.69597, 12.158154], [75.695694, 12.158154], [75.695418, 12.158155], [75.695142, 12.158156], [75.694867, 12.158157], [75.694591, 12.158157]]}, "properties": {"length_m": 570.0, "drop_m": 161.2, "reach_angle_deg": 15.79, "max_velocity_ms": 18.5, "mean_velocity_ms": 11.2, "source_susceptibility": 0.621, "buildings_at_risk": 0, "road_km_at_risk": 0.0}}, {"type": "Feature", "geometry": {"type": "LineString", "coordinates": [[75.646832, 12.472415], [75.646555, 12.472144], [75.646278, 12.471874], [75.646278, 12.471602], [75.646277, 12.471331], [75.646001, 12.471332]]}, "properties": {"length_m": 180.0, "drop_m": 58.8, "reach_angle_deg": 18.1, "max_velocity_ms": 11.5, "mean_velocity_ms": 7.7, "source_susceptibility": 0.675, "buildings_at_risk": 0, "road_km_at_risk": 0.0}}, {"type": "Feature", "geometry": {"type": "LineString", "coordinates": [[75.651204, 12.673961], [75.650928, 12.673962], [75.650928, 12.674233], [75.650929, 12.674504]]}, "properties": {"length_m": 120.0, "drop_m": 18.7, "reach_angle_deg": 8.84, "max_velocity_ms": 8.9, "mean_velocity_ms": 5.6, "source_susceptibility": 0.669, "buildings_at_risk": 0, "road_km_at_risk": 0.0}}, {"type": "Feature", "geometry": {"type": "LineString", "coordinates": [[75.600963, 12.211548], [75.601238, 12.211276], [75.601237, 12.211005], [75.601512, 12.210733], [75.601787, 12.210461], [75.602063, 12.210189], [75.602338, 12.209918], [75.602613, 12.209646], [75.602889, 12.209645], [75.603164, 12.209373], [75.603439, 12.209101], [75.603714, 12.208829], [75.603714, 12.208558], [75.603989, 12.208286], [75.604264, 12.208014], [75.604263, 12.207743], [75.604539, 12.207471], [75.604262, 12.207201], [75.604537, 12.206929], [75.604537, 12.206657], [75.604536, 12.206386], [75.604535, 12.206115], [75.604811, 12.205843], [75.60481, 12.205572], [75.604809, 12.2053], [75.605085, 12.205028], [75.605084, 12.204757], [75.605083, 12.204486], [75.605083, 12.204215], [75.604806, 12.203944], [75.604806, 12.203673], [75.604805, 12.203401]]}, "properties": {"length_m": 960.0, "drop_m": 433.3, "reach_angle_deg": 24.29, "max_velocity_ms": 24.5, "mean_velocity_ms": 15.1, "source_susceptibility": 0.708, "buildings_at_risk": 0, "road_km_at_risk": 0.0}}, {"type": "Feature", "geometry": {"type": "LineString", "coordinates": [[75.702919, 12.692818], [75.702643, 12.69309], [75.702368, 12.693362], [75.702091, 12.693363], [75.702092, 12.693634], [75.701817, 12.693906], [75.701817, 12.694178], [75.701541, 12.694178], [75.701264, 12.693908]]}, "properties": {"length_m": 270.0, "drop_m": 87.9, "reach_angle_deg": 18.03, "max_velocity_ms": 12.4, "mean_velocity_ms": 8.8, "source_susceptibility": 0.648, "buildings_at_risk": 0, "road_km_at_risk": 0.0}}, {"type": "Feature", "geometry": {"type": "LineString", "coordinates": [[75.683336, 12.177717], [75.68306, 12.177718], [75.68306, 12.177447], [75.682783, 12.177176], [75.682507, 12.176906], [75.682232, 12.177178], [75.681956, 12.177178], [75.681681, 12.17745], [75.681405, 12.177451], [75.681129, 12.177452], [75.680854, 12.177452], [75.680578, 12.177453], [75.680303, 12.177725], [75.680027, 12.177726], [75.679751, 12.177455], [75.679474, 12.177184], [75.679198, 12.176914], [75.678921, 12.176643], [75.678921, 12.176372], [75.678644, 12.176101], [75.678368, 12.175831], [75.678092, 12.175831], [75.677816, 12.175561], [75.67754, 12.175562], [75.677264, 12.175562], [75.676988, 12.175563], [75.676713, 12.175564], [75.676436, 12.175293]]}, "properties": {"length_m": 840.0, "drop_m": 343.2, "reach_angle_deg": 22.23, "max_velocity_ms": 18.3, "mean_velocity_ms": 11.1, "source_susceptibility": 0.83, "buildings_at_risk": 0, "road_km_at_risk": 0.0}}, {"type": "Feature", "geometry": {"type": "LineString", "coordinates": [[75.69479, 12.547438], [75.694514, 12.547439], [75.694239, 12.547711], [75.693963, 12.547983], [75.693687, 12.547984], [75.693411, 12.547985], [75.693134, 12.547714], [75.692857, 12.547443], [75.692581, 12.547444], [75.692305, 12.547445], [75.692029, 12.547446], [75.691752, 12.547175], [75.691476, 12.547176], [75.691199, 12.546905], [75.690923, 12.546906], [75.690646, 12.546635], [75.69037, 12.546636], [75.690094, 12.546637], [75.689818, 12.546637], [75.689542, 12.546638]]}, "properties": {"length_m": 600.0, "drop_m": 297.6, "reach_angle_deg": 26.38, "max_velocity_ms": 20.6, "mean_velocity_ms": 14.5, "source_susceptibility": 0.623, "buildings_at_risk": 0, "road_km_at_risk": 0.0}}, {"type": "Feature", "geometry": {"type": "LineString", "coordinates": [[75.56375, 12.978801], [75.563473, 12.978801], [75.563196, 12.978531], [75.562919, 12.97826]]}, "properties": {"length_m": 120.0, "drop_m": 43.0, "reach_angle_deg": 19.72, "max_velocity_ms": 11.2, "mean_velocity_ms": 7.3, "source_susceptibility": 0.671, "buildings_at_risk": 0, "road_km_at_risk": 0.0}}, {"type": "Feature", "geometry": {"type": "LineString", "coordinates": [[75.656623, 12.191618], [75.656347, 12.191618], [75.65607, 12.191348], [75.655794, 12.191077], [75.655517, 12.190806], [75.655242, 12.190807], [75.654966, 12.190808], [75.65469, 12.190808], [75.654414, 12.190809], [75.654138, 12.190538], [75.653862, 12.190268], [75.653586, 12.190268], [75.65331, 12.190269], [75.653034, 12.19027], [75.652758, 12.189999]]}, "properties": {"length_m": 450.0, "drop_m": 197.5, "reach_angle_deg": 23.69, "max_velocity_ms": 17.9, "mean_velocity_ms": 13.6, "source_susceptibility": 0.702, "buildings_at_risk": 0, "road_km_at_risk": 0.0}}, {"type": "Feature", "geometry": {"type": "LineString", "coordinates": [[75.575556, 12.195868], [75.57528, 12.195597], [75.575003, 12.195327], [75.574728, 12.195327], [75.574451, 12.195056], [75.574175, 12.195057], [75.573899, 12.194786], [75.573623, 12.194787], [75.573347, 12.194516], [75.573071, 12.194246], [75.572795, 12.194246], [75.572519, 12.193975], [75.572243, 12.193976], [75.571966, 12.193705], [75.571691, 12.193706], [75.571415, 12.193706], [75.571139, 12.193436], [75.570863, 12.193436], [75.570587, 12.193437], [75.570311, 12.193437]]}, "properties": {"length_m": 600.0, "drop_m": 312.6, "reach_angle_deg": 27.52, "max_velocity_ms": 23.3, "mean_velocity_ms": 13.9, "source_susceptibility": 0.636, "buildings_at_risk": 0, "road_km_at_risk": 0.0}}, {"type": "Feature", "geometry": {"type": "LineString", "coordinates": [[75.602343, 12.212359], [75.602343, 12.212088], [75.602342, 12.211817], [75.602617, 12.211545], [75.602617, 12.211273], [75.602616, 12.211002], [75.602615, 12.210731], [75.602615, 12.21046], [75.60289, 12.210188], [75.602614, 12.209917], [75.602889, 12.209645], [75.603164, 12.209373], [75.603439, 12.209101], [75.603714, 12.208829], [75.603714, 12.208558], [75.603989, 12.208286], [75.604264, 12.208014], [75.604263, 12.207743], [75.604539, 12.207471], [75.604262, 12.207201], [75.604537, 12.206929], [75.604537, 12.206657], [75.604536, 12.206386], [75.604535, 12.206115], [75.604811, 12.205843], [75.60481, 12.205572], [75.604809, 12.2053], [75.605085, 12.205028], [75.605084, 12.204757], [75.605083, 12.204486], [75.605083, 12.204215], [75.604806, 12.203944], [75.604806, 12.203673], [75.604805, 12.203401]]}, "properties": {"length_m": 1020.0, "drop_m": 458.8, "reach_angle_deg": 24.22, "max_velocity_ms": 23.5, "mean_velocity_ms": 15.8, "source_susceptibility": 0.747, "buildings_at_risk": 0, "road_km_at_risk": 0.0}}, {"type": "Feature", "geometry": {"type": "LineString", "coordinates": [[75.579472, 12.221361], [75.579196, 12.22109], [75.57892, 12.22109], [75.578644, 12.221091], [75.578369, 12.221092], [75.578093, 12.221092], [75.577817, 12.221093], [75.577541, 12.221093], [75.577265, 12.221094], [75.57699, 12.221095], [75.576714, 12.221366], [75.576439, 12.221367], [75.576163, 12.221368], [75.575888, 12.221639], [75.575612, 12.221911]]}, "properties": {"length_m": 450.0, "drop_m": 209.5, "reach_angle_deg": 24.97, "max_velocity_ms": 23.2, "mean_velocity_ms": 17.0, "source_susceptibility": 0.782, "buildings_at_risk": 0, "road_km_at_risk": 0.0}}, {"type": "Feature", "geometry": {"type": "LineString", "coordinates": [[75.679751, 12.177455], [75.679474, 12.177184], [75.679198, 12.176914], [75.678921, 12.176643], [75.678921, 12.176372], [75.678644, 12.176101], [75.678368, 12.175831], [75.678092, 12.175831], [75.677816, 12.175561], [75.67754, 12.175562], [75.677264, 12.175562], [75.676988, 12.175563], [75.676713, 12.175564], [75.676436, 12.175293]]}, "properties": {"length_m": 420.0, "drop_m": 163.6, "reach_angle_deg": 21.28, "max_velocity_ms": 18.3, "mean_velocity_ms": 14.1, "source_susceptibility": 0.637, "buildings_at_risk": 0, "road_km_at_risk": 0.0}}, {"type": "Feature", "geometry": {"type": "LineString", "coordinates": [[75.651793, 12.469148], [75.651516, 12.468877], [75.651239, 12.468606], [75.650963, 12.468607], [75.650686, 12.468336], [75.65041, 12.468337], [75.65041, 12.468066], [75.650409, 12.467795]]}, "properties": {"length_m": 240.0, "drop_m": 97.5, "reach_angle_deg": 22.11, "max_velocity_ms": 19.6, "mean_velocity_ms": 13.5, "source_susceptibility": 0.707, "buildings_at_risk": 0, "road_km_at_risk": 0.0}}, {"type": "Feature", "geometry": {"type": "LineString", "coordinates": [[75.580527, 12.199113], [75.580528, 12.199384], [75.580804, 12.199655], [75.580805, 12.199926], [75.580805, 12.200198], [75.581082, 12.200468], [75.581082, 12.20074], [75.581083, 12.201011], [75.581083, 12.201282], [75.58136, 12.201553], [75.581636, 12.201824], [75.581912, 12.202094]]}, "properties": {"length_m": 360.0, "drop_m": 123.1, "reach_angle_deg": 18.88, "max_velocity_ms": 18.1, "mean_velocity_ms": 10.3, "source_susceptibility": 0.678, "buildings_at_risk": 0, "road_km_at_risk": 0.0}}, {"type": "Feature", "geometry": {"type": "LineString", "coordinates": [[75.615861, 12.213957], [75.616136, 12.213685], [75.616411, 12.213413], [75.616687, 12.213413], [75.616963, 12.213412], [75.617238, 12.21314], [75.617513, 12.212868], [75.617788, 12.212596], [75.618063, 12.212324], [75.618339, 12.212324], [75.618338, 12.212052]]}, "properties": {"length_m": 330.0, "drop_m": 193.1, "reach_angle_deg": 30.34, "max_velocity_ms": 21.1, "mean_velocity_ms": 16.3, "source_susceptibility": 0.899, "buildings_at_risk": 0, "road_km_at_risk": 0.0}}, {"type": "Feature", "geometry": {"type": "LineString", "coordinates": [[75.614581, 12.952101], [75.61458, 12.95183], [75.614303, 12.951559], [75.614026, 12.951289], [75.614025, 12.951018], [75.614024, 12.950746], [75.614024, 12.950475], [75.614023, 12.950204], [75.614022, 12.949932], [75.614022, 12.949661], [75.613745, 12.949662], [75.613744, 12.949391], [75.613467, 12.94912], [75.613466, 12.948849], [75.613466, 12.948577], [75.613465, 12.948306], [75.613464, 12.948035], [75.613188, 12.948036], [75.612911, 12.947765], [75.61291, 12.947494], [75.612633, 12.947223], [75.612355, 12.946952], [75.612078, 12.946682], [75.612078, 12.946411], [75.6118, 12.94614], [75.611524, 12.946141], [75.6118, 12.945869]]}, "properties": {"length_m": 810.0, "drop_m": 395.0, "reach_angle_deg": 26.0, "max_velocity_ms": 19.9, "mean_velocity_ms": 12.7, "source_susceptibility": 0.7, "buildings_at_risk": 0, "road_km_at_risk": 0.0}}, {"type": "Feature", "geometry": {"type": "LineString", "coordinates": [[75.541508, 12.402656], [75.541507, 12.402385], [75.541506, 12.402113], [75.54123, 12.402114]]}, "properties": {"length_m": 120.0, "drop_m": 23.1, "reach_angle_deg": 10.88, "max_velocity_ms": 12.9, "mean_velocity_ms": 7.6, "source_susceptibility": 0.674, "buildings_at_risk": 0, "road_km_at_risk": 0.0}}, {"type": "Feature", "geometry": {"type": "LineString", "coordinates": [[75.775358, 12.526059], [75.775634, 12.526058], [75.77591, 12.526057], [75.776187, 12.526328], [75.776464, 12.526598], [75.77674, 12.526597], [75.776739, 12.526326], [75.777015, 12.526325]]}, "properties": {"length_m": 240.0, "drop_m": 85.4, "reach_angle_deg": 19.58, "max_velocity_ms": 15.1, "mean_velocity_ms": 10.7, "source_susceptibility": 0.74, "buildings_at_risk": 0, "road_km_at_risk": 0.0}}, {"type": "Feature", "geometry": {"type": "LineString", "coordinates": [[75.583668, 12.248209], [75.583669, 12.24848], [75.583669, 12.248751], [75.58367, 12.249023], [75.583671, 12.249294], [75.583671, 12.249565], [75.583672, 12.249837], [75.583672, 12.250108], [75.583673, 12.250379], [75.583949, 12.250379]]}, "properties": {"length_m": 300.0, "drop_m": 109.0, "reach_angle_deg": 19.96, "max_velocity_ms": 15.5, "mean_velocity_ms": 9.3, "source_susceptibility": 0.64, "buildings_at_risk": 0, "road_km_at_risk": 0.0}}, {"type": "Feature", "geometry": {"type": "LineString", "coordinates": [[75.64959, 12.471323], [75.649313, 12.471053], [75.649312, 12.470781], [75.649035, 12.470511], [75.648759, 12.47024], [75.648758, 12.469969], [75.648482, 12.469969], [75.648481, 12.469698], [75.648205, 12.469428], [75.647928, 12.469157], [75.647651, 12.468886], [75.647375, 12.468887], [75.647099, 12.468888], [75.646823, 12.468888], [75.646547, 12.468889], [75.646546, 12.468618]]}, "properties": {"length_m": 480.0, "drop_m": 194.4, "reach_angle_deg": 22.05, "max_velocity_ms": 16.6, "mean_velocity_ms": 9.1, "source_susceptibility": 0.694, "buildings_at_risk": 0, "road_km_at_risk": 0.0}}, {"type": "Feature", "geometry": {"type": "LineString", "coordinates": [[75.605915, 12.206383], [75.605639, 12.206112], [75.605638, 12.205841], [75.605362, 12.20557], [75.605085, 12.2053], [75.604809, 12.2053], [75.605085, 12.205028], [75.605084, 12.204757], [75.605083, 12.204486], [75.605083, 12.204215], [75.604806, 12.203944], [75.604806, 12.203673], [75.604805, 12.203401]]}, "properties": {"length_m": 390.0, "drop_m": 137.7, "reach_angle_deg": 19.44, "max_velocity_ms": 18.4, "mean_velocity_ms": 14.7, "source_susceptibility": 0.654, "buildings_at_risk": 0, "road_km_at_risk": 0.0}}, {"type": "Feature", "geometry": {"type": "LineString", "coordinates": [[75.632004, 12.841382], [75.632003, 12.841111], [75.632002, 12.840839], [75.632002, 12.840568], [75.632001, 12.840297], [75.632277, 12.840025], [75.632276, 12.839754], [75.632276, 12.839482], [75.632275, 12.839211], [75.632551, 12.838939], [75.632826, 12.838667], [75.632826, 12.838396], [75.633101, 12.838124], [75.633101, 12.837853], [75.6331, 12.837582], [75.633099, 12.83731], [75.633099, 12.837039], [75.633098, 12.836768], [75.633097, 12.836497], [75.633097, 12.836225], [75.633096, 12.835954], [75.633095, 12.835683]]}, "properties": {"length_m": 660.0, "drop_m": 317.2, "reach_angle_deg": 25.67, "max_velocity_ms": 24.2, "mean_velocity_ms": 16.9, "source_susceptibility": 0.699, "buildings_at_risk": 0, "road_km_at_risk": 0.0}}, {"type": "Feature", "geometry": {"type": "LineString", "coordinates": [[75.552014, 12.280015], [75.551738, 12.280015], [75.551463, 12.280016], [75.551187, 12.280016], [75.550911, 12.280017], [75.550635, 12.280017], [75.550359, 12.280018], [75.550084, 12.28029], [75.549808, 12.28029], [75.549532, 12.280291], [75.549256, 12.280292], [75.54898, 12.280021], [75.548704, 12.280021], [75.548427, 12.279751], [75.548151, 12.27948], [75.54815, 12.279209], [75.547874, 12.278938], [75.547598, 12.278667], [75.547597, 12.278396], [75.547597, 12.278125], [75.547596, 12.277853], [75.547595, 12.277582]]}, "properties": {"length_m": 660.0, "drop_m": 227.5, "reach_angle_deg": 19.02, "max_velocity_ms": 20.9, "mean_velocity_ms": 13.2, "source_susceptibility": 0.642, "buildings_at_risk": 0, "road_km_at_risk": 0.0}}, {"type": "Feature", "geometry": {"type": "LineString", "coordinates": [[75.602068, 12.21236], [75.602343, 12.212088], [75.602342, 12.211817], [75.602617, 12.211545], [75.602617, 12.211273], [75.602616, 12.211002], [75.602615, 12.210731], [75.602615, 12.21046], [75.60289, 12.210188], [75.602614, 12.209917], [75.602889, 12.209645], [75.603164, 12.209373], [75.603439, 12.209101], [75.603714, 12.208829], [75.603714, 12.208558], [75.603989, 12.208286], [75.604264, 12.208014], [75.604263, 12.207743], [75.604539, 12.207471], [75.604262, 12.207201], [75.604537, 12.206929], [75.604537, 12.206657], [75.604536, 12.206386], [75.604535, 12.206115], [75.604811, 12.205843], [75.60481, 12.205572], [75.604809, 12.2053], [75.605085, 12.205028], [75.605084, 12.204757], [75.605083, 12.204486], [75.605083, 12.204215], [75.604806, 12.203944], [75.604806, 12.203673], [75.604805, 12.203401]]}, "properties": {"length_m": 1020.0, "drop_m": 462.2, "reach_angle_deg": 24.38, "max_velocity_ms": 23.8, "mean_velocity_ms": 15.8, "source_susceptibility": 0.743, "buildings_at_risk": 0, "road_km_at_risk": 0.0}}, {"type": "Feature", "geometry": {"type": "LineString", "coordinates": [[75.524702, 12.41761], [75.524979, 12.41788], [75.524979, 12.418152], [75.525256, 12.418422], [75.525532, 12.418693], [75.525809, 12.418964], [75.525809, 12.419235], [75.526086, 12.419506], [75.526362, 12.419777]]}, "properties": {"length_m": 270.0, "drop_m": 91.7, "reach_angle_deg": 18.75, "max_velocity_ms": 10.3, "mean_velocity_ms": 7.4, "source_susceptibility": 0.667, "buildings_at_risk": 0, "road_km_at_risk": 0.0}}, {"type": "Feature", "geometry": {"type": "LineString", "coordinates": [[75.68306, 12.177447], [75.682783, 12.177176], [75.682507, 12.176906], [75.682232, 12.177178], [75.681956, 12.177178], [75.681681, 12.17745], [75.681405, 12.177451], [75.681129, 12.177452], [75.680854, 12.177452], [75.680578, 12.177453], [75.680303, 12.177725], [75.680027, 12.177726], [75.679751, 12.177455], [75.679474, 12.177184], [75.679198, 12.176914], [75.678921, 12.176643], [75.678921, 12.176372], [75.678644, 12.176101], [75.678368, 12.175831], [75.678092, 12.175831], [75.677816, 12.175561], [75.67754, 12.175562], [75.677264, 12.175562], [75.676988, 12.175563], [75.676713, 12.175564], [75.676436, 12.175293]]}, "properties": {"length_m": 780.0, "drop_m": 331.5, "reach_angle_deg": 23.03, "max_velocity_ms": 18.3, "mean_velocity_ms": 11.3, "source_susceptibility": 0.815, "buildings_at_risk": 0, "road_km_at_risk": 0.0}}, {"type": "Feature", "geometry": {"type": "LineString", "coordinates": [[75.637635, 12.208482], [75.637359, 12.208482], [75.637634, 12.20821], [75.637634, 12.207939], [75.637357, 12.207669], [75.637357, 12.207397]]}, "properties": {"length_m": 180.0, "drop_m": 39.5, "reach_angle_deg": 12.37, "max_velocity_ms": 14.6, "mean_velocity_ms": 10.7, "source_susceptibility": 0.733, "buildings_at_risk": 0, "road_km_at_risk": 0.0}}, {"type": "Feature", "geometry": {"type": "LineString", "coordinates": [[75.688745, 12.661931], [75.689022, 12.662201], [75.689298, 12.662201], [75.689574, 12.6622], [75.689851, 12.662199], [75.690127, 12.662198], [75.690404, 12.662469], [75.690679, 12.662197], [75.690956, 12.662196], [75.691232, 12.662195], [75.691508, 12.662195], [75.691785, 12.662194], [75.692061, 12.662193], [75.692336, 12.661921], [75.692613, 12.661921]]}, "properties": {"length_m": 450.0, "drop_m": 242.4, "reach_angle_deg": 28.31, "max_velocity_ms": 22.6, "mean_velocity_ms": 15.9, "source_susceptibility": 0.721, "buildings_at_risk": 0, "road_km_at_risk": 0.0}}, {"type": "Feature", "geometry": {"type": "LineString", "coordinates": [[75.662813, 12.460711], [75.662813, 12.46044], [75.662812, 12.460169], [75.662811, 12.459897]]}, "properties": {"length_m": 120.0, "drop_m": 22.5, "reach_angle_deg": 10.63, "max_velocity_ms": 11.0, "mean_velocity_ms": 9.5, "source_susceptibility": 0.627, "buildings_at_risk": 0, "road_km_at_risk": 0.0}}, {"type": "Feature", "geometry": {"type": "LineString", "coordinates": [[75.581824, 12.41261], [75.581548, 12.412339], [75.581271, 12.412069], [75.580994, 12.411798], [75.580718, 12.411798], [75.580442, 12.411528], [75.580165, 12.411257], [75.579889, 12.411258], [75.579613, 12.411258], [75.579338, 12.41153], [75.579062, 12.411802], [75.578786, 12.411803], [75.57851, 12.411803], [75.578235, 12.412075], [75.577959, 12.412076], [75.577684, 12.412347], [75.577684, 12.412619], [75.577409, 12.412891], [75.577409, 12.413162], [75.57741, 12.413433], [75.577135, 12.413705]]}, "properties": {"length_m": 630.0, "drop_m": 283.6, "reach_angle_deg": 24.23, "max_velocity_ms": 24.6, "mean_velocity_ms": 17.5, "source_susceptibility": 0.638, "buildings_at_risk": 0, "road_km_at_risk": 0.0}}, {"type": "Feature", "geometry": {"type": "LineString", "coordinates": [[75.6004, 12.206666], [75.600399, 12.206395], [75.600399, 12.206124], [75.600674, 12.205852], [75.600673, 12.205581], [75.600948, 12.205309], [75.600948, 12.205038], [75.600671, 12.204767], [75.600395, 12.204496], [75.600671, 12.204496]]}, "properties": {"length_m": 300.0, "drop_m": 93.9, "reach_angle_deg": 17.39, "max_velocity_ms": 21.7, "mean_velocity_ms": 11.6, "source_susceptibility": 0.82, "buildings_at_risk": 0, "road_km_at_risk": 0.0}}, {"type": "Feature", "geometry": {"type": "LineString", "coordinates": [[75.576378, 12.193153], [75.576102, 12.193154], [75.575826, 12.193155], [75.57555, 12.193155], [75.575274, 12.193156], [75.574999, 12.193428], [75.574723, 12.193157], [75.574447, 12.193158], [75.574171, 12.193158], [75.573895, 12.192887], [75.573619, 12.192888], [75.573344, 12.192889], [75.573068, 12.192889], [75.572793, 12.193161], [75.572517, 12.193162], [75.572241, 12.193162], [75.571965, 12.193163]]}, "properties": {"length_m": 510.0, "drop_m": 231.0, "reach_angle_deg": 24.37, "max_velocity_ms": 20.8, "mean_velocity_ms": 14.8, "source_susceptibility": 0.66, "buildings_at_risk": 0, "road_km_at_risk": 0.0}}, {"type": "Feature", "geometry": {"type": "LineString", "coordinates": [[75.61403, 12.952916], [75.614029, 12.952645], [75.614028, 12.952374], [75.614028, 12.952103], [75.614027, 12.951831], [75.614026, 12.95156], [75.614026, 12.951289], [75.614025, 12.951018], [75.614024, 12.950746], [75.614024, 12.950475], [75.614023, 12.950204], [75.614022, 12.949932], [75.614022, 12.949661], [75.613745, 12.949662], [75.613744, 12.949391], [75.613467, 12.94912], [75.613466, 12.948849], [75.613466, 12.948577], [75.613465, 12.948306], [75.613464, 12.948035], [75.613188, 12.948036], [75.612911, 12.947765], [75.61291, 12.947494], [75.612633, 12.947223], [75.612355, 12.946952], [75.612078, 12.946682], [75.612078, 12.946411], [75.6118, 12.94614], [75.611524, 12.946141], [75.6118, 12.945869]]}, "properties": {"length_m": 900.0, "drop_m": 439.7, "reach_angle_deg": 26.04, "max_velocity_ms": 23.2, "mean_velocity_ms": 13.6, "source_susceptibility": 0.759, "buildings_at_risk": 0, "road_km_at_risk": 0.0}}, {"type": "Feature", "geometry": {"type": "LineString", "coordinates": [[75.59779, 12.869674], [75.597513, 12.869675], [75.597237, 12.869676], [75.59696, 12.869676], [75.596684, 12.869677], [75.596407, 12.869406], [75.59613, 12.869407], [75.595854, 12.869407], [75.595577, 12.869408], [75.595301, 12.869409], [75.595024, 12.869409], [75.594748, 12.86941], [75.594471, 12.869411], [75.594194, 12.86914]]}, "properties": {"length_m": 420.0, "drop_m": 199.4, "reach_angle_deg": 25.4, "max_velocity_ms": 24.0, "mean_velocity_ms": 15.3, "source_susceptibility": 0.638, "buildings_at_risk": 0, "road_km_at_risk": 0.0}}, {"type": "Feature", "geometry": {"type": "LineString", "coordinates": [[75.666819, 12.18888], [75.666543, 12.18861], [75.666266, 12.188339], [75.666265, 12.188068], [75.66599, 12.188069], [75.665714, 12.188069], [75.665437, 12.187799], [75.665162, 12.187799], [75.664885, 12.187529], [75.664609, 12.187258], [75.664333, 12.187259], [75.664057, 12.186988], [75.664056, 12.186717], [75.66378, 12.186446], [75.663779, 12.186175], [75.664054, 12.185903], [75.663778, 12.185632], [75.663501, 12.185362], [75.663225, 12.185091], [75.663224, 12.18482], [75.662948, 12.184549], [75.662671, 12.184279], [75.66267, 12.184007], [75.662395, 12.184008], [75.66267, 12.183736]]}, "properties": {"length_m": 750.0, "drop_m": 353.1, "reach_angle_deg": 25.21, "max_velocity_ms": 20.2, "mean_velocity_ms": 13.3, "source_susceptibility": 0.776, "buildings_at_risk": 0, "road_km_at_risk": 0.0}}, {"type": "Feature", "geometry": {"type": "LineString", "coordinates": [[75.589656, 12.211844], [75.589931, 12.211572], [75.58993, 12.211301], [75.58993, 12.21103], [75.589929, 12.210758], [75.589929, 12.210487], [75.589928, 12.210216], [75.589927, 12.209944], [75.589652, 12.209945], [75.589376, 12.209946], [75.5891, 12.209946], [75.5891, 12.209675], [75.588823, 12.209404], [75.588823, 12.209133], [75.588547, 12.209134], [75.588271, 12.209134], [75.58827, 12.208863]]}, "properties": {"length_m": 510.0, "drop_m": 165.5, "reach_angle_deg": 17.98, "max_velocity_ms": 20.3, "mean_velocity_ms": 10.3, "source_susceptibility": 0.669, "buildings_at_risk": 0, "road_km_at_risk": 0.0}}, {"type": "Feature", "geometry": {"type": "LineString", "coordinates": [[75.684835, 12.646207], [75.684558, 12.645936], [75.684281, 12.645666], [75.684004, 12.645395], [75.683728, 12.645396], [75.683451, 12.645126], [75.683175, 12.645126], [75.682898, 12.644856], [75.682621, 12.644585], [75.682345, 12.644586], [75.682344, 12.644315], [75.682067, 12.644044]]}, "properties": {"length_m": 360.0, "drop_m": 207.6, "reach_angle_deg": 29.97, "max_velocity_ms": 21.2, "mean_velocity_ms": 14.3, "source_susceptibility": 0.645, "buildings_at_risk": 0, "road_km_at_risk": 0.0}}, {"type": "Feature", "geometry": {"type": "LineString", "coordinates": [[75.661035, 12.191607], [75.661034, 12.191336], [75.661033, 12.191065], [75.660757, 12.190794], [75.660756, 12.190523], [75.660756, 12.190251], [75.660755, 12.18998], [75.660754, 12.189709], [75.660754, 12.189438], [75.660753, 12.189166], [75.660477, 12.188896], [75.660476, 12.188624], [75.660475, 12.188353]]}, "properties": {"length_m": 390.0, "drop_m": 158.7, "reach_angle_deg": 22.14, "max_velocity_ms": 19.8, "mean_velocity_ms": 10.1, "source_susceptibility": 0.754, "buildings_at_risk": 0, "road_km_at_risk": 0.0}}, {"type": "Feature", "geometry": {"type": "LineString", "coordinates": [[75.547929, 12.17178], [75.547929, 12.171509], [75.547928, 12.171237], [75.547928, 12.170966], [75.547927, 12.170695], [75.547651, 12.170424], [75.54765, 12.170153], [75.54765, 12.169881], [75.547373, 12.169611], [75.547373, 12.169339], [75.547372, 12.169068], [75.547647, 12.168796], [75.547647, 12.168525], [75.547646, 12.168254], [75.547646, 12.167982], [75.547645, 12.167711], [75.547645, 12.16744], [75.547644, 12.167169], [75.547644, 12.166897], [75.547643, 12.166626], [75.547642, 12.166355], [75.547367, 12.166355], [75.547642, 12.166083]]}, "properties": {"length_m": 690.0, "drop_m": 312.4, "reach_angle_deg": 24.36, "max_velocity_ms": 20.3, "mean_velocity_ms": 15.2, "source_susceptibility": 0.623, "buildings_at_risk": 0, "road_km_at_risk": 0.0}}, {"type": "Feature", "geometry": {"type": "LineString", "coordinates": [[75.599848, 12.206668], [75.600124, 12.206396], [75.600399, 12.206124], [75.600674, 12.205852], [75.600673, 12.205581], [75.600948, 12.205309], [75.600948, 12.205038], [75.600671, 12.204767], [75.600395, 12.204496], [75.600671, 12.204496]]}, "properties": {"length_m": 300.0, "drop_m": 109.5, "reach_angle_deg": 20.04, "max_velocity_ms": 20.6, "mean_velocity_ms": 11.3, "source_susceptibility": 0.885, "buildings_at_risk": 0, "road_km_at_risk": 0.0}}, {"type": "Feature", "geometry": {"type": "LineString", "coordinates": [[75.646557, 12.472958], [75.646556, 12.472687], [75.646556, 12.472416], [75.646555, 12.472144], [75.646278, 12.471874], [75.646278, 12.471602], [75.646277, 12.471331], [75.646001, 12.471332]]}, "properties": {"length_m": 240.0, "drop_m": 80.5, "reach_angle_deg": 18.54, "max_velocity_ms": 13.6, "mean_velocity_ms": 8.9, "source_susceptibility": 0.629, "buildings_at_risk": 0, "road_km_at_risk": 0.0}}, {"type": "Feature", "geometry": {"type": "LineString", "coordinates": [[75.576377, 12.192882], [75.576102, 12.193154], [75.575826, 12.193155], [75.57555, 12.193155], [75.575274, 12.193156], [75.574999, 12.193428], [75.574723, 12.193157], [75.574447, 12.193158], [75.574171, 12.193158], [75.573895, 12.192887], [75.573619, 12.192888], [75.573344, 12.192889], [75.573068, 12.192889], [75.572793, 12.193161], [75.572517, 12.193162], [75.572241, 12.193162], [75.571965, 12.193163]]}, "properties": {"length_m": 510.0, "drop_m": 231.2, "reach_angle_deg": 24.38, "max_velocity_ms": 19.5, "mean_velocity_ms": 14.5, "source_susceptibility": 0.632, "buildings_at_risk": 0, "road_km_at_risk": 0.0}}, {"type": "Feature", "geometry": {"type": "LineString", "coordinates": [[75.616517, 12.952097], [75.616516, 12.951825], [75.616239, 12.951555], [75.616238, 12.951284], [75.616237, 12.951012], [75.61596, 12.950742], [75.61596, 12.95047], [75.615682, 12.9502], [75.615682, 12.949929], [75.615404, 12.949658], [75.615127, 12.949387], [75.615127, 12.949116], [75.614849, 12.948845], [75.614849, 12.948574], [75.614848, 12.948303], [75.614571, 12.948032], [75.61457, 12.947761], [75.614569, 12.94749], [75.614569, 12.947218], [75.614568, 12.946947], [75.614567, 12.946676], [75.614567, 12.946405], [75.614289, 12.946134], [75.614289, 12.945863], [75.614012, 12.945592], [75.614011, 12.945321], [75.613734, 12.94505]]}, "properties": {"length_m": 810.0, "drop_m": 428.2, "reach_angle_deg": 27.86, "max_velocity_ms": 24.8, "mean_velocity_ms": 17.6, "source_susceptibility": 0.716, "buildings_at_risk": 0, "road_km_at_risk": 0.0}}, {"type": "Feature", "geometry": {"type": "LineString", "coordinates": [[75.70149, 12.16031], [75.701214, 12.160311], [75.701213, 12.160039], [75.701213, 12.159768], [75.700937, 12.159769], [75.700661, 12.159498], [75.700936, 12.159226]]}, "properties": {"length_m": 210.0, "drop_m": 47.9, "reach_angle_deg": 12.85, "max_velocity_ms": 11.0, "mean_velocity_ms": 7.2, "source_susceptibility": 0.657, "buildings_at_risk": 0, "road_km_at_risk": 0.0}}, {"type": "Feature", "geometry": {"type": "LineString", "coordinates": [[75.614198, 12.210434], [75.613921, 12.210163], [75.614197, 12.209891], [75.614196, 12.20962], [75.614195, 12.209349], [75.614195, 12.209078], [75.613918, 12.208807], [75.613918, 12.208536], [75.613917, 12.208264], [75.614192, 12.207992], [75.614192, 12.207721], [75.613915, 12.20745], [75.613915, 12.207179], [75.61419, 12.206907], [75.613913, 12.206637]]}, "properties": {"length_m": 450.0, "drop_m": 166.5, "reach_angle_deg": 20.3, "max_velocity_ms": 15.8, "mean_velocity_ms": 11.8, "source_susceptibility": 0.681, "buildings_at_risk": 0, "road_km_at_risk": 0.0}}, {"type": "Feature", "geometry": {"type": "LineString", "coordinates": [[75.688148, 12.645385], [75.688147, 12.645113], [75.688147, 12.644842], [75.688146, 12.644571], [75.688145, 12.6443], [75.687868, 12.644029], [75.687591, 12.643759], [75.687591, 12.643487], [75.687314, 12.643217], [75.687037, 12.642946], [75.68676, 12.642947], [75.686484, 12.642948], [75.686207, 12.642677], [75.68593, 12.642406], [75.685654, 12.642407], [75.685378, 12.642408], [75.685377, 12.642137]]}, "properties": {"length_m": 510.0, "drop_m": 174.4, "reach_angle_deg": 18.87, "max_velocity_ms": 14.3, "mean_velocity_ms": 8.7, "source_susceptibility": 0.703, "buildings_at_risk": 0, "road_km_at_risk": 0.0}}, {"type": "Feature", "geometry": {"type": "LineString", "coordinates": [[75.58945, 12.850162], [75.589173, 12.850162], [75.588896, 12.849892], [75.588619, 12.849621], [75.588618, 12.84935], [75.588342, 12.84935]]}, "properties": {"length_m": 180.0, "drop_m": 40.7, "reach_angle_deg": 12.74, "max_velocity_ms": 12.8, "mean_velocity_ms": 9.5, "source_susceptibility": 0.64, "buildings_at_risk": 0, "road_km_at_risk": 0.0}}, {"type": "Feature", "geometry": {"type": "LineString", "coordinates": [[75.609052, 12.838995], [75.608775, 12.838724], [75.608498, 12.838454], [75.608222, 12.838725], [75.607945, 12.838455], [75.607669, 12.838727], [75.607393, 12.838727]]}, "properties": {"length_m": 210.0, "drop_m": 60.7, "reach_angle_deg": 16.12, "max_velocity_ms": 11.2, "mean_velocity_ms": 6.2, "source_susceptibility": 0.738, "buildings_at_risk": 0, "road_km_at_risk": 0.0}}, {"type": "Feature", "geometry": {"type": "LineString", "coordinates": [[75.512975, 12.348455], [75.512698, 12.348184], [75.512422, 12.347913], [75.512145, 12.347642], [75.512145, 12.347371], [75.511868, 12.3471], [75.511592, 12.346829], [75.511315, 12.346559], [75.511039, 12.346288], [75.510762, 12.346017], [75.510486, 12.345746], [75.51021, 12.345747], [75.509934, 12.345476]]}, "properties": {"length_m": 390.0, "drop_m": 228.8, "reach_angle_deg": 30.4, "max_velocity_ms": 20.6, "mean_velocity_ms": 15.3, "source_susceptibility": 0.829, "buildings_at_risk": 0, "road_km_at_risk": 0.0}}, {"type": "Feature", "geometry": {"type": "LineString", "coordinates": [[75.655799, 12.192976], [75.655798, 12.192705], [75.655521, 12.192434], [75.655245, 12.192164], [75.654969, 12.191893], [75.654968, 12.191622], [75.654692, 12.191351], [75.654691, 12.19108], [75.654414, 12.190809], [75.654138, 12.190538], [75.653862, 12.190268], [75.653586, 12.190268], [75.65331, 12.190269], [75.653034, 12.19027], [75.652758, 12.189999]]}, "properties": {"length_m": 450.0, "drop_m": 230.2, "reach_angle_deg": 27.1, "max_velocity_ms": 18.5, "mean_velocity_ms": 14.4, "source_susceptibility": 0.735, "buildings_at_risk": 0, "road_km_at_risk": 0.0}}, {"type": "Feature", "geometry": {"type": "LineString", "coordinates": [[75.576656, 12.194238], [75.576379, 12.193967], [75.576104, 12.193968], [75.575828, 12.193968], [75.575551, 12.193698], [75.575276, 12.193698], [75.574999, 12.193428], [75.574723, 12.193157], [75.574447, 12.193158], [75.574171, 12.193158], [75.573895, 12.192887], [75.573619, 12.192888], [75.573344, 12.192889], [75.573068, 12.192889], [75.572793, 12.193161], [75.572517, 12.193162], [75.572241, 12.193162], [75.571965, 12.193163]]}, "properties": {"length_m": 540.0, "drop_m": 277.3, "reach_angle_deg": 27.18, "max_velocity_ms": 26.5, "mean_velocity_ms": 16.5, "source_susceptibility": 0.647, "buildings_at_risk": 0, "road_km_at_risk": 0.0}}, {"type": "Feature", "geometry": {"type": "LineString", "coordinates": [[75.602069, 12.212902], [75.602068, 12.212631], [75.602343, 12.212359], [75.602343, 12.212088], [75.602342, 12.211817], [75.602617, 12.211545], [75.602617, 12.211273], [75.602616, 12.211002], [75.602615, 12.210731], [75.602615, 12.21046], [75.60289, 12.210188], [75.602614, 12.209917], [75.602889, 12.209645], [75.603164, 12.209373], [75.603439, 12.209101], [75.603714, 12.208829], [75.603714, 12.208558], [75.603989, 12.208286], [75.604264, 12.208014], [75.604263, 12.207743], [75.604539, 12.207471], [75.604262, 12.207201], [75.604537, 12.206929], [75.604537, 12.206657], [75.604536, 12.206386], [75.604535, 12.206115], [75.604811, 12.205843], [75.60481, 12.205572], [75.604809, 12.2053], [75.605085, 12.205028], [75.605084, 12.204757], [75.605083, 12.204486], [75.605083, 12.204215], [75.604806, 12.203944], [75.604806, 12.203673], [75.604805, 12.203401]]}, "properties": {"length_m": 1080.0, "drop_m": 499.3, "reach_angle_deg": 24.81, "max_velocity_ms": 26.0, "mean_velocity_ms": 16.4, "source_susceptibility": 0.64, "buildings_at_risk": 0, "road_km_at_risk": 0.0}}, {"type": "Feature", "geometry": {"type": "LineString", "coordinates": [[75.643145, 12.206299], [75.642869, 12.206028], [75.642868, 12.205757], [75.642868, 12.205485], [75.642867, 12.205214], [75.642866, 12.204943], [75.642866, 12.204672], [75.642865, 12.2044], [75.64314, 12.204128], [75.642864, 12.203858], [75.642587, 12.203587], [75.642587, 12.203316], [75.642311, 12.203317], [75.64231, 12.203045], [75.642034, 12.203046], [75.642034, 12.202775]]}, "properties": {"length_m": 480.0, "drop_m": 191.8, "reach_angle_deg": 21.78, "max_velocity_ms": 18.8, "mean_velocity_ms": 11.8, "source_susceptibility": 0.651, "buildings_at_risk": 0, "road_km_at_risk": 0.0}}, {"type": "Feature", "geometry": {"type": "LineString", "coordinates": [[75.593606, 12.854221], [75.593606, 12.85395], [75.593605, 12.853679], [75.593604, 12.853408], [75.593604, 12.853136], [75.59388, 12.852864], [75.594155, 12.852592], [75.594155, 12.852321], [75.594154, 12.85205], [75.59443, 12.851778], [75.594706, 12.851506], [75.594705, 12.851235], [75.594704, 12.850964], [75.594704, 12.850692], [75.594427, 12.850422], [75.594426, 12.85015], [75.594702, 12.849879], [75.594978, 12.849607], [75.595254, 12.849335], [75.595529, 12.849063], [75.595529, 12.848792], [75.595805, 12.84852], [75.59608, 12.848248], [75.596357, 12.848247], [75.596633, 12.847975], [75.596909, 12.847703], [75.597185, 12.847703], [75.597461, 12.847431], [75.597737, 12.847159], [75.598012, 12.846887], [75.598289, 12.846886]]}, "properties": {"length_m": 930.0, "drop_m": 464.2, "reach_angle_deg": 26.52, "max_velocity_ms": 20.5, "mean_velocity_ms": 14.3, "source_susceptibility": 0.693, "buildings_at_risk": 0, "road_km_at_risk": 0.0}}, {"type": "Feature", "geometry": {"type": "LineString", "coordinates": [[75.576379, 12.193967], [75.576104, 12.193968], [75.575828, 12.193968], [75.575551, 12.193698], [75.575276, 12.193698], [75.574999, 12.193428], [75.574723, 12.193157], [75.574447, 12.193158], [75.574171, 12.193158], [75.573895, 12.192887], [75.573619, 12.192888], [75.573344, 12.192889], [75.573068, 12.192889], [75.572793, 12.193161], [75.572517, 12.193162], [75.572241, 12.193162], [75.571965, 12.193163]]}, "properties": {"length_m": 510.0, "drop_m": 248.3, "reach_angle_deg": 25.96, "max_velocity_ms": 26.5, "mean_velocity_ms": 16.0, "source_susceptibility": 0.643, "buildings_at_risk": 0, "road_km_at_risk": 0.0}}, {"type": "Feature", "geometry": {"type": "LineString", "coordinates": [[75.579197, 12.221361], [75.57892, 12.22109], [75.578644, 12.221091], [75.578369, 12.221092], [75.578093, 12.221092], [75.577817, 12.221093], [75.577541, 12.221093], [75.577265, 12.221094], [75.57699, 12.221095], [75.576714, 12.221366], [75.576439, 12.221367], [75.576163, 12.221368], [75.575888, 12.221639], [75.575612, 12.221911]]}, "properties": {"length_m": 420.0, "drop_m": 187.1, "reach_angle_deg": 24.01, "max_velocity_ms": 24.7, "mean_velocity_ms": 16.8, "source_susceptibility": 0.72, "buildings_at_risk": 0, "road_km_at_risk": 0.0}}, {"type": "Feature", "geometry": {"type": "LineString", "coordinates": [[75.649036, 12.470782], [75.649035, 12.470511], [75.648759, 12.47024], [75.648758, 12.469969], [75.648482, 12.469969], [75.648481, 12.469698], [75.648205, 12.469428], [75.647928, 12.469157], [75.647651, 12.468886], [75.647375, 12.468887], [75.647099, 12.468888], [75.646823, 12.468888], [75.646547, 12.468889], [75.646546, 12.468618]]}, "properties": {"length_m": 420.0, "drop_m": 158.7, "reach_angle_deg": 20.7, "max_velocity_ms": 12.3, "mean_velocity_ms": 8.2, "source_susceptibility": 0.703, "buildings_at_risk": 0, "road_km_at_risk": 0.0}}, {"type": "Feature", "geometry": {"type": "LineString", "coordinates": [[75.513676, 12.975378], [75.513675, 12.975107], [75.513675, 12.974835], [75.513674, 12.974564], [75.513674, 12.974293], [75.513673, 12.974022], [75.513673, 12.97375], [75.513672, 12.973479], [75.513671, 12.973208], [75.513671, 12.972936], [75.513394, 12.972666], [75.513117, 12.972395], [75.512839, 12.972124], [75.512839, 12.971853], [75.513115, 12.971581], [75.513114, 12.97131], [75.513391, 12.971309], [75.51339, 12.971038], [75.513666, 12.970766], [75.513943, 12.970494], [75.514219, 12.970223], [75.514218, 12.969951], [75.514494, 12.96968], [75.514771, 12.969679], [75.515047, 12.969678], [75.515324, 12.969678], [75.5156, 12.969677], [75.5156, 12.969406], [75.515877, 12.969406]]}, "properties": {"length_m": 870.0, "drop_m": 389.2, "reach_angle_deg": 24.1, "max_velocity_ms": 24.9, "mean_velocity_ms": 14.8, "source_susceptibility": 0.687, "buildings_at_risk": 0, "road_km_at_risk": 0.0}}, {"type": "Feature", "geometry": {"type": "LineString", "coordinates": [[75.753792, 12.129518], [75.753791, 12.129247], [75.75379, 12.128976], [75.75379, 12.128704], [75.753789, 12.128433], [75.753513, 12.128434], [75.753237, 12.128163], [75.753236, 12.127892], [75.752959, 12.127621], [75.753234, 12.127349], [75.753234, 12.127078], [75.753233, 12.126807], [75.753232, 12.126536]]}, "properties": {"length_m": 390.0, "drop_m": 135.0, "reach_angle_deg": 19.1, "max_velocity_ms": 16.2, "mean_velocity_ms": 10.6, "source_susceptibility": 0.746, "buildings_at_risk": 0, "road_km_at_risk": 0.0}}, {"type": "Feature", "geometry": {"type": "LineString", "coordinates": [[75.613923, 12.210706], [75.613922, 12.210435], [75.613921, 12.210163], [75.614197, 12.209891], [75.614196, 12.20962], [75.614195, 12.209349], [75.614195, 12.209078], [75.613918, 12.208807], [75.613918, 12.208536], [75.613917, 12.208264], [75.614192, 12.207992], [75.614192, 12.207721], [75.613915, 12.20745], [75.613915, 12.207179], [75.61419, 12.206907], [75.613913, 12.206637]]}, "properties": {"length_m": 480.0, "drop_m": 181.3, "reach_angle_deg": 20.69, "max_velocity_ms": 16.2, "mean_velocity_ms": 12.0, "source_susceptibility": 0.724, "buildings_at_risk": 0, "road_km_at_risk": 0.0}}, {"type": "Feature", "geometry": {"type": "LineString", "coordinates": [[75.577801, 12.213768], [75.577801, 12.213497], [75.578076, 12.213496], [75.578351, 12.213224], [75.578627, 12.212953], [75.578626, 12.212681]]}, "properties": {"length_m": 180.0, "drop_m": 49.4, "reach_angle_deg": 15.35, "max_velocity_ms": 10.8, "mean_velocity_ms": 8.0, "source_susceptibility": 0.706, "buildings_at_risk": 0, "road_km_at_risk": 0.0}}, {"type": "Feature", "geometry": {"type": "LineString", "coordinates": [[75.665841, 12.457177], [75.665564, 12.456907], [75.665287, 12.456636], [75.665011, 12.456637], [75.664735, 12.456366], [75.664459, 12.456367], [75.664182, 12.456096]]}, "properties": {"length_m": 210.0, "drop_m": 116.3, "reach_angle_deg": 28.97, "max_velocity_ms": 20.3, "mean_velocity_ms": 13.5, "source_susceptibility": 0.761, "buildings_at_risk": 0, "road_km_at_risk": 0.0}}, {"type": "Feature", "geometry": {"type": "LineString", "coordinates": [[75.58249, 12.213758], [75.582765, 12.213486], [75.582488, 12.213216], [75.582488, 12.212944], [75.582487, 12.212673], [75.582487, 12.212402], [75.582486, 12.212131], [75.58221, 12.21186], [75.582209, 12.211589]]}, "properties": {"length_m": 270.0, "drop_m": 62.4, "reach_angle_deg": 13.02, "max_velocity_ms": 21.4, "mean_velocity_ms": 11.9, "source_susceptibility": 0.627, "buildings_at_risk": 0, "road_km_at_risk": 0.0}}, {"type": "Feature", "geometry": {"type": "LineString", "coordinates": [[75.661859, 12.19052], [75.661859, 12.190249], [75.661858, 12.189977], [75.661582, 12.189978], [75.661582, 12.189707], [75.661306, 12.189708], [75.661029, 12.189437], [75.660754, 12.189438], [75.660753, 12.189166], [75.660477, 12.188896], [75.660476, 12.188624], [75.660475, 12.188353]]}, "properties": {"length_m": 360.0, "drop_m": 105.6, "reach_angle_deg": 16.35, "max_velocity_ms": 11.2, "mean_velocity_ms": 7.3, "source_susceptibility": 0.69, "buildings_at_risk": 0, "road_km_at_risk": 0.0}}, {"type": "Feature", "geometry": {"type": "LineString", "coordinates": [[75.548206, 12.172322], [75.548206, 12.172051], [75.548205, 12.171779], [75.547929, 12.171509], [75.547928, 12.171237], [75.547928, 12.170966], [75.547927, 12.170695], [75.547651, 12.170424], [75.54765, 12.170153], [75.54765, 12.169881], [75.547373, 12.169611], [75.547373, 12.169339], [75.547372, 12.169068], [75.547647, 12.168796], [75.547647, 12.168525], [75.547646, 12.168254], [75.547646, 12.167982], [75.547645, 12.167711], [75.547645, 12.16744], [75.547644, 12.167169], [75.547644, 12.166897], [75.547643, 12.166626], [75.547642, 12.166355], [75.547367, 12.166355], [75.547642, 12.166083]]}, "properties": {"length_m": 750.0, "drop_m": 352.0, "reach_angle_deg": 25.14, "max_velocity_ms": 20.9, "mean_velocity_ms": 15.6, "source_susceptibility": 0.636, "buildings_at_risk": 0, "road_km_at_risk": 0.0}}, {"type": "Feature", "geometry": {"type": "LineString", "coordinates": [[75.667492, 12.455274], [75.667216, 12.455004], [75.667215, 12.454732], [75.666939, 12.454733], [75.667214, 12.454461], [75.667213, 12.45419]]}, "properties": {"length_m": 180.0, "drop_m": 38.0, "reach_angle_deg": 11.92, "max_velocity_ms": 18.5, "mean_velocity_ms": 13.0, "source_susceptibility": 0.737, "buildings_at_risk": 0, "road_km_at_risk": 0.0}}, {"type": "Feature", "geometry": {"type": "LineString", "coordinates": [[75.549523, 12.27595], [75.549247, 12.275951], [75.548972, 12.276223], [75.548696, 12.276223], [75.54842, 12.276224], [75.548144, 12.276224], [75.547868, 12.276225], [75.547593, 12.276226], [75.547592, 12.275954], [75.547316, 12.275684], [75.547039, 12.275413], [75.547039, 12.275142], [75.546762, 12.274871], [75.546762, 12.2746], [75.546761, 12.274328], [75.546485, 12.274057], [75.546208, 12.273787]]}, "properties": {"length_m": 510.0, "drop_m": 147.1, "reach_angle_deg": 16.09, "max_velocity_ms": 18.9, "mean_velocity_ms": 14.4, "source_susceptibility": 0.665, "buildings_at_risk": 0, "road_km_at_risk": 0.0}}, {"type": "Feature", "geometry": {"type": "LineString", "coordinates": [[75.701491, 12.160581], [75.70149, 12.16031], [75.701214, 12.160311], [75.701213, 12.160039], [75.701213, 12.159768], [75.700937, 12.159769], [75.700661, 12.159498], [75.700936, 12.159226]]}, "properties": {"length_m": 240.0, "drop_m": 59.4, "reach_angle_deg": 13.9, "max_velocity_ms": 12.5, "mean_velocity_ms": 7.9, "source_susceptibility": 0.633, "buildings_at_risk": 0, "road_km_at_risk": 0.0}}, {"type": "Feature", "geometry": {"type": "LineString", "coordinates": [[75.616516, 12.951825], [75.616239, 12.951555], [75.616238, 12.951284], [75.616237, 12.951012], [75.61596, 12.950742], [75.61596, 12.95047], [75.615682, 12.9502], [75.615682, 12.949929], [75.615404, 12.949658], [75.615127, 12.949387], [75.615127, 12.949116], [75.614849, 12.948845], [75.614849, 12.948574], [75.614848, 12.948303], [75.614571, 12.948032], [75.61457, 12.947761], [75.614569, 12.94749], [75.614569, 12.947218], [75.614568, 12.946947], [75.614567, 12.946676], [75.614567, 12.946405], [75.614289, 12.946134], [75.614289, 12.945863], [75.614012, 12.945592], [75.614011, 12.945321], [75.613734, 12.94505]]}, "properties": {"length_m": 780.0, "drop_m": 410.6, "reach_angle_deg": 27.76, "max_velocity_ms": 23.9, "mean_velocity_ms": 17.3, "source_susceptibility": 0.734, "buildings_at_risk": 0, "road_km_at_risk": 0.0}}, {"type": "Feature", "geometry": {"type": "LineString", "coordinates": [[75.699342, 12.182289], [75.699617, 12.182288], [75.699894, 12.182559], [75.70017, 12.182558], [75.700446, 12.182829], [75.700722, 12.182828], [75.700997, 12.182828], [75.700998, 12.183099]]}, "properties": {"length_m": 240.0, "drop_m": 71.5, "reach_angle_deg": 16.58, "max_velocity_ms": 19.3, "mean_velocity_ms": 11.7, "source_susceptibility": 0.689, "buildings_at_risk": 0, "road_km_at_risk": 0.0}}, {"type": "Feature", "geometry": {"type": "LineString", "coordinates": [[75.58945, 12.850433], [75.58945, 12.850162], [75.589173, 12.850162], [75.588896, 12.849892], [75.588619, 12.849621], [75.588618, 12.84935], [75.588342, 12.84935]]}, "properties": {"length_m": 210.0, "drop_m": 50.5, "reach_angle_deg": 13.52, "max_velocity_ms": 12.8, "mean_velocity_ms": 9.6, "source_susceptibility": 0.734, "buildings_at_risk": 0, "road_km_at_risk": 0.0}}, {"type": "Feature", "geometry": {"type": "LineString", "coordinates": [[75.642704, 12.477579], [75.642703, 12.477308], [75.642426, 12.477037], [75.642425, 12.476766], [75.642149, 12.476766], [75.642425, 12.476495], [75.642424, 12.476223], [75.642148, 12.476224], [75.641871, 12.475953], [75.641595, 12.475683], [75.641318, 12.475412], [75.641041, 12.475141], [75.640764, 12.474871], [75.640488, 12.474871], [75.640212, 12.474601], [75.639935, 12.47433], [75.639659, 12.474331], [75.639382, 12.47406], [75.639106, 12.474061], [75.63883, 12.474062], [75.638553, 12.473791], [75.638277, 12.47352], [75.638, 12.473521], [75.637724, 12.47325], [75.637447, 12.47298], [75.637171, 12.47298]]}, "properties": {"length_m": 780.0, "drop_m": 392.1, "reach_angle_deg": 26.69, "max_velocity_ms": 19.2, "mean_velocity_ms": 12.4, "source_susceptibility": 0.688, "buildings_at_risk": 0, "road_km_at_risk": 0.0}}, {"type": "Feature", "geometry": {"type": "LineString", "coordinates": [[75.684984, 12.175001], [75.684708, 12.175001], [75.684432, 12.175002], [75.684156, 12.175003], [75.683881, 12.175003], [75.683605, 12.175004], [75.683329, 12.174733], [75.683052, 12.174463], [75.682776, 12.174463], [75.6825, 12.174193], [75.682224, 12.174194], [75.681948, 12.174194], [75.681673, 12.174195], [75.681397, 12.174196], [75.681122, 12.174468], [75.680846, 12.174468], [75.68057, 12.174469], [75.680295, 12.17447], [75.680019, 12.17447], [75.679743, 12.174471], [75.679742, 12.1742]]}, "properties": {"length_m": 630.0, "drop_m": 225.5, "reach_angle_deg": 19.7, "max_velocity_ms": 21.1, "mean_velocity_ms": 12.7, "source_susceptibility": 0.746, "buildings_at_risk": 0, "road_km_at_risk": 0.0}}, {"type": "Feature", "geometry": {"type": "LineString", "coordinates": [[75.689298, 12.662201], [75.689574, 12.6622], [75.689851, 12.662199], [75.690127, 12.662198], [75.690404, 12.662469], [75.690679, 12.662197], [75.690956, 12.662196], [75.691232, 12.662195], [75.691508, 12.662195], [75.691785, 12.662194], [75.692061, 12.662193], [75.692336, 12.661921], [75.692613, 12.661921]]}, "properties": {"length_m": 390.0, "drop_m": 190.8, "reach_angle_deg": 26.07, "max_velocity_ms": 22.6, "mean_velocity_ms": 15.6, "source_susceptibility": 0.738, "buildings_at_risk": 0, "road_km_at_risk": 0.0}}, {"type": "Feature", "geometry": {"type": "LineString", "coordinates": [[75.60388, 12.281804], [75.60388, 12.281533], [75.603603, 12.281262], [75.603327, 12.281263], [75.603051, 12.281263]]}, "properties": {"length_m": 150.0, "drop_m": 28.8, "reach_angle_deg": 10.87, "max_velocity_ms": 11.8, "mean_velocity_ms": 8.5, "source_susceptibility": 0.721, "buildings_at_risk": 0, "road_km_at_risk": 0.0}}, {"type": "Feature", "geometry": {"type": "LineString", "coordinates": [[75.576929, 12.193152], [75.576653, 12.193153], [75.576378, 12.193153], [75.576102, 12.193154], [75.575826, 12.193155], [75.57555, 12.193155], [75.575274, 12.193156], [75.574999, 12.193428], [75.574723, 12.193157], [75.574447, 12.193158], [75.574171, 12.193158], [75.573895, 12.192887], [75.573619, 12.192888], [75.573344, 12.192889], [75.573068, 12.192889], [75.572793, 12.193161], [75.572517, 12.193162], [75.572241, 12.193162], [75.571965, 12.193163]]}, "properties": {"length_m": 570.0, "drop_m": 262.8, "reach_angle_deg": 24.75, "max_velocity_ms": 23.1, "mean_velocity_ms": 15.7, "source_susceptibility": 0.688, "buildings_at_risk": 0, "road_km_at_risk": 0.0}}, {"type": "Feature", "geometry": {"type": "LineString", "coordinates": [[75.599293, 12.205041], [75.599568, 12.204769], [75.599844, 12.204769], [75.600119, 12.204497], [75.600395, 12.204496], [75.600671, 12.204496]]}, "properties": {"length_m": 180.0, "drop_m": 64.2, "reach_angle_deg": 19.64, "max_velocity_ms": 14.2, "mean_velocity_ms": 10.5, "source_susceptibility": 0.622, "buildings_at_risk": 0, "road_km_at_risk": 0.0}}, {"type": "Feature", "geometry": {"type": "LineString", "coordinates": [[75.576818, 12.269112], [75.576817, 12.268841], [75.576541, 12.26857], [75.57654, 12.268299], [75.57654, 12.268028], [75.576539, 12.267756]]}, "properties": {"length_m": 180.0, "drop_m": 72.6, "reach_angle_deg": 21.97, "max_velocity_ms": 12.0, "mean_velocity_ms": 7.8, "source_susceptibility": 0.716, "buildings_at_risk": 0, "road_km_at_risk": 0.0}}, {"type": "Feature", "geometry": {"type": "LineString", "coordinates": [[75.667152, 12.855944], [75.666876, 12.855944], [75.666599, 12.855945], [75.666323, 12.855946], [75.666046, 12.855675], [75.665769, 12.855676], [75.665493, 12.855677]]}, "properties": {"length_m": 210.0, "drop_m": 62.5, "reach_angle_deg": 16.57, "max_velocity_ms": 14.1, "mean_velocity_ms": 11.2, "source_susceptibility": 0.634, "buildings_at_risk": 0, "road_km_at_risk": 0.0}}, {"type": "Feature", "geometry": {"type": "LineString", "coordinates": [[75.576653, 12.193153], [75.576378, 12.193153], [75.576102, 12.193154], [75.575826, 12.193155], [75.57555, 12.193155], [75.575274, 12.193156], [75.574999, 12.193428], [75.574723, 12.193157], [75.574447, 12.193158], [75.574171, 12.193158], [75.573895, 12.192887], [75.573619, 12.192888], [75.573344, 12.192889], [75.573068, 12.192889], [75.572793, 12.193161], [75.572517, 12.193162], [75.572241, 12.193162], [75.571965, 12.193163]]}, "properties": {"length_m": 540.0, "drop_m": 245.7, "reach_angle_deg": 24.46, "max_velocity_ms": 23.1, "mean_velocity_ms": 15.3, "source_susceptibility": 0.705, "buildings_at_risk": 0, "road_km_at_risk": 0.0}}, {"type": "Feature", "geometry": {"type": "LineString", "coordinates": [[75.468079, 12.394654], [75.468079, 12.394383], [75.468078, 12.394111], [75.468354, 12.39384], [75.468353, 12.393568], [75.468629, 12.393297], [75.468628, 12.393025], [75.468628, 12.392754], [75.468627, 12.392483]]}, "properties": {"length_m": 270.0, "drop_m": 104.9, "reach_angle_deg": 21.24, "max_velocity_ms": 15.4, "mean_velocity_ms": 10.3, "source_susceptibility": 0.834, "buildings_at_risk": 0, "road_km_at_risk": 0.0}}, {"type": "Feature", "geometry": {"type": "LineString", "coordinates": [[75.468354, 12.394111], [75.468354, 12.39384], [75.468353, 12.393568], [75.468629, 12.393297], [75.468628, 12.393025], [75.468628, 12.392754], [75.468627, 12.392483]]}, "properties": {"length_m": 210.0, "drop_m": 76.8, "reach_angle_deg": 20.1, "max_velocity_ms": 13.1, "mean_velocity_ms": 9.7, "source_susceptibility": 0.747, "buildings_at_risk": 0, "road_km_at_risk": 0.0}}, {"type": "Feature", "geometry": {"type": "LineString", "coordinates": [[75.615135, 12.952643], [75.614858, 12.952372], [75.614857, 12.952101], [75.61458, 12.95183], [75.614303, 12.951559], [75.614026, 12.951289], [75.614025, 12.951018], [75.614024, 12.950746], [75.614024, 12.950475], [75.614023, 12.950204], [75.614022, 12.949932], [75.614022, 12.949661], [75.613745, 12.949662], [75.613744, 12.949391], [75.613467, 12.94912], [75.613466, 12.948849], [75.613466, 12.948577], [75.613465, 12.948306], [75.613464, 12.948035], [75.613188, 12.948036], [75.612911, 12.947765], [75.61291, 12.947494], [75.612633, 12.947223], [75.612355, 12.946952], [75.612078, 12.946682], [75.612078, 12.946411], [75.6118, 12.94614], [75.611524, 12.946141], [75.6118, 12.945869]]}, "properties": {"length_m": 870.0, "drop_m": 446.1, "reach_angle_deg": 27.15, "max_velocity_ms": 20.7, "mean_velocity_ms": 13.3, "source_susceptibility": 0.811, "buildings_at_risk": 0, "road_km_at_risk": 0.0}}, {"type": "Feature", "geometry": {"type": "LineString", "coordinates": [[75.775634, 12.526058], [75.77591, 12.526057], [75.776187, 12.526328], [75.776464, 12.526598], [75.77674, 12.526597], [75.776739, 12.526326], [75.777015, 12.526325]]}, "properties": {"length_m": 210.0, "drop_m": 70.1, "reach_angle_deg": 18.46, "max_velocity_ms": 15.1, "mean_velocity_ms": 11.1, "source_susceptibility": 0.716, "buildings_at_risk": 0, "road_km_at_risk": 0.0}}, {"type": "Feature", "geometry": {"type": "LineString", "coordinates": [[75.666118, 12.457448], [75.665841, 12.457177], [75.665564, 12.456907], [75.665287, 12.456636], [75.665011, 12.456637], [75.664735, 12.456366], [75.664459, 12.456367], [75.664182, 12.456096]]}, "properties": {"length_m": 240.0, "drop_m": 136.6, "reach_angle_deg": 29.64, "max_velocity_ms": 20.3, "mean_velocity_ms": 13.6, "source_susceptibility": 0.684, "buildings_at_risk": 0, "road_km_at_risk": 0.0}}, {"type": "Feature", "geometry": {"type": "LineString", "coordinates": [[75.666008, 12.946007], [75.665732, 12.946008], [75.665455, 12.946009], [75.665179, 12.94628], [75.664902, 12.94601], [75.664625, 12.946011], [75.664349, 12.946283]]}, "properties": {"length_m": 210.0, "drop_m": 57.1, "reach_angle_deg": 15.2, "max_velocity_ms": 12.0, "mean_velocity_ms": 7.2, "source_susceptibility": 0.738, "buildings_at_risk": 0, "road_km_at_risk": 0.0}}, {"type": "Feature", "geometry": {"type": "LineString", "coordinates": [[75.614758, 12.214231], [75.615034, 12.21423], [75.615309, 12.213958], [75.615585, 12.213958], [75.61586, 12.213686], [75.616136, 12.213685], [75.616411, 12.213413], [75.616687, 12.213413], [75.616963, 12.213412], [75.617238, 12.21314], [75.617513, 12.212868], [75.617788, 12.212596], [75.618063, 12.212324], [75.618339, 12.212324], [75.618338, 12.212052]]}, "properties": {"length_m": 450.0, "drop_m": 265.2, "reach_angle_deg": 30.51, "max_velocity_ms": 21.1, "mean_velocity_ms": 17.1, "source_susceptibility": 0.747, "buildings_at_risk": 0, "road_km_at_risk": 0.0}}, {"type": "Feature", "geometry": {"type": "LineString", "coordinates": [[75.655246, 12.192435], [75.655245, 12.192164], [75.654969, 12.191893], [75.654968, 12.191622], [75.654692, 12.191351], [75.654691, 12.19108], [75.654414, 12.190809], [75.654138, 12.190538], [75.653862, 12.190268], [75.653586, 12.190268], [75.65331, 12.190269], [75.653034, 12.19027], [75.652758, 12.189999]]}, "properties": {"length_m": 390.0, "drop_m": 190.3, "reach_angle_deg": 26.01, "max_velocity_ms": 18.5, "mean_velocity_ms": 14.4, "source_susceptibility": 0.646, "buildings_at_risk": 0, "road_km_at_risk": 0.0}}, {"type": "Feature", "geometry": {"type": "LineString", "coordinates": [[75.614303, 12.951831], [75.614026, 12.95156], [75.614026, 12.951289], [75.614025, 12.951018], [75.614024, 12.950746], [75.614024, 12.950475], [75.614023, 12.950204], [75.614022, 12.949932], [75.614022, 12.949661], [75.613745, 12.949662], [75.613744, 12.949391], [75.613467, 12.94912], [75.613466, 12.948849], [75.613466, 12.948577], [75.613465, 12.948306], [75.613464, 12.948035], [75.613188, 12.948036], [75.612911, 12.947765], [75.61291, 12.947494], [75.612633, 12.947223], [75.612355, 12.946952], [75.612078, 12.946682], [75.612078, 12.946411], [75.6118, 12.94614], [75.611524, 12.946141], [75.6118, 12.945869]]}, "properties": {"length_m": 780.0, "drop_m": 366.7, "reach_angle_deg": 25.18, "max_velocity_ms": 19.8, "mean_velocity_ms": 12.4, "source_susceptibility": 0.699, "buildings_at_risk": 0, "road_km_at_risk": 0.0}}, {"type": "Feature", "geometry": {"type": "LineString", "coordinates": [[75.688469, 12.661931], [75.688745, 12.661931], [75.689022, 12.662201], [75.689298, 12.662201], [75.689574, 12.6622], [75.689851, 12.662199], [75.690127, 12.662198], [75.690404, 12.662469], [75.690679, 12.662197], [75.690956, 12.662196], [75.691232, 12.662195], [75.691508, 12.662195], [75.691785, 12.662194], [75.692061, 12.662193], [75.692336, 12.661921], [75.692613, 12.661921]]}, "properties": {"length_m": 480.0, "drop_m": 254.8, "reach_angle_deg": 27.96, "max_velocity_ms": 22.6, "mean_velocity_ms": 16.0, "source_susceptibility": 0.693, "buildings_at_risk": 0, "road_km_at_risk": 0.0}}, {"type": "Feature", "geometry": {"type": "LineString", "coordinates": [[75.53353, 12.415693], [75.533806, 12.415693], [75.534082, 12.415692], [75.534358, 12.415692], [75.534634, 12.415691], [75.53491, 12.415419], [75.535186, 12.415419], [75.535186, 12.41569]]}, "properties": {"length_m": 240.0, "drop_m": 49.7, "reach_angle_deg": 11.71, "max_velocity_ms": 14.9, "mean_velocity_ms": 10.6, "source_susceptibility": 0.651, "buildings_at_risk": 0, "road_km_at_risk": 0.0}}, {"type": "Feature", "geometry": {"type": "LineString", "coordinates": [[75.58814, 12.274785], [75.588416, 12.274513], [75.588692, 12.274513], [75.588415, 12.274242], [75.588414, 12.273971], [75.588414, 12.273699]]}, "properties": {"length_m": 180.0, "drop_m": 27.8, "reach_angle_deg": 8.77, "max_velocity_ms": 13.1, "mean_velocity_ms": 10.2, "source_susceptibility": 0.661, "buildings_at_risk": 0, "road_km_at_risk": 0.0}}, {"type": "Feature", "geometry": {"type": "LineString", "coordinates": [[75.655925, 12.465882], [75.655925, 12.465611], [75.655924, 12.46534], [75.655923, 12.465068], [75.655646, 12.464798], [75.655646, 12.464527], [75.655369, 12.464256], [75.655644, 12.463984], [75.655644, 12.463713]]}, "properties": {"length_m": 270.0, "drop_m": 104.0, "reach_angle_deg": 21.07, "max_velocity_ms": 19.5, "mean_velocity_ms": 13.4, "source_susceptibility": 0.62, "buildings_at_risk": 0, "road_km_at_risk": 0.0}}, {"type": "Feature", "geometry": {"type": "LineString", "coordinates": [[75.520842, 12.419516], [75.520842, 12.419787], [75.520843, 12.420059], [75.520843, 12.42033], [75.520844, 12.420601], [75.520844, 12.420872], [75.520569, 12.421144], [75.520569, 12.421415], [75.52057, 12.421687], [75.520571, 12.421958], [75.520571, 12.422229], [75.520572, 12.422501], [75.520296, 12.422772], [75.520572, 12.422772]]}, "properties": {"length_m": 420.0, "drop_m": 162.8, "reach_angle_deg": 21.18, "max_velocity_ms": 20.0, "mean_velocity_ms": 12.4, "source_susceptibility": 0.685, "buildings_at_risk": 0, "road_km_at_risk": 0.0}}, {"type": "Feature", "geometry": {"type": "LineString", "coordinates": [[75.650689, 12.469422], [75.650412, 12.469151], [75.650412, 12.46888], [75.650411, 12.468608], [75.650686, 12.468336], [75.65041, 12.468337], [75.65041, 12.468066], [75.650409, 12.467795]]}, "properties": {"length_m": 240.0, "drop_m": 57.2, "reach_angle_deg": 13.42, "max_velocity_ms": 16.0, "mean_velocity_ms": 11.6, "source_susceptibility": 0.771, "buildings_at_risk": 0, "road_km_at_risk": 0.0}}, {"type": "Feature", "geometry": {"type": "LineString", "coordinates": [[75.591757, 12.411232], [75.592034, 12.411503], [75.592034, 12.411774], [75.592311, 12.412045], [75.592587, 12.412315], [75.592864, 12.412586], [75.592865, 12.412857], [75.593141, 12.413128], [75.593142, 12.413399], [75.593143, 12.41367], [75.593419, 12.413941], [75.593696, 12.414212], [75.59342, 12.414484]]}, "properties": {"length_m": 390.0, "drop_m": 232.8, "reach_angle_deg": 30.83, "max_velocity_ms": 25.1, "mean_velocity_ms": 17.5, "source_susceptibility": 0.714, "buildings_at_risk": 0, "road_km_at_risk": 0.0}}, {"type": "Feature", "geometry": {"type": "LineString", "coordinates": [[75.512012, 12.973211], [75.512288, 12.97321], [75.512288, 12.972939], [75.512564, 12.972667], [75.51284, 12.972396], [75.512839, 12.972124], [75.512839, 12.971853], [75.513115, 12.971581], [75.513114, 12.97131], [75.513391, 12.971309], [75.51339, 12.971038], [75.513666, 12.970766], [75.513943, 12.970494], [75.514219, 12.970223], [75.514218, 12.969951], [75.514494, 12.96968], [75.514771, 12.969679], [75.515047, 12.969678], [75.515324, 12.969678], [75.5156, 12.969677], [75.5156, 12.969406], [75.515877, 12.969406]]}, "properties": {"length_m": 660.0, "drop_m": 240.2, "reach_angle_deg": 20.0, "max_velocity_ms": 22.0, "mean_velocity_ms": 12.9, "source_susceptibility": 0.672, "buildings_at_risk": 0, "road_km_at_risk": 0.0}}, {"type": "Feature", "geometry": {"type": "LineString", "coordinates": [[75.590288, 12.853958], [75.590011, 12.853958], [75.589735, 12.853959], [75.589459, 12.854231], [75.589182, 12.85396], [75.588906, 12.853961], [75.588629, 12.85369], [75.588351, 12.853419], [75.588075, 12.85342], [75.587798, 12.853149], [75.587521, 12.85315], [75.587245, 12.853151], [75.586968, 12.853151], [75.586693, 12.853423], [75.586417, 12.853695], [75.58614, 12.853696], [75.585864, 12.853967], [75.585589, 12.854239], [75.585312, 12.85424], [75.585036, 12.854241], [75.584759, 12.854241]]}, "properties": {"length_m": 630.0, "drop_m": 275.1, "reach_angle_deg": 23.59, "max_velocity_ms": 20.1, "mean_velocity_ms": 12.0, "source_susceptibility": 0.755, "buildings_at_risk": 0, "road_km_at_risk": 0.0}}, {"type": "Feature", "geometry": {"type": "LineString", "coordinates": [[75.64738, 12.471057], [75.64738, 12.470786], [75.647103, 12.470515], [75.647102, 12.470244], [75.646826, 12.469973], [75.646549, 12.469703], [75.646548, 12.469431], [75.646548, 12.46916], [75.646547, 12.468889], [75.646546, 12.468618]]}, "properties": {"length_m": 300.0, "drop_m": 128.5, "reach_angle_deg": 23.19, "max_velocity_ms": 11.0, "mean_velocity_ms": 7.9, "source_susceptibility": 0.633, "buildings_at_risk": 0, "road_km_at_risk": 0.0}}, {"type": "Feature", "geometry": {"type": "LineString", "coordinates": [[75.506483, 12.974849], [75.506206, 12.974579], [75.505929, 12.974579], [75.505652, 12.974308], [75.505375, 12.974309], [75.505099, 12.97431], [75.504822, 12.974039], [75.504545, 12.974039], [75.504545, 12.973768], [75.504268, 12.973769], [75.503991, 12.973498], [75.503714, 12.973498], [75.503438, 12.973499], [75.50316, 12.973228]]}, "properties": {"length_m": 420.0, "drop_m": 150.2, "reach_angle_deg": 19.68, "max_velocity_ms": 19.8, "mean_velocity_ms": 12.4, "source_susceptibility": 0.749, "buildings_at_risk": 0, "road_km_at_risk": 0.0}}, {"type": "Feature", "geometry": {"type": "LineString", "coordinates": [[75.598465, 12.204772], [75.598465, 12.2045], [75.598464, 12.204229], [75.598463, 12.203958], [75.598739, 12.203686], [75.599014, 12.203414], [75.599013, 12.203143], [75.599013, 12.202871], [75.599288, 12.2026], [75.599563, 12.202328], [75.599562, 12.202056], [75.599837, 12.201785], [75.600113, 12.201513], [75.600388, 12.201241], [75.600663, 12.200969], [75.600939, 12.200968], [75.600938, 12.200697]]}, "properties": {"length_m": 510.0, "drop_m": 242.0, "reach_angle_deg": 25.38, "max_velocity_ms": 19.6, "mean_velocity_ms": 11.4, "source_susceptibility": 0.727, "buildings_at_risk": 0, "road_km_at_risk": 0.0}}, {"type": "Feature", "geometry": {"type": "LineString", "coordinates": [[75.536626, 12.173158], [75.536901, 12.172887], [75.537177, 12.172615], [75.537176, 12.172344], [75.537451, 12.172072], [75.537727, 12.1718], [75.537726, 12.171529], [75.537725, 12.171257], [75.537725, 12.170986], [75.537724, 12.170715], [75.537724, 12.170443], [75.537723, 12.170172], [75.537447, 12.169901], [75.537446, 12.16963], [75.537446, 12.169359], [75.537445, 12.169088], [75.537445, 12.168816], [75.537444, 12.168545], [75.537444, 12.168274], [75.537443, 12.168002], [75.537443, 12.167731], [75.537442, 12.16746]]}, "properties": {"length_m": 660.0, "drop_m": 392.8, "reach_angle_deg": 30.76, "max_velocity_ms": 26.8, "mean_velocity_ms": 19.0, "source_susceptibility": 0.645, "buildings_at_risk": 0, "road_km_at_risk": 0.0}}, {"type": "Feature", "geometry": {"type": "LineString", "coordinates": [[75.690127, 12.662198], [75.690404, 12.662469], [75.690679, 12.662197], [75.690956, 12.662196], [75.691232, 12.662195], [75.691508, 12.662195], [75.691785, 12.662194], [75.692061, 12.662193], [75.692336, 12.661921], [75.692613, 12.661921]]}, "properties": {"length_m": 300.0, "drop_m": 131.0, "reach_angle_deg": 23.59, "max_velocity_ms": 21.1, "mean_velocity_ms": 13.8, "source_susceptibility": 0.627, "buildings_at_risk": 0, "road_km_at_risk": 0.0}}, {"type": "Feature", "geometry": {"type": "LineString", "coordinates": [[75.611175, 12.215324], [75.611175, 12.215053], [75.611174, 12.214781], [75.611174, 12.21451], [75.611173, 12.214239], [75.611172, 12.213967], [75.611172, 12.213696], [75.611171, 12.213425], [75.61117, 12.213154], [75.61117, 12.212882], [75.611169, 12.212611], [75.611169, 12.21234], [75.611168, 12.212068], [75.611167, 12.211797], [75.611167, 12.211526], [75.61089, 12.211255], [75.61089, 12.210984], [75.610889, 12.210713], [75.610888, 12.210441], [75.610888, 12.21017], [75.610887, 12.209899], [75.611162, 12.209627], [75.611438, 12.209626], [75.611437, 12.209355], [75.611713, 12.209083], [75.611988, 12.208811], [75.612263, 12.208539], [75.612538, 12.208267], [75.612813, 12.207996], [75.613089, 12.207995], [75.613364, 12.207723], [75.613639, 12.207451], [75.613915, 12.207179], [75.61419, 12.206907], [75.613913, 12.206637]]}, "properties": {"length_m": 1050.0, "drop_m": 511.8, "reach_angle_deg": 25.99, "max_velocity_ms": 24.1, "mean_velocity_ms": 15.6, "source_susceptibility": 0.691, "buildings_at_risk": 0, "road_km_at_risk": 0.0}}, {"type": "Feature", "geometry": {"type": "LineString", "coordinates": [[75.589343, 12.195025], [75.589619, 12.195296], [75.589895, 12.195295], [75.590171, 12.195566], [75.590447, 12.195565], [75.590724, 12.195836], [75.590999, 12.195835], [75.591276, 12.196106], [75.591551, 12.196105], [75.591828, 12.196376], [75.592104, 12.196376], [75.59238, 12.196646], [75.592381, 12.196918], [75.592657, 12.197188], [75.592933, 12.197188], [75.593209, 12.197187], [75.593484, 12.197186], [75.593759, 12.196915], [75.594035, 12.196914], [75.59431, 12.196642], [75.594586, 12.196642], [75.594861, 12.19637]]}, "properties": {"length_m": 660.0, "drop_m": 310.3, "reach_angle_deg": 25.18, "max_velocity_ms": 21.0, "mean_velocity_ms": 15.9, "source_susceptibility": 0.631, "buildings_at_risk": 0, "road_km_at_risk": 0.0}}, {"type": "Feature", "geometry": {"type": "LineString", "coordinates": [[75.656347, 12.191618], [75.65607, 12.191348], [75.655794, 12.191077], [75.655517, 12.190806], [75.655242, 12.190807], [75.654966, 12.190808], [75.65469, 12.190808], [75.654414, 12.190809], [75.654138, 12.190538], [75.653862, 12.190268], [75.653586, 12.190268], [75.65331, 12.190269], [75.653034, 12.19027], [75.652758, 12.189999]]}, "properties": {"length_m": 420.0, "drop_m": 183.4, "reach_angle_deg": 23.59, "max_velocity_ms": 17.9, "mean_velocity_ms": 13.5, "source_susceptibility": 0.649, "buildings_at_risk": 0, "road_km_at_risk": 0.0}}, {"type": "Feature", "geometry": {"type": "LineString", "coordinates": [[75.504859, 12.432839], [75.505135, 12.43311], [75.505412, 12.433381], [75.505688, 12.43338], [75.505965, 12.433651], [75.506241, 12.433922], [75.506518, 12.434192], [75.506794, 12.434463], [75.507071, 12.434734], [75.507347, 12.434733], [75.507623, 12.434733]]}, "properties": {"length_m": 330.0, "drop_m": 186.3, "reach_angle_deg": 29.44, "max_velocity_ms": 18.1, "mean_velocity_ms": 14.1, "source_susceptibility": 0.644, "buildings_at_risk": 0, "road_km_at_risk": 0.0}}, {"type": "Feature", "geometry": {"type": "LineString", "coordinates": [[75.58607, 12.21158], [75.586069, 12.211309], [75.585793, 12.211038], [75.585792, 12.210767], [75.585792, 12.210496], [75.585791, 12.210225], [75.585791, 12.209953], [75.58579, 12.209682], [75.585514, 12.209683], [75.585514, 12.209411], [75.585789, 12.209139]]}, "properties": {"length_m": 330.0, "drop_m": 118.6, "reach_angle_deg": 19.78, "max_velocity_ms": 19.9, "mean_velocity_ms": 11.3, "source_susceptibility": 0.649, "buildings_at_risk": 0, "road_km_at_risk": 0.0}}, {"type": "Feature", "geometry": {"type": "LineString", "coordinates": [[75.525376, 12.340835], [75.525101, 12.340835], [75.524824, 12.340565], [75.524548, 12.340565], [75.524272, 12.340294], [75.523996, 12.340295], [75.523719, 12.340024], [75.523443, 12.340025], [75.523167, 12.340025], [75.522891, 12.339755], [75.522615, 12.339755], [75.522339, 12.339756], [75.522063, 12.339485], [75.521786, 12.339214], [75.52151, 12.339215], [75.521234, 12.339215], [75.520958, 12.338944], [75.520682, 12.338945], [75.520406, 12.338945]]}, "properties": {"length_m": 570.0, "drop_m": 305.8, "reach_angle_deg": 28.21, "max_velocity_ms": 23.2, "mean_velocity_ms": 15.3, "source_susceptibility": 0.683, "buildings_at_risk": 0, "road_km_at_risk": 0.0}}, {"type": "Feature", "geometry": {"type": "LineString", "coordinates": [[75.633788, 12.214188], [75.633511, 12.213917], [75.633235, 12.213646], [75.632958, 12.213376], [75.632958, 12.213104], [75.632957, 12.212833], [75.632681, 12.212562], [75.632404, 12.212292], [75.632404, 12.21202], [75.632127, 12.21175], [75.632402, 12.211478], [75.632402, 12.211207], [75.632401, 12.210935], [75.6324, 12.210664], [75.632124, 12.210393], [75.631847, 12.210123], [75.631571, 12.209852], [75.631295, 12.209581]]}, "properties": {"length_m": 540.0, "drop_m": 185.7, "reach_angle_deg": 18.97, "max_velocity_ms": 20.5, "mean_velocity_ms": 10.4, "source_susceptibility": 0.679, "buildings_at_risk": 0, "road_km_at_risk": 0.0}}, {"type": "Feature", "geometry": {"type": "LineString", "coordinates": [[75.638187, 12.208752], [75.637911, 12.208481], [75.637634, 12.20821], [75.637634, 12.207939], [75.637357, 12.207669], [75.637357, 12.207397]]}, "properties": {"length_m": 180.0, "drop_m": 72.4, "reach_angle_deg": 21.91, "max_velocity_ms": 19.4, "mean_velocity_ms": 12.1, "source_susceptibility": 0.862, "buildings_at_risk": 0, "road_km_at_risk": 0.0}}, {"type": "Feature", "geometry": {"type": "LineString", "coordinates": [[75.640109, 12.204949], [75.640108, 12.204678], [75.640107, 12.204407], [75.639831, 12.204136], [75.639555, 12.204137]]}, "properties": {"length_m": 150.0, "drop_m": 45.4, "reach_angle_deg": 16.84, "max_velocity_ms": 12.4, "mean_velocity_ms": 9.2, "source_susceptibility": 0.694, "buildings_at_risk": 0, "road_km_at_risk": 0.0}}, {"type": "Feature", "geometry": {"type": "LineString", "coordinates": [[75.581554, 12.415323], [75.581278, 12.415324], [75.581002, 12.415324], [75.580726, 12.415325], [75.58045, 12.415326], [75.580174, 12.415326], [75.579899, 12.415598], [75.579623, 12.415599], [75.579347, 12.415599], [75.579071, 12.4156], [75.578795, 12.4156], [75.578519, 12.415601], [75.578243, 12.415602], [75.577967, 12.415602], [75.577691, 12.415603], [75.577415, 12.415603], [75.577139, 12.415875], [75.576863, 12.415876], [75.576587, 12.415876], [75.576311, 12.415877], [75.576035, 12.415878], [75.575759, 12.415878], [75.575483, 12.415608], [75.575207, 12.415608], [75.574931, 12.415609], [75.57493, 12.415337], [75.574655, 12.415609], [75.574379, 12.415881]]}, "properties": {"length_m": 840.0, "drop_m": 375.2, "reach_angle_deg": 24.07, "max_velocity_ms": 22.9, "mean_velocity_ms": 18.2, "source_susceptibility": 0.714, "buildings_at_risk": 0, "road_km_at_risk": 0.0}}, {"type": "Feature", "geometry": {"type": "LineString", "coordinates": [[75.664336, 12.188344], [75.664335, 12.188073], [75.664334, 12.187801], [75.664334, 12.18753], [75.664057, 12.187259], [75.664057, 12.186988], [75.664056, 12.186717], [75.66378, 12.186446], [75.663779, 12.186175], [75.664054, 12.185903], [75.663778, 12.185632], [75.663501, 12.185362], [75.663225, 12.185091], [75.663224, 12.18482], [75.662948, 12.184549], [75.662671, 12.184279], [75.66267, 12.184007], [75.662395, 12.184008], [75.66267, 12.183736]]}, "properties": {"length_m": 570.0, "drop_m": 292.8, "reach_angle_deg": 27.19, "max_velocity_ms": 20.2, "mean_velocity_ms": 14.6, "source_susceptibility": 0.644, "buildings_at_risk": 0, "road_km_at_risk": 0.0}}, {"type": "Feature", "geometry": {"type": "LineString", "coordinates": [[75.524425, 12.417339], [75.524426, 12.41761], [75.524703, 12.417881], [75.524979, 12.41788], [75.524979, 12.418152], [75.525256, 12.418422], [75.525532, 12.418693], [75.525809, 12.418964], [75.525809, 12.419235], [75.526086, 12.419506], [75.526362, 12.419777]]}, "properties": {"length_m": 330.0, "drop_m": 106.7, "reach_angle_deg": 17.92, "max_velocity_ms": 17.0, "mean_velocity_ms": 8.8, "source_susceptibility": 0.73, "buildings_at_risk": 0, "road_km_at_risk": 0.0}}, {"type": "Feature", "geometry": {"type": "LineString", "coordinates": [[75.525085, 12.33324], [75.52481, 12.33324], [75.524534, 12.333241], [75.524258, 12.333241], [75.523982, 12.333513], [75.523706, 12.333513], [75.52343, 12.333514], [75.523155, 12.333515], [75.522879, 12.333515], [75.522603, 12.333516], [75.522327, 12.333787], [75.522051, 12.333788], [75.521776, 12.33406], [75.5215, 12.33406], [75.521224, 12.334061], [75.520948, 12.334061], [75.520673, 12.334333], [75.520397, 12.334334], [75.520121, 12.334334], [75.519845, 12.334335], [75.51957, 12.334606], [75.519294, 12.334878], [75.519018, 12.334879], [75.518743, 12.334879]]}, "properties": {"length_m": 720.0, "drop_m": 331.0, "reach_angle_deg": 24.69, "max_velocity_ms": 22.2, "mean_velocity_ms": 14.5, "source_susceptibility": 0.691, "buildings_at_risk": 0, "road_km_at_risk": 0.0}}, {"type": "Feature", "geometry": {"type": "LineString", "coordinates": [[75.512698, 12.347912], [75.512422, 12.347913], [75.512145, 12.347642], [75.512145, 12.347371], [75.511868, 12.3471], [75.511592, 12.346829], [75.511315, 12.346559], [75.511039, 12.346288], [75.510762, 12.346017], [75.510486, 12.345746], [75.51021, 12.345747], [75.509934, 12.345476]]}, "properties": {"length_m": 360.0, "drop_m": 183.5, "reach_angle_deg": 27.01, "max_velocity_ms": 21.0, "mean_velocity_ms": 15.2, "source_susceptibility": 0.648, "buildings_at_risk": 0, "road_km_at_risk": 0.0}}, {"type": "Feature", "geometry": {"type": "LineString", "coordinates": [[75.701214, 12.160311], [75.701213, 12.160039], [75.701213, 12.159768], [75.700937, 12.159769], [75.700661, 12.159498], [75.700936, 12.159226]]}, "properties": {"length_m": 180.0, "drop_m": 47.1, "reach_angle_deg": 14.67, "max_velocity_ms": 11.0, "mean_velocity_ms": 7.0, "source_susceptibility": 0.714, "buildings_at_risk": 0, "road_km_at_risk": 0.0}}, {"type": "Feature", "geometry": {"type": "LineString", "coordinates": [[75.66076, 12.19215], [75.66076, 12.191879], [75.661035, 12.191607], [75.661034, 12.191336], [75.661033, 12.191065], [75.660757, 12.190794], [75.660756, 12.190523], [75.660756, 12.190251], [75.660755, 12.18998], [75.660754, 12.189709], [75.660754, 12.189438], [75.660753, 12.189166], [75.660477, 12.188896], [75.660476, 12.188624], [75.660475, 12.188353]]}, "properties": {"length_m": 450.0, "drop_m": 190.6, "reach_angle_deg": 22.95, "max_velocity_ms": 26.4, "mean_velocity_ms": 11.9, "source_susceptibility": 0.708, "buildings_at_risk": 0, "road_km_at_risk": 0.0}}, {"type": "Feature", "geometry": {"type": "LineString", "coordinates": [[75.703471, 12.692546], [75.703195, 12.692818], [75.702919, 12.692818], [75.702643, 12.69309], [75.702368, 12.693362], [75.702091, 12.693363], [75.702092, 12.693634], [75.701817, 12.693906], [75.701817, 12.694178], [75.701541, 12.694178], [75.701264, 12.693908]]}, "properties": {"length_m": 330.0, "drop_m": 117.7, "reach_angle_deg": 19.63, "max_velocity_ms": 16.5, "mean_velocity_ms": 10.0, "source_susceptibility": 0.694, "buildings_at_risk": 0, "road_km_at_risk": 0.0}}, {"type": "Feature", "geometry": {"type": "LineString", "coordinates": [[75.589451, 12.850704], [75.58945, 12.850433], [75.58945, 12.850162], [75.589173, 12.850162], [75.588896, 12.849892], [75.588619, 12.849621], [75.588618, 12.84935], [75.588342, 12.84935]]}, "properties": {"length_m": 240.0, "drop_m": 63.4, "reach_angle_deg": 14.8, "max_velocity_ms": 12.8, "mean_velocity_ms": 9.8, "source_susceptibility": 0.774, "buildings_at_risk": 0, "road_km_at_risk": 0.0}}, {"type": "Feature", "geometry": {"type": "LineString", "coordinates": [[75.524703, 12.418152], [75.524979, 12.41788], [75.524979, 12.418152], [75.525256, 12.418422], [75.525532, 12.418693], [75.525809, 12.418964], [75.525809, 12.419235], [75.526086, 12.419506], [75.526362, 12.419777]]}, "properties": {"length_m": 270.0, "drop_m": 78.7, "reach_angle_deg": 16.25, "max_velocity_ms": 12.5, "mean_velocity_ms": 7.8, "source_susceptibility": 0.642, "buildings_at_risk": 0, "road_km_at_risk": 0.0}}, {"type": "Feature", "geometry": {"type": "LineString", "coordinates": [[75.686083, 12.173641], [75.685807, 12.173371], [75.68553, 12.1731], [75.68553, 12.172829], [75.685529, 12.172558], [75.685252, 12.172287], [75.684976, 12.172017], [75.6847, 12.171746], [75.684699, 12.171475], [75.684422, 12.171204], [75.684422, 12.170933], [75.684145, 12.170662], [75.683869, 12.170392]]}, "properties": {"length_m": 390.0, "drop_m": 175.5, "reach_angle_deg": 24.23, "max_velocity_ms": 16.8, "mean_velocity_ms": 13.4, "source_susceptibility": 0.681, "buildings_at_risk": 0, "road_km_at_risk": 0.0}}, {"type": "Feature", "geometry": {"type": "LineString", "coordinates": [[75.660759, 12.191608], [75.661034, 12.191336], [75.661033, 12.191065], [75.660757, 12.190794], [75.660756, 12.190523], [75.660756, 12.190251], [75.660755, 12.18998], [75.660754, 12.189709], [75.660754, 12.189438], [75.660753, 12.189166], [75.660477, 12.188896], [75.660476, 12.188624], [75.660475, 12.188353]]}, "properties": {"length_m": 390.0, "drop_m": 162.9, "reach_angle_deg": 22.67, "max_velocity_ms": 16.7, "mean_velocity_ms": 9.8, "source_susceptibility": 0.622, "buildings_at_risk": 0, "road_km_at_risk": 0.0}}, {"type": "Feature", "geometry": {"type": "LineString", "coordinates": [[75.570828, 12.305748], [75.571104, 12.305476], [75.57138, 12.305476], [75.571655, 12.305204], [75.571931, 12.305203], [75.572206, 12.304931], [75.572482, 12.304931], [75.572758, 12.30493], [75.572757, 12.304659], [75.573032, 12.304387], [75.573308, 12.304115], [75.573307, 12.303844]]}, "properties": {"length_m": 360.0, "drop_m": 121.2, "reach_angle_deg": 18.6, "max_velocity_ms": 14.3, "mean_velocity_ms": 8.7, "source_susceptibility": 0.726, "buildings_at_risk": 0, "road_km_at_risk": 0.0}}, {"type": "Feature", "geometry": {"type": "LineString", "coordinates": [[75.614859, 12.952643], [75.614858, 12.952372], [75.614857, 12.952101], [75.61458, 12.95183], [75.614303, 12.951559], [75.614026, 12.951289], [75.614025, 12.951018], [75.614024, 12.950746], [75.614024, 12.950475], [75.614023, 12.950204], [75.614022, 12.949932], [75.614022, 12.949661], [75.613745, 12.949662], [75.613744, 12.949391], [75.613467, 12.94912], [75.613466, 12.948849], [75.613466, 12.948577], [75.613465, 12.948306], [75.613464, 12.948035], [75.613188, 12.948036], [75.612911, 12.947765], [75.61291, 12.947494], [75.612633, 12.947223], [75.612355, 12.946952], [75.612078, 12.946682], [75.612078, 12.946411], [75.6118, 12.94614], [75.611524, 12.946141], [75.6118, 12.945869]]}, "properties": {"length_m": 870.0, "drop_m": 438.3, "reach_angle_deg": 26.74, "max_velocity_ms": 21.0, "mean_velocity_ms": 13.3, "source_susceptibility": 0.777, "buildings_at_risk": 0, "road_km_at_risk": 0.0}}, {"type": "Feature", "geometry": {"type": "LineString", "coordinates": [[75.640385, 12.20522], [75.640109, 12.204949], [75.640108, 12.204678], [75.640107, 12.204407], [75.639831, 12.204136], [75.639555, 12.204137]]}, "properties": {"length_m": 180.0, "drop_m": 68.0, "reach_angle_deg": 20.7, "max_velocity_ms": 12.4, "mean_velocity_ms": 9.4, "source_susceptibility": 0.649, "buildings_at_risk": 0, "road_km_at_risk": 0.0}}, {"type": "Feature", "geometry": {"type": "LineString", "coordinates": [[75.7043, 12.692815], [75.704024, 12.692815], [75.703748, 12.692816], [75.703471, 12.692546], [75.703195, 12.692818], [75.702919, 12.692818], [75.702643, 12.69309], [75.702368, 12.693362], [75.702091, 12.693363], [75.702092, 12.693634], [75.701817, 12.693906], [75.701817, 12.694178], [75.701541, 12.694178], [75.701264, 12.693908]]}, "properties": {"length_m": 420.0, "drop_m": 171.3, "reach_angle_deg": 22.18, "max_velocity_ms": 19.6, "mean_velocity_ms": 11.8, "source_susceptibility": 0.663, "buildings_at_risk": 0, "road_km_at_risk": 0.0}}, {"type": "Feature", "geometry": {"type": "LineString", "coordinates": [[75.50676, 12.974849], [75.506483, 12.974849], [75.506206, 12.974579], [75.505929, 12.974579], [75.505652, 12.974308], [75.505375, 12.974309], [75.505099, 12.97431], [75.504822, 12.974039], [75.504545, 12.974039], [75.504545, 12.973768], [75.504268, 12.973769], [75.503991, 12.973498], [75.503714, 12.973498], [75.503438, 12.973499], [75.50316, 12.973228]]}, "properties": {"length_m": 450.0, "drop_m": 165.4, "reach_angle_deg": 20.18, "max_velocity_ms": 19.8, "mean_velocity_ms": 12.7, "source_susceptibility": 0.688, "buildings_at_risk": 0, "road_km_at_risk": 0.0}}, {"type": "Feature", "geometry": {"type": "LineString", "coordinates": [[75.695343, 12.547437], [75.695066, 12.547438], [75.69479, 12.547438], [75.694514, 12.547439], [75.694239, 12.547711], [75.693963, 12.547983], [75.693687, 12.547984], [75.693411, 12.547985], [75.693134, 12.547714], [75.692857, 12.547443], [75.692581, 12.547444], [75.692305, 12.547445], [75.692029, 12.547446], [75.691752, 12.547175], [75.691476, 12.547176], [75.691199, 12.546905], [75.690923, 12.546906], [75.690646, 12.546635], [75.69037, 12.546636], [75.690094, 12.546637], [75.689818, 12.546637], [75.689542, 12.546638]]}, "properties": {"length_m": 660.0, "drop_m": 333.1, "reach_angle_deg": 26.78, "max_velocity_ms": 20.6, "mean_velocity_ms": 14.8, "source_susceptibility": 0.624, "buildings_at_risk": 0, "road_km_at_risk": 0.0}}, {"type": "Feature", "geometry": {"type": "LineString", "coordinates": [[75.5134, 12.97565], [75.513676, 12.975378], [75.513675, 12.975107], [75.513675, 12.974835], [75.513674, 12.974564], [75.513674, 12.974293], [75.513673, 12.974022], [75.513673, 12.97375], [75.513672, 12.973479], [75.513671, 12.973208], [75.513671, 12.972936], [75.513394, 12.972666], [75.513117, 12.972395], [75.512839, 12.972124], [75.512839, 12.971853], [75.513115, 12.971581], [75.513114, 12.97131], [75.513391, 12.971309], [75.51339, 12.971038], [75.513666, 12.970766], [75.513943, 12.970494], [75.514219, 12.970223], [75.514218, 12.969951], [75.514494, 12.96968], [75.514771, 12.969679], [75.515047, 12.969678], [75.515324, 12.969678], [75.5156, 12.969677], [75.5156, 12.969406], [75.515877, 12.969406]]}, "properties": {"length_m": 900.0, "drop_m": 414.1, "reach_angle_deg": 24.71, "max_velocity_ms": 24.9, "mean_velocity_ms": 15.1, "source_susceptibility": 0.693, "buildings_at_risk": 0, "road_km_at_risk": 0.0}}, {"type": "Feature", "geometry": {"type": "LineString", "coordinates": [[75.600124, 12.206667], [75.600399, 12.206395], [75.600399, 12.206124], [75.600674, 12.205852], [75.600673, 12.205581], [75.600948, 12.205309], [75.600948, 12.205038], [75.600671, 12.204767], [75.600395, 12.204496], [75.600671, 12.204496]]}, "properties": {"length_m": 300.0, "drop_m": 99.2, "reach_angle_deg": 18.29, "max_velocity_ms": 20.9, "mean_velocity_ms": 11.5, "source_susceptibility": 0.812, "buildings_at_risk": 0, "road_km_at_risk": 0.0}}, {"type": "Feature", "geometry": {"type": "LineString", "coordinates": [[75.564026, 12.9788], [75.56375, 12.978801], [75.563473, 12.978801], [75.563196, 12.978531], [75.562919, 12.97826]]}, "properties": {"length_m": 150.0, "drop_m": 53.9, "reach_angle_deg": 19.77, "max_velocity_ms": 12.3, "mean_velocity_ms": 8.3, "source_susceptibility": 0.722, "buildings_at_risk": 0, "road_km_at_risk": 0.0}}, {"type": "Feature", "geometry": {"type": "LineString", "coordinates": [[75.704024, 12.692815], [75.703748, 12.692816], [75.703471, 12.692546], [75.703195, 12.692818], [75.702919, 12.692818], [75.702643, 12.69309], [75.702368, 12.693362], [75.702091, 12.693363], [75.702092, 12.693634], [75.701817, 12.693906], [75.701817, 12.694178], [75.701541, 12.694178], [75.701264, 12.693908]]}, "properties": {"length_m": 390.0, "drop_m": 148.9, "reach_angle_deg": 20.89, "max_velocity_ms": 19.6, "mean_velocity_ms": 11.3, "source_susceptibility": 0.68, "buildings_at_risk": 0, "road_km_at_risk": 0.0}}, {"type": "Feature", "geometry": {"type": "LineString", "coordinates": [[75.616239, 12.951826], [75.616239, 12.951555], [75.616238, 12.951284], [75.616237, 12.951012], [75.61596, 12.950742], [75.61596, 12.95047], [75.615682, 12.9502], [75.615682, 12.949929], [75.615404, 12.949658], [75.615127, 12.949387], [75.615127, 12.949116], [75.614849, 12.948845], [75.614849, 12.948574], [75.614848, 12.948303], [75.614571, 12.948032], [75.61457, 12.947761], [75.614569, 12.94749], [75.614569, 12.947218], [75.614568, 12.946947], [75.614567, 12.946676], [75.614567, 12.946405], [75.614289, 12.946134], [75.614289, 12.945863], [75.614012, 12.945592], [75.614011, 12.945321], [75.613734, 12.94505]]}, "properties": {"length_m": 780.0, "drop_m": 404.9, "reach_angle_deg": 27.43, "max_velocity_ms": 23.9, "mean_velocity_ms": 17.4, "source_susceptibility": 0.686, "buildings_at_risk": 0, "road_km_at_risk": 0.0}}, {"type": "Feature", "geometry": {"type": "LineString", "coordinates": [[75.465898, 12.409578], [75.466174, 12.409578], [75.46645, 12.409577], [75.466725, 12.409306], [75.467001, 12.409305], [75.467277, 12.409033]]}, "properties": {"length_m": 180.0, "drop_m": 26.7, "reach_angle_deg": 8.43, "max_velocity_ms": 14.4, "mean_velocity_ms": 9.2, "source_susceptibility": 0.73, "buildings_at_risk": 0, "road_km_at_risk": 0.0}}, {"type": "Feature", "geometry": {"type": "LineString", "coordinates": [[75.632681, 12.212834], [75.632957, 12.212833], [75.632681, 12.212562], [75.632404, 12.212292], [75.632404, 12.21202], [75.632127, 12.21175], [75.632402, 12.211478], [75.632402, 12.211207], [75.632401, 12.210935], [75.6324, 12.210664], [75.632124, 12.210393], [75.631847, 12.210123], [75.631571, 12.209852], [75.631295, 12.209581]]}, "properties": {"length_m": 420.0, "drop_m": 118.2, "reach_angle_deg": 15.72, "max_velocity_ms": 15.2, "mean_velocity_ms": 8.1, "source_susceptibility": 0.721, "buildings_at_risk": 0, "road_km_at_risk": 0.0}}, {"type": "Feature", "geometry": {"type": "LineString", "coordinates": [[75.703195, 12.692818], [75.702919, 12.692818], [75.702643, 12.69309], [75.702368, 12.693362], [75.702091, 12.693363], [75.702092, 12.693634], [75.701817, 12.693906], [75.701817, 12.694178], [75.701541, 12.694178], [75.701264, 12.693908]]}, "properties": {"length_m": 300.0, "drop_m": 101.9, "reach_angle_deg": 18.76, "max_velocity_ms": 14.3, "mean_velocity_ms": 9.3, "source_susceptibility": 0.706, "buildings_at_risk": 0, "road_km_at_risk": 0.0}}, {"type": "Feature", "geometry": {"type": "LineString", "coordinates": [[75.651122, 12.197599], [75.651121, 12.197328], [75.650845, 12.197057], [75.650844, 12.196786], [75.650843, 12.196514], [75.650567, 12.196244], [75.650566, 12.195973], [75.65029, 12.195702], [75.650289, 12.195431]]}, "properties": {"length_m": 270.0, "drop_m": 106.3, "reach_angle_deg": 21.49, "max_velocity_ms": 12.4, "mean_velocity_ms": 8.7, "source_susceptibility": 0.685, "buildings_at_risk": 0, "road_km_at_risk": 0.0}}, {"type": "Feature", "geometry": {"type": "LineString", "coordinates": [[75.582928, 12.412608], [75.582652, 12.412608], [75.582376, 12.412609], [75.5821, 12.412609], [75.581824, 12.41261], [75.581548, 12.412339], [75.581271, 12.412069], [75.580994, 12.411798], [75.580718, 12.411798], [75.580442, 12.411528], [75.580165, 12.411257], [75.579889, 12.411258], [75.579613, 12.411258], [75.579338, 12.41153], [75.579062, 12.411802], [75.578786, 12.411803], [75.57851, 12.411803], [75.578235, 12.412075], [75.577959, 12.412076], [75.577684, 12.412347], [75.577684, 12.412619], [75.577409, 12.412891], [75.577409, 12.413162], [75.57741, 12.413433], [75.577135, 12.413705]]}, "properties": {"length_m": 750.0, "drop_m": 334.2, "reach_angle_deg": 24.02, "max_velocity_ms": 24.6, "mean_velocity_ms": 17.4, "source_susceptibility": 0.77, "buildings_at_risk": 0, "road_km_at_risk": 0.0}}, {"type": "Feature", "geometry": {"type": "LineString", "coordinates": [[75.646558, 12.473229], [75.646557, 12.472958], [75.646556, 12.472687], [75.646556, 12.472416], [75.646555, 12.472144], [75.646278, 12.471874], [75.646278, 12.471602], [75.646277, 12.471331], [75.646001, 12.471332]]}, "properties": {"length_m": 270.0, "drop_m": 98.3, "reach_angle_deg": 20.0, "max_velocity_ms": 13.6, "mean_velocity_ms": 9.2, "source_susceptibility": 0.667, "buildings_at_risk": 0, "road_km_at_risk": 0.0}}, {"type": "Feature", "geometry": {"type": "LineString", "coordinates": [[75.643146, 12.20657], [75.64287, 12.206299], [75.642869, 12.206028], [75.642868, 12.205757], [75.642868, 12.205485], [75.642867, 12.205214], [75.642866, 12.204943], [75.642866, 12.204672], [75.642865, 12.2044], [75.64314, 12.204128], [75.642864, 12.203858], [75.642587, 12.203587], [75.642587, 12.203316], [75.642311, 12.203317], [75.64231, 12.203045], [75.642034, 12.203046], [75.642034, 12.202775]]}, "properties": {"length_m": 510.0, "drop_m": 209.5, "reach_angle_deg": 22.34, "max_velocity_ms": 19.5, "mean_velocity_ms": 12.1, "source_susceptibility": 0.728, "buildings_at_risk": 0, "road_km_at_risk": 0.0}}, {"type": "Feature", "geometry": {"type": "LineString", "coordinates": [[75.631729, 12.841925], [75.631728, 12.841654], [75.632004, 12.841382], [75.632003, 12.841111], [75.632002, 12.840839], [75.632002, 12.840568], [75.632001, 12.840297], [75.632277, 12.840025], [75.632276, 12.839754], [75.632276, 12.839482], [75.632275, 12.839211], [75.632551, 12.838939], [75.632826, 12.838667], [75.632826, 12.838396], [75.633101, 12.838124], [75.633101, 12.837853], [75.6331, 12.837582], [75.633099, 12.83731], [75.633099, 12.837039], [75.633098, 12.836768], [75.633097, 12.836497], [75.633097, 12.836225], [75.633096, 12.835954], [75.633095, 12.835683]]}, "properties": {"length_m": 720.0, "drop_m": 368.4, "reach_angle_deg": 27.1, "max_velocity_ms": 24.2, "mean_velocity_ms": 17.4, "source_susceptibility": 0.674, "buildings_at_risk": 0, "road_km_at_risk": 0.0}}, {"type": "Feature", "geometry": {"type": "LineString", "coordinates": [[75.608018, 12.281795], [75.608017, 12.281524], [75.608017, 12.281253], [75.60774, 12.280982], [75.607464, 12.280711], [75.607188, 12.280712]]}, "properties": {"length_m": 180.0, "drop_m": 47.6, "reach_angle_deg": 14.83, "max_velocity_ms": 16.6, "mean_velocity_ms": 10.6, "source_susceptibility": 0.696, "buildings_at_risk": 0, "road_km_at_risk": 0.0}}, {"type": "Feature", "geometry": {"type": "LineString", "coordinates": [[75.525361, 12.333239], [75.525085, 12.33324], [75.52481, 12.33324], [75.524534, 12.333241], [75.524258, 12.333241], [75.523982, 12.333513], [75.523706, 12.333513], [75.52343, 12.333514], [75.523155, 12.333515], [75.522879, 12.333515], [75.522603, 12.333516], [75.522327, 12.333787], [75.522051, 12.333788], [75.521776, 12.33406], [75.5215, 12.33406], [75.521224, 12.334061], [75.520948, 12.334061], [75.520673, 12.334333], [75.520397, 12.334334], [75.520121, 12.334334], [75.519845, 12.334335], [75.51957, 12.334606], [75.519294, 12.334878], [75.519018, 12.334879], [75.518743, 12.334879]]}, "properties": {"length_m": 750.0, "drop_m": 346.3, "reach_angle_deg": 24.79, "max_velocity_ms": 22.2, "mean_velocity_ms": 14.5, "source_susceptibility": 0.729, "buildings_at_risk": 0, "road_km_at_risk": 0.0}}, {"type": "Feature", "geometry": {"type": "LineString", "coordinates": [[75.504306, 12.432569], [75.504583, 12.43284], [75.504859, 12.432839], [75.505135, 12.43311], [75.505412, 12.433381], [75.505688, 12.43338], [75.505965, 12.433651], [75.506241, 12.433922], [75.506518, 12.434192], [75.506794, 12.434463], [75.507071, 12.434734], [75.507347, 12.434733], [75.507623, 12.434733]]}, "properties": {"length_m": 390.0, "drop_m": 221.1, "reach_angle_deg": 29.55, "max_velocity_ms": 19.8, "mean_velocity_ms": 14.9, "source_susceptibility": 0.729, "buildings_at_risk": 0, "road_km_at_risk": 0.0}}, {"type": "Feature", "geometry": {"type": "LineString", "coordinates": [[75.685531, 12.173372], [75.68553, 12.1731], [75.68553, 12.172829], [75.685529, 12.172558], [75.685252, 12.172287], [75.684976, 12.172017], [75.6847, 12.171746], [75.684699, 12.171475], [75.684422, 12.171204], [75.684422, 12.170933], [75.684145, 12.170662], [75.683869, 12.170392]]}, "properties": {"length_m": 360.0, "drop_m": 152.6, "reach_angle_deg": 22.97, "max_velocity_ms": 20.0, "mean_velocity_ms": 13.6, "source_susceptibility": 0.713, "buildings_at_risk": 0, "road_km_at_risk": 0.0}}, {"type": "Feature", "geometry": {"type": "LineString", "coordinates": [[75.649035, 12.470239], [75.648759, 12.47024], [75.648758, 12.469969], [75.648482, 12.469969], [75.648481, 12.469698], [75.648205, 12.469428], [75.647928, 12.469157], [75.647651, 12.468886], [75.647375, 12.468887], [75.647099, 12.468888], [75.646823, 12.468888], [75.646547, 12.468889], [75.646546, 12.468618]]}, "properties": {"length_m": 390.0, "drop_m": 133.7, "reach_angle_deg": 18.92, "max_velocity_ms": 14.3, "mean_velocity_ms": 8.3, "source_susceptibility": 0.724, "buildings_at_risk": 0, "road_km_at_risk": 0.0}}, {"type": "Feature", "geometry": {"type": "LineString", "coordinates": [[75.582437, 12.189885], [75.582161, 12.189615], [75.581885, 12.189615], [75.581609, 12.189616], [75.581334, 12.189616], [75.581058, 12.189617], [75.580782, 12.189618], [75.580506, 12.189347], [75.58023, 12.189347]]}, "properties": {"length_m": 270.0, "drop_m": 78.8, "reach_angle_deg": 16.27, "max_velocity_ms": 15.8, "mean_velocity_ms": 9.5, "source_susceptibility": 0.723, "buildings_at_risk": 0, "road_km_at_risk": 0.0}}, {"type": "Feature", "geometry": {"type": "LineString", "coordinates": [[75.704577, 12.692814], [75.7043, 12.692815], [75.704024, 12.692815], [75.703748, 12.692816], [75.703471, 12.692546], [75.703195, 12.692818], [75.702919, 12.692818], [75.702643, 12.69309], [75.702368, 12.693362], [75.702091, 12.693363], [75.702092, 12.693634], [75.701817, 12.693906], [75.701817, 12.694178], [75.701541, 12.694178], [75.701264, 12.693908]]}, "properties": {"length_m": 450.0, "drop_m": 192.1, "reach_angle_deg": 23.11, "max_velocity_ms": 19.6, "mean_velocity_ms": 12.1, "source_susceptibility": 0.709, "buildings_at_risk": 0, "road_km_at_risk": 0.0}}, {"type": "Feature", "geometry": {"type": "LineString", "coordinates": [[75.580525, 12.198028], [75.580525, 12.198299], [75.580526, 12.19857], [75.580527, 12.198842], [75.580527, 12.199113], [75.580528, 12.199384], [75.580804, 12.199655], [75.580805, 12.199926], [75.580805, 12.200198], [75.581082, 12.200468], [75.581082, 12.20074], [75.581083, 12.201011], [75.581083, 12.201282], [75.58136, 12.201553], [75.581636, 12.201824], [75.581912, 12.202094]]}, "properties": {"length_m": 480.0, "drop_m": 202.5, "reach_angle_deg": 22.87, "max_velocity_ms": 20.5, "mean_velocity_ms": 12.0, "source_susceptibility": 0.624, "buildings_at_risk": 0, "road_km_at_risk": 0.0}}, {"type": "Feature", "geometry": {"type": "LineString", "coordinates": [[75.655522, 12.192705], [75.655521, 12.192434], [75.655245, 12.192164], [75.654969, 12.191893], [75.654968, 12.191622], [75.654692, 12.191351], [75.654691, 12.19108], [75.654414, 12.190809], [75.654138, 12.190538], [75.653862, 12.190268], [75.653586, 12.190268], [75.65331, 12.190269], [75.653034, 12.19027], [75.652758, 12.189999]]}, "properties": {"length_m": 420.0, "drop_m": 211.2, "reach_angle_deg": 26.69, "max_velocity_ms": 18.5, "mean_velocity_ms": 13.9, "source_susceptibility": 0.635, "buildings_at_risk": 0, "road_km_at_risk": 0.0}}, {"type": "Feature", "geometry": {"type": "LineString", "coordinates": [[75.600962, 12.211277], [75.601237, 12.211005], [75.601512, 12.210733], [75.601787, 12.210461], [75.602063, 12.210189], [75.602338, 12.209918], [75.602613, 12.209646], [75.602889, 12.209645], [75.603164, 12.209373], [75.603439, 12.209101], [75.603714, 12.208829], [75.603714, 12.208558], [75.603989, 12.208286], [75.604264, 12.208014], [75.604263, 12.207743], [75.604539, 12.207471], [75.604262, 12.207201], [75.604537, 12.206929], [75.604537, 12.206657], [75.604536, 12.206386], [75.604535, 12.206115], [75.604811, 12.205843], [75.60481, 12.205572], [75.604809, 12.2053], [75.605085, 12.205028], [75.605084, 12.204757], [75.605083, 12.204486], [75.605083, 12.204215], [75.604806, 12.203944], [75.604806, 12.203673], [75.604805, 12.203401]]}, "properties": {"length_m": 930.0, "drop_m": 417.4, "reach_angle_deg": 24.17, "max_velocity_ms": 23.7, "mean_velocity_ms": 14.9, "source_susceptibility": 0.813, "buildings_at_risk": 0, "road_km_at_risk": 0.0}}, {"type": "Feature", "geometry": {"type": "LineString", "coordinates": [[75.756547, 12.128968], [75.756271, 12.128697], [75.75627, 12.128426], [75.756269, 12.128155], [75.756268, 12.127884]]}, "properties": {"length_m": 150.0, "drop_m": 27.1, "reach_angle_deg": 10.26, "max_velocity_ms": 13.5, "mean_velocity_ms": 9.4, "source_susceptibility": 0.63, "buildings_at_risk": 0, "road_km_at_risk": 0.0}}, {"type": "Feature", "geometry": {"type": "LineString", "coordinates": [[75.526066, 12.40974], [75.52579, 12.409469], [75.525513, 12.409198], [75.525237, 12.408927], [75.52496, 12.408657], [75.52496, 12.408385]]}, "properties": {"length_m": 180.0, "drop_m": 90.3, "reach_angle_deg": 26.64, "max_velocity_ms": 16.9, "mean_velocity_ms": 12.3, "source_susceptibility": 0.626, "buildings_at_risk": 0, "road_km_at_risk": 0.0}}, {"type": "Feature", "geometry": {"type": "LineString", "coordinates": [[75.590277, 12.849346], [75.590277, 12.849075], [75.590553, 12.849074], [75.590829, 12.848802], [75.591105, 12.84853]]}, "properties": {"length_m": 150.0, "drop_m": 17.4, "reach_angle_deg": 6.61, "max_velocity_ms": 8.3, "mean_velocity_ms": 7.1, "source_susceptibility": 0.641, "buildings_at_risk": 0, "road_km_at_risk": 0.0}}, {"type": "Feature", "geometry": {"type": "LineString", "coordinates": [[75.584919, 12.189609], [75.584918, 12.189338], [75.584642, 12.189067], [75.584365, 12.188796], [75.584089, 12.188525], [75.583813, 12.188255], [75.583536, 12.187984], [75.58326, 12.187713], [75.583259, 12.187442], [75.583259, 12.187171]]}, "properties": {"length_m": 300.0, "drop_m": 181.5, "reach_angle_deg": 31.18, "max_velocity_ms": 20.0, "mean_velocity_ms": 14.6, "source_susceptibility": 0.763, "buildings_at_risk": 0, "road_km_at_risk": 0.0}}, {"type": "Feature", "geometry": {"type": "LineString", "coordinates": [[75.5971, 12.210743], [75.596823, 12.210472], [75.596548, 12.210473], [75.596547, 12.210201], [75.596271, 12.209931], [75.595995, 12.209931], [75.595719, 12.209932], [75.595443, 12.209933], [75.595167, 12.209662], [75.594891, 12.209663], [75.594615, 12.209663], [75.594339, 12.209664], [75.594064, 12.209664], [75.593788, 12.209665], [75.593512, 12.209665], [75.593236, 12.209666], [75.592961, 12.209938], [75.592686, 12.21021], [75.59241, 12.21021], [75.592134, 12.210211]]}, "properties": {"length_m": 600.0, "drop_m": 223.8, "reach_angle_deg": 20.46, "max_velocity_ms": 22.9, "mean_velocity_ms": 13.4, "source_susceptibility": 0.705, "buildings_at_risk": 0, "road_km_at_risk": 0.0}}, {"type": "Feature", "geometry": {"type": "LineString", "coordinates": [[75.596099, 12.856115], [75.596375, 12.856114], [75.596652, 12.856113], [75.596928, 12.855841], [75.597204, 12.855841], [75.59748, 12.855569], [75.597757, 12.855568], [75.598032, 12.855296], [75.598309, 12.855296], [75.598585, 12.855024], [75.598861, 12.854752], [75.599136, 12.85448], [75.599412, 12.854208], [75.599412, 12.853937], [75.599411, 12.853666], [75.599687, 12.853394], [75.599686, 12.853122], [75.599409, 12.852852], [75.599132, 12.852581], [75.599408, 12.852309], [75.599683, 12.852037], [75.599959, 12.851765], [75.599959, 12.851494], [75.600234, 12.851222], [75.60051, 12.85095], [75.60051, 12.850679]]}, "properties": {"length_m": 780.0, "drop_m": 396.4, "reach_angle_deg": 26.94, "max_velocity_ms": 21.5, "mean_velocity_ms": 14.2, "source_susceptibility": 0.699, "buildings_at_risk": 0, "road_km_at_risk": 0.0}}, {"type": "Feature", "geometry": {"type": "LineString", "coordinates": [[75.66682, 12.189152], [75.666819, 12.18888], [75.666543, 12.18861], [75.666266, 12.188339], [75.666265, 12.188068], [75.66599, 12.188069], [75.665714, 12.188069], [75.665437, 12.187799], [75.665162, 12.187799], [75.664885, 12.187529], [75.664609, 12.187258], [75.664333, 12.187259], [75.664057, 12.186988], [75.664056, 12.186717], [75.66378, 12.186446], [75.663779, 12.186175], [75.664054, 12.185903], [75.663778, 12.185632], [75.663501, 12.185362], [75.663225, 12.185091], [75.663224, 12.18482], [75.662948, 12.184549], [75.662671, 12.184279], [75.66267, 12.184007], [75.662395, 12.184008], [75.66267, 12.183736]]}, "properties": {"length_m": 780.0, "drop_m": 364.1, "reach_angle_deg": 25.02, "max_velocity_ms": 20.2, "mean_velocity_ms": 13.1, "source_susceptibility": 0.723, "buildings_at_risk": 0, "road_km_at_risk": 0.0}}, {"type": "Feature", "geometry": {"type": "LineString", "coordinates": [[75.5803, 12.221359], [75.580024, 12.221359], [75.579748, 12.22136], [75.579472, 12.221361], [75.579196, 12.22109], [75.57892, 12.22109], [75.578644, 12.221091], [75.578369, 12.221092], [75.578093, 12.221092], [75.577817, 12.221093], [75.577541, 12.221093], [75.577265, 12.221094], [75.57699, 12.221095], [75.576714, 12.221366], [75.576439, 12.221367], [75.576163, 12.221368], [75.575888, 12.221639], [75.575612, 12.221911]]}, "properties": {"length_m": 540.0, "drop_m": 267.6, "reach_angle_deg": 26.36, "max_velocity_ms": 23.2, "mean_velocity_ms": 17.1, "source_susceptibility": 0.744, "buildings_at_risk": 0, "road_km_at_risk": 0.0}}, {"type": "Feature", "geometry": {"type": "LineString", "coordinates": [[75.593607, 12.854493], [75.593606, 12.854221], [75.593606, 12.85395], [75.593605, 12.853679], [75.593604, 12.853408], [75.593604, 12.853136], [75.59388, 12.852864], [75.594155, 12.852592], [75.594155, 12.852321], [75.594154, 12.85205], [75.59443, 12.851778], [75.594706, 12.851506], [75.594705, 12.851235], [75.594704, 12.850964], [75.594704, 12.850692], [75.594427, 12.850422], [75.594426, 12.85015], [75.594702, 12.849879], [75.594978, 12.849607], [75.595254, 12.849335], [75.595529, 12.849063], [75.595529, 12.848792], [75.595805, 12.84852], [75.59608, 12.848248], [75.596357, 12.848247], [75.596633, 12.847975], [75.596909, 12.847703], [75.597185, 12.847703], [75.597461, 12.847431], [75.597737, 12.847159], [75.598012, 12.846887], [75.598289, 12.846886]]}, "properties": {"length_m": 960.0, "drop_m": 483.9, "reach_angle_deg": 26.75, "max_velocity_ms": 20.6, "mean_velocity_ms": 14.5, "source_susceptibility": 0.721, "buildings_at_risk": 0, "road_km_at_risk": 0.0}}, {"type": "Feature", "geometry": {"type": "LineString", "coordinates": [[75.656203, 12.466695], [75.656203, 12.466424], [75.655926, 12.466154], [75.655925, 12.465882], [75.655925, 12.465611], [75.655924, 12.46534], [75.655923, 12.465068], [75.655646, 12.464798], [75.655646, 12.464527], [75.655369, 12.464256], [75.655644, 12.463984], [75.655644, 12.463713]]}, "properties": {"length_m": 360.0, "drop_m": 167.8, "reach_angle_deg": 24.99, "max_velocity_ms": 25.9, "mean_velocity_ms": 16.0, "source_susceptibility": 0.667, "buildings_at_risk": 0, "road_km_at_risk": 0.0}}, {"type": "Feature", "geometry": {"type": "LineString", "coordinates": [[75.688149, 12.645656], [75.688148, 12.645385], [75.688147, 12.645113], [75.688147, 12.644842], [75.688146, 12.644571], [75.688145, 12.6443], [75.687868, 12.644029], [75.687591, 12.643759], [75.687591, 12.643487], [75.687314, 12.643217], [75.687037, 12.642946], [75.68676, 12.642947], [75.686484, 12.642948], [75.686207, 12.642677], [75.68593, 12.642406], [75.685654, 12.642407], [75.685378, 12.642408], [75.685377, 12.642137]]}, "properties": {"length_m": 540.0, "drop_m": 190.3, "reach_angle_deg": 19.41, "max_velocity_ms": 15.0, "mean_velocity_ms": 9.0, "source_susceptibility": 0.625, "buildings_at_risk": 0, "road_km_at_risk": 0.0}}, {"type": "Feature", "geometry": {"type": "LineString", "coordinates": [[75.644247, 12.205754], [75.644247, 12.205482], [75.64397, 12.205212], [75.643969, 12.20494], [75.643693, 12.20467], [75.643417, 12.204399], [75.64314, 12.204128], [75.642864, 12.203858], [75.642587, 12.203587], [75.642587, 12.203316], [75.642311, 12.203317], [75.64231, 12.203045], [75.642034, 12.203046], [75.642034, 12.202775]]}, "properties": {"length_m": 420.0, "drop_m": 171.0, "reach_angle_deg": 22.16, "max_velocity_ms": 21.6, "mean_velocity_ms": 11.9, "source_susceptibility": 0.65, "buildings_at_risk": 0, "road_km_at_risk": 0.0}}, {"type": "Feature", "geometry": {"type": "LineString", "coordinates": [[75.576653, 12.192882], [75.576378, 12.193153], [75.576102, 12.193154], [75.575826, 12.193155], [75.57555, 12.193155], [75.575274, 12.193156], [75.574999, 12.193428], [75.574723, 12.193157], [75.574447, 12.193158], [75.574171, 12.193158], [75.573895, 12.192887], [75.573619, 12.192888], [75.573344, 12.192889], [75.573068, 12.192889], [75.572793, 12.193161], [75.572517, 12.193162], [75.572241, 12.193162], [75.571965, 12.193163]]}, "properties": {"length_m": 540.0, "drop_m": 245.0, "reach_angle_deg": 24.41, "max_velocity_ms": 20.8, "mean_velocity_ms": 15.0, "source_susceptibility": 0.679, "buildings_at_risk": 0, "road_km_at_risk": 0.0}}, {"type": "Feature", "geometry": {"type": "LineString", "coordinates": [[75.571104, 12.305747], [75.571104, 12.305476], [75.57138, 12.305476], [75.571655, 12.305204], [75.571931, 12.305203], [75.572206, 12.304931], [75.572482, 12.304931], [75.572758, 12.30493], [75.572757, 12.304659], [75.573032, 12.304387], [75.573308, 12.304115], [75.573307, 12.303844]]}, "properties": {"length_m": 360.0, "drop_m": 112.4, "reach_angle_deg": 17.34, "max_velocity_ms": 14.3, "mean_velocity_ms": 8.6, "source_susceptibility": 0.728, "buildings_at_risk": 0, "road_km_at_risk": 0.0}}, {"type": "Feature", "geometry": {"type": "LineString", "coordinates": [[75.605459, 12.954564], [75.605182, 12.954293], [75.605182, 12.954022], [75.605181, 12.953751], [75.60518, 12.95348], [75.604903, 12.953209], [75.605179, 12.952937], [75.605455, 12.952665], [75.605731, 12.952393], [75.60573, 12.952122], [75.606006, 12.95185]]}, "properties": {"length_m": 330.0, "drop_m": 128.1, "reach_angle_deg": 21.22, "max_velocity_ms": 20.8, "mean_velocity_ms": 12.8, "source_susceptibility": 0.637, "buildings_at_risk": 0, "road_km_at_risk": 0.0}}, {"type": "Feature", "geometry": {"type": "LineString", "coordinates": [[75.512699, 12.348455], [75.512698, 12.348184], [75.512422, 12.347913], [75.512145, 12.347642], [75.512145, 12.347371], [75.511868, 12.3471], [75.511592, 12.346829], [75.511315, 12.346559], [75.511039, 12.346288], [75.510762, 12.346017], [75.510486, 12.345746], [75.51021, 12.345747], [75.509934, 12.345476]]}, "properties": {"length_m": 390.0, "drop_m": 218.8, "reach_angle_deg": 29.3, "max_velocity_ms": 20.6, "mean_velocity_ms": 15.4, "source_susceptibility": 0.758, "buildings_at_risk": 0, "road_km_at_risk": 0.0}}, {"type": "Feature", "geometry": {"type": "LineString", "coordinates": [[75.590215, 12.215098], [75.59049, 12.214826], [75.590489, 12.214555], [75.590489, 12.214284], [75.590764, 12.214012], [75.590763, 12.213741], [75.590763, 12.213469], [75.590762, 12.213198], [75.590761, 12.212927], [75.591037, 12.212655], [75.591036, 12.212384], [75.591035, 12.212112], [75.591035, 12.211841], [75.591034, 12.21157], [75.591034, 12.211299], [75.590757, 12.211028], [75.590481, 12.211028], [75.590205, 12.210758], [75.589929, 12.210487], [75.589928, 12.210216], [75.589927, 12.209944], [75.589652, 12.209945], [75.589376, 12.209946], [75.5891, 12.209946], [75.5891, 12.209675], [75.588823, 12.209404], [75.588823, 12.209133], [75.588547, 12.209134], [75.588271, 12.209134], [75.58827, 12.208863]]}, "properties": {"length_m": 900.0, "drop_m": 342.0, "reach_angle_deg": 20.81, "max_velocity_ms": 24.4, "mean_velocity_ms": 13.3, "source_susceptibility": 0.636, "buildings_at_risk": 0, "road_km_at_risk": 0.0}}, {"type": "Feature", "geometry": {"type": "LineString", "coordinates": [[75.602341, 12.211274], [75.602616, 12.211002], [75.602615, 12.210731], [75.602615, 12.21046], [75.60289, 12.210188], [75.602614, 12.209917], [75.602889, 12.209645], [75.603164, 12.209373], [75.603439, 12.209101], [75.603714, 12.208829], [75.603714, 12.208558], [75.603989, 12.208286], [75.604264, 12.208014], [75.604263, 12.207743], [75.604539, 12.207471], [75.604262, 12.207201], [75.604537, 12.206929], [75.604537, 12.206657], [75.604536, 12.206386], [75.604535, 12.206115], [75.604811, 12.205843], [75.60481, 12.205572], [75.604809, 12.2053], [75.605085, 12.205028], [75.605084, 12.204757], [75.605083, 12.204486], [75.605083, 12.204215], [75.604806, 12.203944], [75.604806, 12.203673], [75.604805, 12.203401]]}, "properties": {"length_m": 900.0, "drop_m": 377.5, "reach_angle_deg": 22.75, "max_velocity_ms": 21.4, "mean_velocity_ms": 14.8, "source_susceptibility": 0.622, "buildings_at_risk": 0, "road_km_at_risk": 0.0}}, {"type": "Feature", "geometry": {"type": "LineString", "coordinates": [[75.684984, 12.175272], [75.684708, 12.175001], [75.684432, 12.175002], [75.684156, 12.175003], [75.683881, 12.175003], [75.683605, 12.175004], [75.683329, 12.174733], [75.683052, 12.174463], [75.682776, 12.174463], [75.6825, 12.174193], [75.682224, 12.174194], [75.681948, 12.174194], [75.681673, 12.174195], [75.681397, 12.174196], [75.681122, 12.174468], [75.680846, 12.174468], [75.68057, 12.174469], [75.680295, 12.17447], [75.680019, 12.17447], [75.679743, 12.174471], [75.679742, 12.1742]]}, "properties": {"length_m": 630.0, "drop_m": 235.2, "reach_angle_deg": 20.47, "max_velocity_ms": 21.1, "mean_velocity_ms": 12.9, "source_susceptibility": 0.913, "buildings_at_risk": 0, "road_km_at_risk": 0.0}}, {"type": "Feature", "geometry": {"type": "LineString", "coordinates": [[75.55229, 12.280014], [75.552014, 12.280015], [75.551738, 12.280015], [75.551463, 12.280016], [75.551187, 12.280016], [75.550911, 12.280017], [75.550635, 12.280017], [75.550359, 12.280018], [75.550084, 12.28029], [75.549808, 12.28029], [75.549532, 12.280291], [75.549256, 12.280292], [75.54898, 12.280021], [75.548704, 12.280021], [75.548427, 12.279751], [75.548151, 12.27948], [75.54815, 12.279209], [75.547874, 12.278938], [75.547598, 12.278667], [75.547597, 12.278396], [75.547597, 12.278125], [75.547596, 12.277853], [75.547595, 12.277582]]}, "properties": {"length_m": 690.0, "drop_m": 244.3, "reach_angle_deg": 19.5, "max_velocity_ms": 20.9, "mean_velocity_ms": 13.2, "source_susceptibility": 0.674, "buildings_at_risk": 0, "road_km_at_risk": 0.0}}, {"type": "Feature", "geometry": {"type": "LineString", "coordinates": [[75.608296, 12.28288], [75.608296, 12.282608], [75.608295, 12.282337], [75.608295, 12.282066], [75.608294, 12.281794], [75.608017, 12.281524], [75.608017, 12.281253], [75.60774, 12.280982], [75.607464, 12.280711], [75.607188, 12.280712]]}, "properties": {"length_m": 300.0, "drop_m": 116.2, "reach_angle_deg": 21.18, "max_velocity_ms": 15.4, "mean_velocity_ms": 11.5, "source_susceptibility": 0.637, "buildings_at_risk": 0, "road_km_at_risk": 0.0}}, {"type": "Feature", "geometry": {"type": "LineString", "coordinates": [[75.689022, 12.662201], [75.689298, 12.662201], [75.689574, 12.6622], [75.689851, 12.662199], [75.690127, 12.662198], [75.690404, 12.662469], [75.690679, 12.662197], [75.690956, 12.662196], [75.691232, 12.662195], [75.691508, 12.662195], [75.691785, 12.662194], [75.692061, 12.662193], [75.692336, 12.661921], [75.692613, 12.661921]]}, "properties": {"length_m": 420.0, "drop_m": 214.2, "reach_angle_deg": 27.02, "max_velocity_ms": 22.6, "mean_velocity_ms": 16.1, "source_susceptibility": 0.774, "buildings_at_risk": 0, "road_km_at_risk": 0.0}}, {"type": "Feature", "geometry": {"type": "LineString", "coordinates": [[75.668015, 12.657914], [75.668014, 12.657643], [75.66829, 12.657371], [75.668289, 12.6571], [75.668288, 12.656829], [75.668288, 12.656557], [75.668011, 12.656287], [75.66801, 12.656016], [75.667733, 12.655745]]}, "properties": {"length_m": 270.0, "drop_m": 91.7, "reach_angle_deg": 18.75, "max_velocity_ms": 11.6, "mean_velocity_ms": 8.9, "source_susceptibility": 0.698, "buildings_at_risk": 0, "road_km_at_risk": 0.0}}, {"type": "Feature", "geometry": {"type": "LineString", "coordinates": [[75.685807, 12.173642], [75.685807, 12.173371], [75.68553, 12.1731], [75.68553, 12.172829], [75.685529, 12.172558], [75.685252, 12.172287], [75.684976, 12.172017], [75.6847, 12.171746], [75.684699, 12.171475], [75.684422, 12.171204], [75.684422, 12.170933], [75.684145, 12.170662], [75.683869, 12.170392]]}, "properties": {"length_m": 390.0, "drop_m": 170.5, "reach_angle_deg": 23.61, "max_velocity_ms": 18.3, "mean_velocity_ms": 13.5, "source_susceptibility": 0.762, "buildings_at_risk": 0, "road_km_at_risk": 0.0}}, {"type": "Feature", "geometry": {"type": "LineString", "coordinates": [[75.504578, 12.430127], [75.504854, 12.430126], [75.50513, 12.430126], [75.505405, 12.429854], [75.505681, 12.429853], [75.505957, 12.429853], [75.506233, 12.429852], [75.506509, 12.429852], [75.506785, 12.429851], [75.507061, 12.429851], [75.507337, 12.42985], [75.507613, 12.42985], [75.50789, 12.430121], [75.508166, 12.43012], [75.508442, 12.43012], [75.508717, 12.429848]]}, "properties": {"length_m": 480.0, "drop_m": 189.6, "reach_angle_deg": 21.55, "max_velocity_ms": 16.5, "mean_velocity_ms": 10.5, "source_susceptibility": 0.667, "buildings_at_risk": 0, "road_km_at_risk": 0.0}}, {"type": "Feature", "geometry": {"type": "LineString", "coordinates": [[75.600963, 12.21182], [75.600963, 12.211548], [75.601238, 12.211276], [75.601237, 12.211005], [75.601512, 12.210733], [75.601787, 12.210461], [75.602063, 12.210189], [75.602338, 12.209918], [75.602613, 12.209646], [75.602889, 12.209645], [75.603164, 12.209373], [75.603439, 12.209101], [75.603714, 12.208829], [75.603714, 12.208558], [75.603989, 12.208286], [75.604264, 12.208014], [75.604263, 12.207743], [75.604539, 12.207471], [75.604262, 12.207201], [75.604537, 12.206929], [75.604537, 12.206657], [75.604536, 12.206386], [75.604535, 12.206115], [75.604811, 12.205843], [75.60481, 12.205572], [75.604809, 12.2053], [75.605085, 12.205028], [75.605084, 12.204757], [75.605083, 12.204486], [75.605083, 12.204215], [75.604806, 12.203944], [75.604806, 12.203673], [75.604805, 12.203401]]}, "properties": {"length_m": 990.0, "drop_m": 454.8, "reach_angle_deg": 24.67, "max_velocity_ms": 24.5, "mean_velocity_ms": 15.4, "source_susceptibility": 0.734, "buildings_at_risk": 0, "road_km_at_risk": 0.0}}, {"type": "Feature", "geometry": {"type": "LineString", "coordinates": [[75.639562, 12.207121], [75.639286, 12.20685], [75.63901, 12.206851], [75.638734, 12.206851], [75.638458, 12.206852], [75.638183, 12.206853], [75.638182, 12.206581], [75.637907, 12.206853], [75.637631, 12.206854]]}, "properties": {"length_m": 270.0, "drop_m": 73.0, "reach_angle_deg": 15.12, "max_velocity_ms": 18.5, "mean_velocity_ms": 10.0, "source_susceptibility": 0.715, "buildings_at_risk": 0, "road_km_at_risk": 0.0}}, {"type": "Feature", "geometry": {"type": "LineString", "coordinates": [[75.660758, 12.191337], [75.661033, 12.191065], [75.660757, 12.190794], [75.660756, 12.190523], [75.660756, 12.190251], [75.660755, 12.18998], [75.660754, 12.189709], [75.660754, 12.189438], [75.660753, 12.189166], [75.660477, 12.188896], [75.660476, 12.188624], [75.660475, 12.188353]]}, "properties": {"length_m": 360.0, "drop_m": 147.3, "reach_angle_deg": 22.25, "max_velocity_ms": 15.2, "mean_velocity_ms": 9.1, "source_susceptibility": 0.631, "buildings_at_risk": 0, "road_km_at_risk": 0.0}}, {"type": "Feature", "geometry": {"type": "LineString", "coordinates": [[75.614483, 12.214503], [75.614758, 12.214231], [75.615034, 12.21423], [75.615309, 12.213958], [75.615585, 12.213958], [75.61586, 12.213686], [75.616136, 12.213685], [75.616411, 12.213413], [75.616687, 12.213413], [75.616963, 12.213412], [75.617238, 12.21314], [75.617513, 12.212868], [75.617788, 12.212596], [75.618063, 12.212324], [75.618339, 12.212324], [75.618338, 12.212052]]}, "properties": {"length_m": 480.0, "drop_m": 290.6, "reach_angle_deg": 31.19, "max_velocity_ms": 21.1, "mean_velocity_ms": 17.3, "source_susceptibility": 0.771, "buildings_at_risk": 0, "road_km_at_risk": 0.0}}, {"type": "Feature", "geometry": {"type": "LineString", "coordinates": [[75.698458, 12.160589], [75.698182, 12.16059], [75.697905, 12.160319], [75.697629, 12.160049], [75.697628, 12.159777], [75.697628, 12.159506], [75.697627, 12.159235], [75.697626, 12.158963], [75.69735, 12.158964], [75.69735, 12.158693], [75.697074, 12.158694], [75.696798, 12.158423], [75.696521, 12.158152], [75.696245, 12.158153], [75.69597, 12.158154], [75.695694, 12.158154], [75.695418, 12.158155], [75.695142, 12.158156], [75.694867, 12.158157], [75.694591, 12.158157]]}, "properties": {"length_m": 600.0, "drop_m": 168.0, "reach_angle_deg": 15.64, "max_velocity_ms": 18.5, "mean_velocity_ms": 11.2, "source_susceptibility": 0.646, "buildings_at_risk": 0, "road_km_at_risk": 0.0}}, {"type": "Feature", "geometry": {"type": "LineString", "coordinates": [[75.582376, 12.412609], [75.5821, 12.412609], [75.581824, 12.41261], [75.581548, 12.412339], [75.581271, 12.412069], [75.580994, 12.411798], [75.580718, 12.411798], [75.580442, 12.411528], [75.580165, 12.411257], [75.579889, 12.411258], [75.579613, 12.411258], [75.579338, 12.41153], [75.579062, 12.411802], [75.578786, 12.411803], [75.57851, 12.411803], [75.578235, 12.412075], [75.577959, 12.412076], [75.577684, 12.412347], [75.577684, 12.412619], [75.577409, 12.412891], [75.577409, 12.413162], [75.57741, 12.413433], [75.577135, 12.413705]]}, "properties": {"length_m": 690.0, "drop_m": 304.6, "reach_angle_deg": 23.82, "max_velocity_ms": 24.6, "mean_velocity_ms": 17.4, "source_susceptibility": 0.642, "buildings_at_risk": 0, "road_km_at_risk": 0.0}}, {"type": "Feature", "geometry": {"type": "LineString", "coordinates": [[75.582652, 12.412608], [75.582376, 12.412609], [75.5821, 12.412609], [75.581824, 12.41261], [75.581548, 12.412339], [75.581271, 12.412069], [75.580994, 12.411798], [75.580718, 12.411798], [75.580442, 12.411528], [75.580165, 12.411257], [75.579889, 12.411258], [75.579613, 12.411258], [75.579338, 12.41153], [75.579062, 12.411802], [75.578786, 12.411803], [75.57851, 12.411803], [75.578235, 12.412075], [75.577959, 12.412076], [75.577684, 12.412347], [75.577684, 12.412619], [75.577409, 12.412891], [75.577409, 12.413162], [75.57741, 12.413433], [75.577135, 12.413705]]}, "properties": {"length_m": 720.0, "drop_m": 319.4, "reach_angle_deg": 23.92, "max_velocity_ms": 24.6, "mean_velocity_ms": 17.4, "source_susceptibility": 0.743, "buildings_at_risk": 0, "road_km_at_risk": 0.0}}, {"type": "Feature", "geometry": {"type": "LineString", "coordinates": [[75.649507, 12.21388], [75.649506, 12.213608], [75.649781, 12.213336], [75.650056, 12.213064]]}, "properties": {"length_m": 120.0, "drop_m": 25.0, "reach_angle_deg": 11.79, "max_velocity_ms": 14.5, "mean_velocity_ms": 9.1, "source_susceptibility": 0.808, "buildings_at_risk": 0, "road_km_at_risk": 0.0}}, {"type": "Feature", "geometry": {"type": "LineString", "coordinates": [[75.394424, 12.416474], [75.3947, 12.416745], [75.394701, 12.417016], [75.394977, 12.417287], [75.394977, 12.417558], [75.394978, 12.41783], [75.394702, 12.418101], [75.394979, 12.418372], [75.395255, 12.418643], [75.395531, 12.418643], [75.395808, 12.418914], [75.396084, 12.418913], [75.39636, 12.419184], [75.396636, 12.419455], [75.396913, 12.419726], [75.396913, 12.419997], [75.396914, 12.420268], [75.396638, 12.42054], [75.396362, 12.420812], [75.396363, 12.421083], [75.396363, 12.421354]]}, "properties": {"length_m": 630.0, "drop_m": 257.9, "reach_angle_deg": 22.26, "max_velocity_ms": 23.5, "mean_velocity_ms": 14.0, "source_susceptibility": 0.642, "buildings_at_risk": 0, "road_km_at_risk": 0.0}}, {"type": "Feature", "geometry": {"type": "LineString", "coordinates": [[75.589067, 12.195026], [75.589343, 12.195025], [75.589619, 12.195296], [75.589895, 12.195295], [75.590171, 12.195566], [75.590447, 12.195565], [75.590724, 12.195836], [75.590999, 12.195835], [75.591276, 12.196106], [75.591551, 12.196105], [75.591828, 12.196376], [75.592104, 12.196376], [75.59238, 12.196646], [75.592381, 12.196918], [75.592657, 12.197188], [75.592933, 12.197188], [75.593209, 12.197187], [75.593484, 12.197186], [75.593759, 12.196915], [75.594035, 12.196914], [75.59431, 12.196642], [75.594586, 12.196642], [75.594861, 12.19637]]}, "properties": {"length_m": 690.0, "drop_m": 325.9, "reach_angle_deg": 25.28, "max_velocity_ms": 21.0, "mean_velocity_ms": 15.7, "source_susceptibility": 0.671, "buildings_at_risk": 0, "road_km_at_risk": 0.0}}, {"type": "Feature", "geometry": {"type": "LineString", "coordinates": [[75.68318, 12.647025], [75.683179, 12.646754], [75.682902, 12.646483], [75.682625, 12.646213], [75.682348, 12.645942], [75.682348, 12.645671], [75.682071, 12.6454], [75.681794, 12.64513], [75.681518, 12.64513], [75.681241, 12.645131], [75.680964, 12.644861], [75.680688, 12.644861], [75.680412, 12.644862], [75.680136, 12.644863], [75.679859, 12.644592], [75.679582, 12.644593], [75.679306, 12.644594], [75.67903, 12.644594], [75.678754, 12.644595], [75.678478, 12.644596], [75.678201, 12.644596]]}, "properties": {"length_m": 630.0, "drop_m": 251.1, "reach_angle_deg": 21.73, "max_velocity_ms": 22.5, "mean_velocity_ms": 13.1, "source_susceptibility": 0.686, "buildings_at_risk": 0, "road_km_at_risk": 0.0}}, {"type": "Feature", "geometry": {"type": "LineString", "coordinates": [[75.609329, 12.839265], [75.609052, 12.838995], [75.608775, 12.838724], [75.608498, 12.838454], [75.608222, 12.838725], [75.607945, 12.838455], [75.607669, 12.838727], [75.607393, 12.838727]]}, "properties": {"length_m": 240.0, "drop_m": 78.8, "reach_angle_deg": 18.17, "max_velocity_ms": 11.2, "mean_velocity_ms": 6.6, "source_susceptibility": 0.74, "buildings_at_risk": 0, "road_km_at_risk": 0.0}}, {"type": "Feature", "geometry": {"type": "LineString", "coordinates": [[75.583879, 12.218367], [75.583878, 12.218096], [75.583877, 12.217825], [75.583877, 12.217553], [75.583876, 12.217282], [75.583876, 12.217011], [75.583875, 12.216739], [75.583599, 12.216469], [75.583598, 12.216197], [75.583597, 12.215926], [75.583597, 12.215655], [75.58332, 12.215384], [75.58332, 12.215113], [75.583319, 12.214842], [75.583319, 12.21457], [75.583042, 12.2143], [75.583042, 12.214028], [75.582765, 12.213758], [75.582765, 12.213486], [75.582488, 12.213216], [75.582488, 12.212944], [75.582487, 12.212673], [75.582487, 12.212402], [75.582486, 12.212131], [75.58221, 12.21186], [75.582209, 12.211589]]}, "properties": {"length_m": 780.0, "drop_m": 336.4, "reach_angle_deg": 23.33, "max_velocity_ms": 27.7, "mean_velocity_ms": 15.3, "source_susceptibility": 0.638, "buildings_at_risk": 0, "road_km_at_risk": 0.0}}, {"type": "Feature", "geometry": {"type": "LineString", "coordinates": [[75.583603, 12.218639], [75.583879, 12.218367], [75.583878, 12.218096], [75.583877, 12.217825], [75.583877, 12.217553], [75.583876, 12.217282], [75.583876, 12.217011], [75.583875, 12.216739], [75.583599, 12.216469], [75.583598, 12.216197], [75.583597, 12.215926], [75.583597, 12.215655], [75.58332, 12.215384], [75.58332, 12.215113], [75.583319, 12.214842], [75.583319, 12.21457], [75.583042, 12.2143], [75.583042, 12.214028], [75.582765, 12.213758], [75.582765, 12.213486], [75.582488, 12.213216], [75.582488, 12.212944], [75.582487, 12.212673], [75.582487, 12.212402], [75.582486, 12.212131], [75.58221, 12.21186], [75.582209, 12.211589]]}, "properties": {"length_m": 810.0, "drop_m": 355.6, "reach_angle_deg": 23.7, "max_velocity_ms": 27.7, "mean_velocity_ms": 15.6, "source_susceptibility": 0.765, "buildings_at_risk": 0, "road_km_at_risk": 0.0}}, {"type": "Feature", "geometry": {"type": "LineString", "coordinates": [[75.642872, 12.207384], [75.642872, 12.207113], [75.642871, 12.206842], [75.64287, 12.206571], [75.64287, 12.206299], [75.642869, 12.206028], [75.642868, 12.205757], [75.642868, 12.205485], [75.642867, 12.205214], [75.642866, 12.204943], [75.642866, 12.204672], [75.642865, 12.2044], [75.64314, 12.204128], [75.642864, 12.203858], [75.642587, 12.203587], [75.642587, 12.203316], [75.642311, 12.203317], [75.64231, 12.203045], [75.642034, 12.203046], [75.642034, 12.202775]]}, "properties": {"length_m": 600.0, "drop_m": 260.9, "reach_angle_deg": 23.5, "max_velocity_ms": 22.3, "mean_velocity_ms": 13.2, "source_susceptibility": 0.852, "buildings_at_risk": 0, "road_km_at_risk": 0.0}}, {"type": "Feature", "geometry": {"type": "LineString", "coordinates": [[75.666941, 12.455547], [75.66694, 12.455276], [75.667216, 12.455004], [75.667215, 12.454732], [75.666939, 12.454733], [75.667214, 12.454461], [75.667213, 12.45419]]}, "properties": {"length_m": 210.0, "drop_m": 43.2, "reach_angle_deg": 11.62, "max_velocity_ms": 18.0, "mean_velocity_ms": 13.3, "source_susceptibility": 0.715, "buildings_at_risk": 0, "road_km_at_risk": 0.0}}, {"type": "Feature", "geometry": {"type": "LineString", "coordinates": [[75.647935, 12.47187], [75.647658, 12.471599], [75.647381, 12.471328], [75.64738, 12.471057], [75.64738, 12.470786], [75.647103, 12.470515], [75.647102, 12.470244], [75.646826, 12.469973], [75.646549, 12.469703], [75.646548, 12.469431], [75.646548, 12.46916], [75.646547, 12.468889], [75.646546, 12.468618]]}, "properties": {"length_m": 390.0, "drop_m": 179.2, "reach_angle_deg": 24.68, "max_velocity_ms": 11.0, "mean_velocity_ms": 7.8, "source_susceptibility": 0.7, "buildings_at_risk": 0, "road_km_at_risk": 0.0}}, {"type": "Feature", "geometry": {"type": "LineString", "coordinates": [[75.638187, 12.20848], [75.637911, 12.208481], [75.637634, 12.20821], [75.637634, 12.207939], [75.637357, 12.207669], [75.637357, 12.207397]]}, "properties": {"length_m": 180.0, "drop_m": 65.1, "reach_angle_deg": 19.9, "max_velocity_ms": 15.2, "mean_velocity_ms": 11.4, "source_susceptibility": 0.638, "buildings_at_risk": 0, "road_km_at_risk": 0.0}}, {"type": "Feature", "geometry": {"type": "LineString", "coordinates": [[75.572206, 12.304931], [75.572482, 12.304931], [75.572758, 12.30493], [75.572757, 12.304659], [75.573032, 12.304387], [75.573308, 12.304115], [75.573307, 12.303844]]}, "properties": {"length_m": 210.0, "drop_m": 41.8, "reach_angle_deg": 11.25, "max_velocity_ms": 14.3, "mean_velocity_ms": 8.9, "source_susceptibility": 0.706, "buildings_at_risk": 0, "road_km_at_risk": 0.0}}, {"type": "Feature", "geometry": {"type": "LineString", "coordinates": [[75.506482, 12.974578], [75.506206, 12.974579], [75.505929, 12.974579], [75.505652, 12.974308], [75.505375, 12.974309], [75.505099, 12.97431], [75.504822, 12.974039], [75.504545, 12.974039], [75.504545, 12.973768], [75.504268, 12.973769], [75.503991, 12.973498], [75.503714, 12.973498], [75.503438, 12.973499], [75.50316, 12.973228]]}, "properties": {"length_m": 420.0, "drop_m": 141.3, "reach_angle_deg": 18.59, "max_velocity_ms": 19.4, "mean_velocity_ms": 12.1, "source_susceptibility": 0.644, "buildings_at_risk": 0, "road_km_at_risk": 0.0}}, {"type": "Feature", "geometry": {"type": "LineString", "coordinates": [[75.533072, 12.325899], [75.532796, 12.325629], [75.532795, 12.325357], [75.533071, 12.325085], [75.53307, 12.324814], [75.532794, 12.324543]]}, "properties": {"length_m": 180.0, "drop_m": 56.5, "reach_angle_deg": 17.43, "max_velocity_ms": 12.3, "mean_velocity_ms": 6.7, "source_susceptibility": 0.681, "buildings_at_risk": 0, "road_km_at_risk": 0.0}}, {"type": "Feature", "geometry": {"type": "LineString", "coordinates": [[75.586786, 12.409886], [75.587061, 12.409615], [75.587061, 12.409343], [75.58706, 12.409072], [75.58706, 12.408801], [75.586783, 12.40853], [75.586507, 12.408531], [75.58623, 12.40826], [75.585954, 12.408261], [75.585678, 12.408261], [75.585403, 12.408533], [75.585127, 12.408534], [75.584851, 12.408534], [75.584575, 12.408535], [75.5843, 12.408807], [75.584024, 12.409079], [75.583748, 12.409079], [75.583473, 12.409351], [75.583198, 12.409623], [75.582922, 12.409623], [75.582646, 12.409895], [75.58237, 12.409896], [75.582095, 12.410168], [75.581819, 12.410168], [75.581543, 12.410169], [75.581267, 12.410441], [75.580991, 12.410441], [75.580716, 12.410713], [75.58044, 12.410714], [75.580165, 12.410986], [75.579889, 12.411258], [75.579613, 12.411258], [75.579338, 12.41153], [75.579062, 12.411802], [75.578786, 12.411803], [75.57851, 12.411803], [75.578235, 12.412075], [75.577959, 12.412076], [75.577684, 12.412347], [75.577684, 12.412619], [75.577409, 12.412891], [75.577409, 12.413162], [75.57741, 12.413433], [75.577135, 12.413705]]}, "properties": {"length_m": 1320.0, "drop_m": 428.1, "reach_angle_deg": 17.97, "max_velocity_ms": 24.9, "mean_velocity_ms": 18.1, "source_susceptibility": 0.777, "buildings_at_risk": 0, "road_km_at_risk": 0.0}}, {"type": "Feature", "geometry": {"type": "LineString", "coordinates": [[75.775082, 12.52606], [75.775358, 12.526059], [75.775634, 12.526058], [75.77591, 12.526057], [75.776187, 12.526328], [75.776464, 12.526598], [75.77674, 12.526597], [75.776739, 12.526326], [75.777015, 12.526325]]}, "properties": {"length_m": 270.0, "drop_m": 98.9, "reach_angle_deg": 20.12, "max_velocity_ms": 15.1, "mean_velocity_ms": 10.3, "source_susceptibility": 0.727, "buildings_at_risk": 0, "road_km_at_risk": 0.0}}, {"type": "Feature", "geometry": {"type": "LineString", "coordinates": [[75.579733, 12.214307], [75.579732, 12.214035], [75.580007, 12.213764]]}, "properties": {"length_m": 90.0, "drop_m": 22.3, "reach_angle_deg": 13.89, "max_velocity_ms": 13.4, "mean_velocity_ms": 10.3, "source_susceptibility": 0.779, "buildings_at_risk": 0, "road_km_at_risk": 0.0}}, {"type": "Feature", "geometry": {"type": "LineString", "coordinates": [[75.505378, 12.975394], [75.505101, 12.975123], [75.5051, 12.974852], [75.505099, 12.974581], [75.504822, 12.97431], [75.504822, 12.974039], [75.504545, 12.974039], [75.504545, 12.973768], [75.504268, 12.973769], [75.503991, 12.973498], [75.503714, 12.973498], [75.503438, 12.973499], [75.50316, 12.973228]]}, "properties": {"length_m": 390.0, "drop_m": 142.1, "reach_angle_deg": 20.02, "max_velocity_ms": 20.4, "mean_velocity_ms": 11.9, "source_susceptibility": 0.673, "buildings_at_risk": 0, "road_km_at_risk": 0.0}}, {"type": "Feature", "geometry": {"type": "LineString", "coordinates": [[75.650413, 12.469422], [75.650412, 12.469151], [75.650412, 12.46888], [75.650411, 12.468608], [75.650686, 12.468336], [75.65041, 12.468337], [75.65041, 12.468066], [75.650409, 12.467795]]}, "properties": {"length_m": 240.0, "drop_m": 48.8, "reach_angle_deg": 11.49, "max_velocity_ms": 14.8, "mean_velocity_ms": 11.2, "source_susceptibility": 0.751, "buildings_at_risk": 0, "road_km_at_risk": 0.0}}, {"type": "Feature", "geometry": {"type": "LineString", "coordinates": [[75.683335, 12.177446], [75.68306, 12.177718], [75.68306, 12.177447], [75.682783, 12.177176], [75.682507, 12.176906], [75.682232, 12.177178], [75.681956, 12.177178], [75.681681, 12.17745], [75.681405, 12.177451], [75.681129, 12.177452], [75.680854, 12.177452], [75.680578, 12.177453], [75.680303, 12.177725], [75.680027, 12.177726], [75.679751, 12.177455], [75.679474, 12.177184], [75.679198, 12.176914], [75.678921, 12.176643], [75.678921, 12.176372], [75.678644, 12.176101], [75.678368, 12.175831], [75.678092, 12.175831], [75.677816, 12.175561], [75.67754, 12.175562], [75.677264, 12.175562], [75.676988, 12.175563], [75.676713, 12.175564], [75.676436, 12.175293]]}, "properties": {"length_m": 840.0, "drop_m": 343.8, "reach_angle_deg": 22.26, "max_velocity_ms": 18.3, "mean_velocity_ms": 11.1, "source_susceptibility": 0.851, "buildings_at_risk": 0, "road_km_at_risk": 0.0}}, {"type": "Feature", "geometry": {"type": "LineString", "coordinates": [[75.656204, 12.466967], [75.656203, 12.466695], [75.656203, 12.466424], [75.655926, 12.466154], [75.655925, 12.465882], [75.655925, 12.465611], [75.655924, 12.46534], [75.655923, 12.465068], [75.655646, 12.464798], [75.655646, 12.464527], [75.655369, 12.464256], [75.655644, 12.463984], [75.655644, 12.463713]]}, "properties": {"length_m": 390.0, "drop_m": 188.7, "reach_angle_deg": 25.81, "max_velocity_ms": 26.7, "mean_velocity_ms": 16.9, "source_susceptibility": 0.71, "buildings_at_risk": 0, "road_km_at_risk": 0.0}}, {"type": "Feature", "geometry": {"type": "LineString", "coordinates": [[75.649589, 12.471052], [75.649312, 12.470781], [75.649035, 12.470511], [75.648759, 12.47024], [75.648758, 12.469969], [75.648482, 12.469969], [75.648481, 12.469698], [75.648205, 12.469428], [75.647928, 12.469157], [75.647651, 12.468886], [75.647375, 12.468887], [75.647099, 12.468888], [75.646823, 12.468888], [75.646547, 12.468889], [75.646546, 12.468618]]}, "properties": {"length_m": 450.0, "drop_m": 184.5, "reach_angle_deg": 22.3, "max_velocity_ms": 15.4, "mean_velocity_ms": 8.8, "source_susceptibility": 0.757, "buildings_at_risk": 0, "road_km_at_risk": 0.0}}, {"type": "Feature", "geometry": {"type": "LineString", "coordinates": [[75.591758, 12.411503], [75.592034, 12.411503], [75.592034, 12.411774], [75.592311, 12.412045], [75.592587, 12.412315], [75.592864, 12.412586], [75.592865, 12.412857], [75.593141, 12.413128], [75.593142, 12.413399], [75.593143, 12.41367], [75.593419, 12.413941], [75.593696, 12.414212], [75.59342, 12.414484]]}, "properties": {"length_m": 390.0, "drop_m": 217.5, "reach_angle_deg": 29.15, "max_velocity_ms": 23.6, "mean_velocity_ms": 17.4, "source_susceptibility": 0.749, "buildings_at_risk": 0, "road_km_at_risk": 0.0}}, {"type": "Feature", "geometry": {"type": "LineString", "coordinates": [[75.678378, 12.1799], [75.678377, 12.179629], [75.678101, 12.179358], [75.6781, 12.179087], [75.677825, 12.179087]]}, "properties": {"length_m": 150.0, "drop_m": 44.4, "reach_angle_deg": 16.49, "max_velocity_ms": 10.9, "mean_velocity_ms": 8.4, "source_susceptibility": 0.768, "buildings_at_risk": 0, "road_km_at_risk": 0.0}}, {"type": "Feature", "geometry": {"type": "LineString", "coordinates": [[75.678377, 12.179629], [75.678101, 12.179358], [75.6781, 12.179087], [75.677825, 12.179087]]}, "properties": {"length_m": 120.0, "drop_m": 32.2, "reach_angle_deg": 15.0, "max_velocity_ms": 10.9, "mean_velocity_ms": 7.8, "source_susceptibility": 0.728, "buildings_at_risk": 0, "road_km_at_risk": 0.0}}, {"type": "Feature", "geometry": {"type": "LineString", "coordinates": [[75.599573, 12.20694], [75.599848, 12.206668], [75.600124, 12.206396], [75.600399, 12.206124], [75.600674, 12.205852], [75.600673, 12.205581], [75.600948, 12.205309], [75.600948, 12.205038], [75.600671, 12.204767], [75.600395, 12.204496], [75.600671, 12.204496]]}, "properties": {"length_m": 330.0, "drop_m": 134.9, "reach_angle_deg": 22.23, "max_velocity_ms": 24.7, "mean_velocity_ms": 12.5, "source_susceptibility": 0.875, "buildings_at_risk": 0, "road_km_at_risk": 0.0}}, {"type": "Feature", "geometry": {"type": "LineString", "coordinates": [[75.703748, 12.692816], [75.703471, 12.692546], [75.703195, 12.692818], [75.702919, 12.692818], [75.702643, 12.69309], [75.702368, 12.693362], [75.702091, 12.693363], [75.702092, 12.693634], [75.701817, 12.693906], [75.701817, 12.694178], [75.701541, 12.694178], [75.701264, 12.693908]]}, "properties": {"length_m": 360.0, "drop_m": 132.2, "reach_angle_deg": 20.16, "max_velocity_ms": 17.6, "mean_velocity_ms": 10.6, "source_susceptibility": 0.684, "buildings_at_risk": 0, "road_km_at_risk": 0.0}}, {"type": "Feature", "geometry": {"type": "LineString", "coordinates": [[75.506634, 12.351722], [75.506634, 12.351451], [75.506633, 12.351179], [75.506633, 12.350908], [75.506632, 12.350637], [75.506356, 12.350366], [75.506079, 12.350095], [75.506355, 12.349823], [75.50663, 12.349552], [75.50663, 12.34928], [75.506905, 12.349008]]}, "properties": {"length_m": 330.0, "drop_m": 166.1, "reach_angle_deg": 26.71, "max_velocity_ms": 18.5, "mean_velocity_ms": 10.9, "source_susceptibility": 0.69, "buildings_at_risk": 0, "road_km_at_risk": 0.0}}, {"type": "Feature", "geometry": {"type": "LineString", "coordinates": [[75.698458, 12.16086], [75.698182, 12.16059], [75.697905, 12.160319], [75.697629, 12.160049], [75.697628, 12.159777], [75.697628, 12.159506], [75.697627, 12.159235], [75.697626, 12.158963], [75.69735, 12.158964], [75.69735, 12.158693], [75.697074, 12.158694], [75.696798, 12.158423], [75.696521, 12.158152], [75.696245, 12.158153], [75.69597, 12.158154], [75.695694, 12.158154], [75.695418, 12.158155], [75.695142, 12.158156], [75.694867, 12.158157], [75.694591, 12.158157]]}, "properties": {"length_m": 600.0, "drop_m": 177.3, "reach_angle_deg": 16.46, "max_velocity_ms": 18.5, "mean_velocity_ms": 11.5, "source_susceptibility": 0.706, "buildings_at_risk": 0, "road_km_at_risk": 0.0}}, {"type": "Feature", "geometry": {"type": "LineString", "coordinates": [[75.602892, 12.211002], [75.602615, 12.210731], [75.602615, 12.21046], [75.60289, 12.210188], [75.602614, 12.209917], [75.602889, 12.209645], [75.603164, 12.209373], [75.603439, 12.209101], [75.603714, 12.208829], [75.603714, 12.208558], [75.603989, 12.208286], [75.604264, 12.208014], [75.604263, 12.207743], [75.604539, 12.207471], [75.604262, 12.207201], [75.604537, 12.206929], [75.604537, 12.206657], [75.604536, 12.206386], [75.604535, 12.206115], [75.604811, 12.205843], [75.60481, 12.205572], [75.604809, 12.2053], [75.605085, 12.205028], [75.605084, 12.204757], [75.605083, 12.204486], [75.605083, 12.204215], [75.604806, 12.203944], [75.604806, 12.203673], [75.604805, 12.203401]]}, "properties": {"length_m": 870.0, "drop_m": 348.8, "reach_angle_deg": 21.85, "max_velocity_ms": 23.4, "mean_velocity_ms": 14.7, "source_susceptibility": 0.717, "buildings_at_risk": 0, "road_km_at_risk": 0.0}}, {"type": "Feature", "geometry": {"type": "LineString", "coordinates": [[75.580839, 12.215661], [75.581114, 12.215389], [75.58139, 12.215388], [75.581389, 12.215117], [75.581665, 12.214845], [75.581664, 12.214574], [75.581663, 12.214303], [75.581939, 12.214031], [75.581938, 12.213759], [75.582213, 12.213488], [75.582488, 12.213216], [75.582488, 12.212944], [75.582487, 12.212673], [75.582487, 12.212402], [75.582486, 12.212131], [75.58221, 12.21186], [75.582209, 12.211589]]}, "properties": {"length_m": 510.0, "drop_m": 194.6, "reach_angle_deg": 20.88, "max_velocity_ms": 22.5, "mean_velocity_ms": 14.6, "source_susceptibility": 0.752, "buildings_at_risk": 0, "road_km_at_risk": 0.0}}, {"type": "Feature", "geometry": {"type": "LineString", "coordinates": [[75.464778, 12.400357], [75.464501, 12.400086], [75.464225, 12.400086], [75.463949, 12.400087], [75.463673, 12.400087], [75.463397, 12.400088], [75.463121, 12.399817]]}, "properties": {"length_m": 210.0, "drop_m": 81.3, "reach_angle_deg": 21.17, "max_velocity_ms": 18.3, "mean_velocity_ms": 12.6, "source_susceptibility": 0.809, "buildings_at_risk": 0, "road_km_at_risk": 0.0}}, {"type": "Feature", "geometry": {"type": "LineString", "coordinates": [[75.678101, 12.179358], [75.6781, 12.179087], [75.677825, 12.179087]]}, "properties": {"length_m": 90.0, "drop_m": 13.8, "reach_angle_deg": 8.72, "max_velocity_ms": 10.9, "mean_velocity_ms": 7.7, "source_susceptibility": 0.639, "buildings_at_risk": 0, "road_km_at_risk": 0.0}}, {"type": "Feature", "geometry": {"type": "LineString", "coordinates": [[75.753515, 12.128976], [75.75379, 12.128704], [75.753789, 12.128433], [75.753513, 12.128434], [75.753237, 12.128163], [75.753236, 12.127892], [75.752959, 12.127621], [75.753234, 12.127349], [75.753234, 12.127078], [75.753233, 12.126807], [75.753232, 12.126536]]}, "properties": {"length_m": 330.0, "drop_m": 104.8, "reach_angle_deg": 17.62, "max_velocity_ms": 14.0, "mean_velocity_ms": 9.6, "source_susceptibility": 0.632, "buildings_at_risk": 0, "road_km_at_risk": 0.0}}, {"type": "Feature", "geometry": {"type": "LineString", "coordinates": [[75.742807, 12.53673], [75.742806, 12.536459], [75.742806, 12.536188], [75.743081, 12.535916]]}, "properties": {"length_m": 120.0, "drop_m": 25.3, "reach_angle_deg": 11.88, "max_velocity_ms": 9.1, "mean_velocity_ms": 6.8, "source_susceptibility": 0.669, "buildings_at_risk": 0, "road_km_at_risk": 0.0}}, {"type": "Feature", "geometry": {"type": "LineString", "coordinates": [[75.583667, 12.247666], [75.583668, 12.247938], [75.583668, 12.248209], [75.583669, 12.24848], [75.583669, 12.248751], [75.58367, 12.249023], [75.583671, 12.249294], [75.583671, 12.249565], [75.583672, 12.249837], [75.583672, 12.250108], [75.583673, 12.250379], [75.583949, 12.250379]]}, "properties": {"length_m": 360.0, "drop_m": 141.1, "reach_angle_deg": 21.4, "max_velocity_ms": 18.7, "mean_velocity_ms": 10.7, "source_susceptibility": 0.63, "buildings_at_risk": 0, "road_km_at_risk": 0.0}}, {"type": "Feature", "geometry": {"type": "LineString", "coordinates": [[75.68334, 12.179074], [75.683064, 12.179075], [75.682787, 12.178804], [75.682512, 12.179076], [75.682237, 12.179348], [75.681962, 12.179349], [75.681686, 12.179349], [75.681409, 12.179079], [75.681133, 12.178808], [75.680856, 12.178537], [75.680856, 12.178266], [75.68058, 12.178267], [75.680304, 12.177996], [75.680027, 12.177726], [75.679751, 12.177455], [75.679474, 12.177184], [75.679198, 12.176914], [75.678921, 12.176643], [75.678921, 12.176372], [75.678644, 12.176101], [75.678368, 12.175831], [75.678092, 12.175831], [75.677816, 12.175561], [75.67754, 12.175562], [75.677264, 12.175562], [75.676988, 12.175563], [75.676713, 12.175564], [75.676436, 12.175293]]}, "properties": {"length_m": 840.0, "drop_m": 342.3, "reach_angle_deg": 22.17, "max_velocity_ms": 18.3, "mean_velocity_ms": 13.2, "source_susceptibility": 0.709, "buildings_at_risk": 0, "road_km_at_risk": 0.0}}, {"type": "Feature", "geometry": {"type": "LineString", "coordinates": [[75.512975, 12.348726], [75.512975, 12.348455], [75.512698, 12.348184], [75.512422, 12.347913], [75.512145, 12.347642], [75.512145, 12.347371], [75.511868, 12.3471], [75.511592, 12.346829], [75.511315, 12.346559], [75.511039, 12.346288], [75.510762, 12.346017], [75.510486, 12.345746], [75.51021, 12.345747], [75.509934, 12.345476]]}, "properties": {"length_m": 420.0, "drop_m": 244.0, "reach_angle_deg": 30.16, "max_velocity_ms": 20.6, "mean_velocity_ms": 15.6, "source_susceptibility": 0.751, "buildings_at_risk": 0, "road_km_at_risk": 0.0}}, {"type": "Feature", "geometry": {"type": "LineString", "coordinates": [[75.640386, 12.205763], [75.640386, 12.205491], [75.640385, 12.20522], [75.640109, 12.204949], [75.640108, 12.204678], [75.640107, 12.204407], [75.639831, 12.204136], [75.639555, 12.204137]]}, "properties": {"length_m": 240.0, "drop_m": 95.1, "reach_angle_deg": 21.61, "max_velocity_ms": 12.4, "mean_velocity_ms": 8.7, "source_susceptibility": 0.683, "buildings_at_risk": 0, "road_km_at_risk": 0.0}}, {"type": "Feature", "geometry": {"type": "LineString", "coordinates": [[75.769896, 12.073048], [75.769897, 12.073319], [75.769898, 12.073591], [75.769622, 12.073591], [75.769346, 12.073592], [75.769072, 12.073864], [75.769072, 12.074136], [75.768798, 12.074408], [75.768523, 12.07468], [75.768799, 12.07495], [75.7688, 12.075221], [75.769076, 12.075492], [75.769353, 12.075762], [75.769629, 12.076033], [75.769905, 12.076303], [75.770182, 12.076574], [75.770458, 12.076573], [75.770458, 12.076844], [75.770183, 12.077117], [75.770184, 12.077388]]}, "properties": {"length_m": 600.0, "drop_m": 245.0, "reach_angle_deg": 22.22, "max_velocity_ms": 14.9, "mean_velocity_ms": 9.8, "source_susceptibility": 0.647, "buildings_at_risk": 0, "road_km_at_risk": 0.0}}, {"type": "Feature", "geometry": {"type": "LineString", "coordinates": [[75.652069, 12.469418], [75.651793, 12.469148], [75.651516, 12.468877], [75.651239, 12.468606], [75.650963, 12.468607], [75.650686, 12.468336], [75.65041, 12.468337], [75.65041, 12.468066], [75.650409, 12.467795]]}, "properties": {"length_m": 270.0, "drop_m": 127.6, "reach_angle_deg": 25.29, "max_velocity_ms": 19.6, "mean_velocity_ms": 14.1, "source_susceptibility": 0.716, "buildings_at_risk": 0, "road_km_at_risk": 0.0}}, {"type": "Feature", "geometry": {"type": "LineString", "coordinates": [[75.633235, 12.213918], [75.633235, 12.213646], [75.632958, 12.213376], [75.632958, 12.213104], [75.632957, 12.212833], [75.632681, 12.212562], [75.632404, 12.212292], [75.632404, 12.21202], [75.632127, 12.21175], [75.632402, 12.211478], [75.632402, 12.211207], [75.632401, 12.210935], [75.6324, 12.210664], [75.632124, 12.210393], [75.631847, 12.210123], [75.631571, 12.209852], [75.631295, 12.209581]]}, "properties": {"length_m": 510.0, "drop_m": 166.8, "reach_angle_deg": 18.12, "max_velocity_ms": 21.0, "mean_velocity_ms": 10.1, "source_susceptibility": 0.66, "buildings_at_risk": 0, "road_km_at_risk": 0.0}}, {"type": "Feature", "geometry": {"type": "LineString", "coordinates": [[75.636265, 12.212283], [75.635989, 12.212012], [75.635712, 12.211742], [75.635437, 12.211742], [75.635436, 12.211471], [75.635159, 12.2112], [75.634883, 12.21093], [75.634882, 12.210658], [75.634606, 12.210388], [75.634329, 12.210117], [75.634329, 12.209846], [75.634052, 12.209575], [75.634052, 12.209304], [75.634051, 12.209033], [75.63405, 12.208761]]}, "properties": {"length_m": 450.0, "drop_m": 218.9, "reach_angle_deg": 25.94, "max_velocity_ms": 17.7, "mean_velocity_ms": 12.6, "source_susceptibility": 0.729, "buildings_at_risk": 0, "road_km_at_risk": 0.0}}, {"type": "Feature", "geometry": {"type": "LineString", "coordinates": [[75.550905, 12.277033], [75.550629, 12.277033], [75.550352, 12.276763], [75.550076, 12.276763], [75.549801, 12.276764], [75.549525, 12.276764], [75.549248, 12.276494], [75.548972, 12.276494], [75.548696, 12.276223], [75.54842, 12.276224], [75.548144, 12.276224], [75.547868, 12.276225], [75.547593, 12.276226], [75.547592, 12.275954], [75.547316, 12.275684], [75.547039, 12.275413], [75.547039, 12.275142], [75.546762, 12.274871], [75.546762, 12.2746], [75.546761, 12.274328], [75.546485, 12.274057], [75.546208, 12.273787]]}, "properties": {"length_m": 660.0, "drop_m": 243.8, "reach_angle_deg": 20.28, "max_velocity_ms": 18.9, "mean_velocity_ms": 15.2, "source_susceptibility": 0.703, "buildings_at_risk": 0, "road_km_at_risk": 0.0}}, {"type": "Feature", "geometry": {"type": "LineString", "coordinates": [[75.703747, 12.692545], [75.703471, 12.692546], [75.703195, 12.692818], [75.702919, 12.692818], [75.702643, 12.69309], [75.702368, 12.693362], [75.702091, 12.693363], [75.702092, 12.693634], [75.701817, 12.693906], [75.701817, 12.694178], [75.701541, 12.694178], [75.701264, 12.693908]]}, "properties": {"length_m": 360.0, "drop_m": 132.1, "reach_angle_deg": 20.16, "max_velocity_ms": 19.9, "mean_velocity_ms": 10.8, "source_susceptibility": 0.621, "buildings_at_risk": 0, "road_km_at_risk": 0.0}}, {"type": "Feature", "geometry": {"type": "LineString", "coordinates": [[75.504001, 12.978652], [75.503725, 12.978653], [75.503724, 12.978381], [75.503448, 12.978653], [75.503171, 12.978382], [75.502894, 12.978383], [75.502618, 12.978383]]}, "properties": {"length_m": 210.0, "drop_m": 51.2, "reach_angle_deg": 13.71, "max_velocity_ms": 11.5, "mean_velocity_ms": 8.7, "source_susceptibility": 0.631, "buildings_at_risk": 0, "road_km_at_risk": 0.0}}, {"type": "Feature", "geometry": {"type": "LineString", "coordinates": [[75.640501, 12.480026], [75.640224, 12.479755], [75.640224, 12.479484], [75.639947, 12.479213], [75.639946, 12.478942], [75.63967, 12.478671], [75.639393, 12.478401], [75.639116, 12.47813], [75.63884, 12.478131], [75.638563, 12.47786], [75.638287, 12.477589], [75.63801, 12.477319], [75.638009, 12.477048], [75.637732, 12.476777], [75.637456, 12.476506], [75.637179, 12.476236], [75.636903, 12.476236], [75.636626, 12.475966], [75.636349, 12.475695], [75.636073, 12.475696], [75.635797, 12.475425], [75.635521, 12.475426], [75.635244, 12.475155], [75.634967, 12.474885], [75.634691, 12.474885], [75.634414, 12.474615], [75.634138, 12.474344], [75.634137, 12.474073]]}, "properties": {"length_m": 840.0, "drop_m": 464.3, "reach_angle_deg": 28.93, "max_velocity_ms": 19.2, "mean_velocity_ms": 11.9, "source_susceptibility": 0.666, "buildings_at_risk": 0, "road_km_at_risk": 0.0}}, {"type": "Feature", "geometry": {"type": "LineString", "coordinates": [[75.589727, 12.850432], [75.58945, 12.850162], [75.589173, 12.850162], [75.588896, 12.849892], [75.588619, 12.849621], [75.588618, 12.84935], [75.588342, 12.84935]]}, "properties": {"length_m": 210.0, "drop_m": 52.1, "reach_angle_deg": 13.92, "max_velocity_ms": 12.8, "mean_velocity_ms": 9.5, "source_susceptibility": 0.743, "buildings_at_risk": 0, "road_km_at_risk": 0.0}}, {"type": "Feature", "geometry": {"type": "LineString", "coordinates": [[75.523034, 12.411373], [75.523033, 12.411102], [75.523032, 12.410831], [75.523032, 12.410559], [75.522755, 12.410289]]}, "properties": {"length_m": 150.0, "drop_m": 48.3, "reach_angle_deg": 17.83, "max_velocity_ms": 16.6, "mean_velocity_ms": 12.0, "source_susceptibility": 0.642, "buildings_at_risk": 0, "road_km_at_risk": 0.0}}, {"type": "Feature", "geometry": {"type": "LineString", "coordinates": [[75.5134, 12.975921], [75.5134, 12.97565], [75.513676, 12.975378], [75.513675, 12.975107], [75.513675, 12.974835], [75.513674, 12.974564], [75.513674, 12.974293], [75.513673, 12.974022], [75.513673, 12.97375], [75.513672, 12.973479], [75.513671, 12.973208], [75.513671, 12.972936], [75.513394, 12.972666], [75.513117, 12.972395], [75.512839, 12.972124], [75.512839, 12.971853], [75.513115, 12.971581], [75.513114, 12.97131], [75.513391, 12.971309], [75.51339, 12.971038], [75.513666, 12.970766], [75.513943, 12.970494], [75.514219, 12.970223], [75.514218, 12.969951], [75.514494, 12.96968], [75.514771, 12.969679], [75.515047, 12.969678], [75.515324, 12.969678], [75.5156, 12.969677], [75.5156, 12.969406], [75.515877, 12.969406]]}, "properties": {"length_m": 930.0, "drop_m": 434.7, "reach_angle_deg": 25.05, "max_velocity_ms": 27.5, "mean_velocity_ms": 15.5, "source_susceptibility": 0.803, "buildings_at_risk": 0, "road_km_at_risk": 0.0}}, {"type": "Feature", "geometry": {"type": "LineString", "coordinates": [[75.68526, 12.175271], [75.684984, 12.175001], [75.684708, 12.175001], [75.684432, 12.175002], [75.684156, 12.175003], [75.683881, 12.175003], [75.683605, 12.175004], [75.683329, 12.174733], [75.683052, 12.174463], [75.682776, 12.174463], [75.6825, 12.174193], [75.682224, 12.174194], [75.681948, 12.174194], [75.681673, 12.174195], [75.681397, 12.174196], [75.681122, 12.174468], [75.680846, 12.174468], [75.68057, 12.174469], [75.680295, 12.17447], [75.680019, 12.17447], [75.679743, 12.174471], [75.679742, 12.1742]]}, "properties": {"length_m": 660.0, "drop_m": 246.3, "reach_angle_deg": 20.46, "max_velocity_ms": 21.1, "mean_velocity_ms": 12.8, "source_susceptibility": 0.906, "buildings_at_risk": 0, "road_km_at_risk": 0.0}}, {"type": "Feature", "geometry": {"type": "LineString", "coordinates": [[75.557245, 12.275121], [75.557521, 12.274849], [75.557796, 12.274577], [75.558071, 12.274305], [75.558071, 12.274034], [75.558346, 12.273762], [75.558069, 12.273492], [75.557793, 12.273221], [75.557792, 12.27295], [75.557792, 12.272678]]}, "properties": {"length_m": 300.0, "drop_m": 128.6, "reach_angle_deg": 23.21, "max_velocity_ms": 21.5, "mean_velocity_ms": 14.0, "source_susceptibility": 0.626, "buildings_at_risk": 0, "road_km_at_risk": 0.0}}, {"type": "Feature", "geometry": {"type": "LineString", "coordinates": [[75.548961, 12.271068], [75.548961, 12.270797], [75.54896, 12.270526], [75.54896, 12.270255], [75.549235, 12.269983], [75.548959, 12.269983]]}, "properties": {"length_m": 180.0, "drop_m": 39.7, "reach_angle_deg": 12.43, "max_velocity_ms": 12.4, "mean_velocity_ms": 11.0, "source_susceptibility": 0.705, "buildings_at_risk": 0, "road_km_at_risk": 0.0}}, {"type": "Feature", "geometry": {"type": "LineString", "coordinates": [[75.608572, 12.282608], [75.608295, 12.282337], [75.608295, 12.282066], [75.608294, 12.281794], [75.608017, 12.281524], [75.608017, 12.281253], [75.60774, 12.280982], [75.607464, 12.280711], [75.607188, 12.280712]]}, "properties": {"length_m": 270.0, "drop_m": 101.2, "reach_angle_deg": 20.55, "max_velocity_ms": 15.4, "mean_velocity_ms": 11.4, "source_susceptibility": 0.658, "buildings_at_risk": 0, "road_km_at_risk": 0.0}}, {"type": "Feature", "geometry": {"type": "LineString", "coordinates": [[75.686084, 12.173913], [75.686083, 12.173641], [75.685807, 12.173371], [75.68553, 12.1731], [75.68553, 12.172829], [75.685529, 12.172558], [75.685252, 12.172287], [75.684976, 12.172017], [75.6847, 12.171746], [75.684699, 12.171475], [75.684422, 12.171204], [75.684422, 12.170933], [75.684145, 12.170662], [75.683869, 12.170392]]}, "properties": {"length_m": 420.0, "drop_m": 190.5, "reach_angle_deg": 24.39, "max_velocity_ms": 19.6, "mean_velocity_ms": 13.8, "source_susceptibility": 0.847, "buildings_at_risk": 0, "road_km_at_risk": 0.0}}, {"type": "Feature", "geometry": {"type": "LineString", "coordinates": [[75.504583, 12.43284], [75.504859, 12.432839], [75.505135, 12.43311], [75.505412, 12.433381], [75.505688, 12.43338], [75.505965, 12.433651], [75.506241, 12.433922], [75.506518, 12.434192], [75.506794, 12.434463], [75.507071, 12.434734], [75.507347, 12.434733], [75.507623, 12.434733]]}, "properties": {"length_m": 360.0, "drop_m": 198.8, "reach_angle_deg": 28.91, "max_velocity_ms": 18.6, "mean_velocity_ms": 14.5, "source_susceptibility": 0.675, "buildings_at_risk": 0, "road_km_at_risk": 0.0}}, {"type": "Feature", "geometry": {"type": "LineString", "coordinates": [[75.605914, 12.206112], [75.605639, 12.206112], [75.605638, 12.205841], [75.605362, 12.20557], [75.605085, 12.2053], [75.604809, 12.2053], [75.605085, 12.205028], [75.605084, 12.204757], [75.605083, 12.204486], [75.605083, 12.204215], [75.604806, 12.203944], [75.604806, 12.203673], [75.604805, 12.203401]]}, "properties": {"length_m": 390.0, "drop_m": 125.8, "reach_angle_deg": 17.88, "max_velocity_ms": 18.4, "mean_velocity_ms": 14.7, "source_susceptibility": 0.626, "buildings_at_risk": 0, "road_km_at_risk": 0.0}}, {"type": "Feature", "geometry": {"type": "LineString", "coordinates": [[75.633512, 12.214459], [75.633512, 12.214188], [75.633511, 12.213917], [75.633235, 12.213646], [75.632958, 12.213376], [75.632958, 12.213104], [75.632957, 12.212833], [75.632681, 12.212562], [75.632404, 12.212292], [75.632404, 12.21202], [75.632127, 12.21175], [75.632402, 12.211478], [75.632402, 12.211207], [75.632401, 12.210935], [75.6324, 12.210664], [75.632124, 12.210393], [75.631847, 12.210123], [75.631571, 12.209852], [75.631295, 12.209581]]}, "properties": {"length_m": 570.0, "drop_m": 201.4, "reach_angle_deg": 19.46, "max_velocity_ms": 23.7, "mean_velocity_ms": 11.1, "source_susceptibility": 0.768, "buildings_at_risk": 0, "road_km_at_risk": 0.0}}, {"type": "Feature", "geometry": {"type": "LineString", "coordinates": [[75.656203, 12.466424], [75.655926, 12.466154], [75.655925, 12.465882], [75.655925, 12.465611], [75.655924, 12.46534], [75.655923, 12.465068], [75.655646, 12.464798], [75.655646, 12.464527], [75.655369, 12.464256], [75.655644, 12.463984], [75.655644, 12.463713]]}, "properties": {"length_m": 330.0, "drop_m": 147.4, "reach_angle_deg": 24.07, "max_velocity_ms": 25.8, "mean_velocity_ms": 15.1, "source_susceptibility": 0.642, "buildings_at_risk": 0, "road_km_at_risk": 0.0}}, {"type": "Feature", "geometry": {"type": "LineString", "coordinates": [[75.510093, 12.981624], [75.509817, 12.981896], [75.509817, 12.982167], [75.509818, 12.982439], [75.510095, 12.982709], [75.509818, 12.98271]]}, "properties": {"length_m": 180.0, "drop_m": 47.1, "reach_angle_deg": 14.66, "max_velocity_ms": 11.2, "mean_velocity_ms": 9.0, "source_susceptibility": 0.628, "buildings_at_risk": 0, "road_km_at_risk": 0.0}}, {"type": "Feature", "geometry": {"type": "LineString", "coordinates": [[75.549525, 12.276764], [75.549248, 12.276494], [75.548972, 12.276494], [75.548696, 12.276223], [75.54842, 12.276224], [75.548144, 12.276224], [75.547868, 12.276225], [75.547593, 12.276226], [75.547592, 12.275954], [75.547316, 12.275684], [75.547039, 12.275413], [75.547039, 12.275142], [75.546762, 12.274871], [75.546762, 12.2746], [75.546761, 12.274328], [75.546485, 12.274057], [75.546208, 12.273787]]}, "properties": {"length_m": 510.0, "drop_m": 152.5, "reach_angle_deg": 16.65, "max_velocity_ms": 18.9, "mean_velocity_ms": 14.9, "source_susceptibility": 0.647, "buildings_at_risk": 0, "road_km_at_risk": 0.0}}, {"type": "Feature", "geometry": {"type": "LineString", "coordinates": [[75.643805, 12.476491], [75.643529, 12.476492], [75.643252, 12.476221], [75.642976, 12.476222], [75.6427, 12.476223], [75.642424, 12.476223], [75.642148, 12.476224], [75.641871, 12.475953], [75.641595, 12.475683], [75.641318, 12.475412], [75.641041, 12.475141], [75.640764, 12.474871], [75.640488, 12.474871], [75.640212, 12.474601], [75.639935, 12.47433], [75.639659, 12.474331], [75.639382, 12.47406], [75.639106, 12.474061], [75.63883, 12.474062], [75.638553, 12.473791], [75.638277, 12.47352], [75.638, 12.473521], [75.637724, 12.47325], [75.637447, 12.47298], [75.637171, 12.47298]]}, "properties": {"length_m": 750.0, "drop_m": 398.6, "reach_angle_deg": 27.99, "max_velocity_ms": 19.2, "mean_velocity_ms": 12.5, "source_susceptibility": 0.674, "buildings_at_risk": 0, "road_km_at_risk": 0.0}}, {"type": "Feature", "geometry": {"type": "LineString", "coordinates": [[75.696172, 12.547706], [75.695895, 12.547436], [75.695619, 12.547436], [75.695343, 12.547437], [75.695066, 12.547438], [75.69479, 12.547438], [75.694514, 12.547439], [75.694239, 12.547711], [75.693963, 12.547983], [75.693687, 12.547984], [75.693411, 12.547985], [75.693134, 12.547714], [75.692857, 12.547443], [75.692581, 12.547444], [75.692305, 12.547445], [75.692029, 12.547446], [75.691752, 12.547175], [75.691476, 12.547176], [75.691199, 12.546905], [75.690923, 12.546906], [75.690646, 12.546635], [75.69037, 12.546636], [75.690094, 12.546637], [75.689818, 12.546637], [75.689542, 12.546638]]}, "properties": {"length_m": 750.0, "drop_m": 391.1, "reach_angle_deg": 27.54, "max_velocity_ms": 20.6, "mean_velocity_ms": 15.0, "source_susceptibility": 0.694, "buildings_at_risk": 0, "road_km_at_risk": 0.0}}, {"type": "Feature", "geometry": {"type": "LineString", "coordinates": [[75.776189, 12.527142], [75.776465, 12.526869], [75.77674, 12.526597], [75.776739, 12.526326], [75.777015, 12.526325]]}, "properties": {"length_m": 150.0, "drop_m": 45.5, "reach_angle_deg": 16.89, "max_velocity_ms": 15.8, "mean_velocity_ms": 11.4, "source_susceptibility": 0.625, "buildings_at_risk": 0, "road_km_at_risk": 0.0}}, {"type": "Feature", "geometry": {"type": "LineString", "coordinates": [[75.669422, 12.454456], [75.669146, 12.454185], [75.669145, 12.453914], [75.668868, 12.453643], [75.668868, 12.453372], [75.668591, 12.453101], [75.668314, 12.452831], [75.668038, 12.452831]]}, "properties": {"length_m": 240.0, "drop_m": 131.2, "reach_angle_deg": 28.67, "max_velocity_ms": 22.1, "mean_velocity_ms": 15.5, "source_susceptibility": 0.689, "buildings_at_risk": 0, "road_km_at_risk": 0.0}}, {"type": "Feature", "geometry": {"type": "LineString", "coordinates": [[75.656899, 12.191888], [75.656623, 12.191618], [75.656347, 12.191618], [75.65607, 12.191348], [75.655794, 12.191077], [75.655517, 12.190806], [75.655242, 12.190807], [75.654966, 12.190808], [75.65469, 12.190808], [75.654414, 12.190809], [75.654138, 12.190538], [75.653862, 12.190268], [75.653586, 12.190268], [75.65331, 12.190269], [75.653034, 12.19027], [75.652758, 12.189999]]}, "properties": {"length_m": 480.0, "drop_m": 220.2, "reach_angle_deg": 24.65, "max_velocity_ms": 17.9, "mean_velocity_ms": 13.9, "source_susceptibility": 0.716, "buildings_at_risk": 0, "road_km_at_risk": 0.0}}, {"type": "Feature", "geometry": {"type": "LineString", "coordinates": [[75.596823, 12.210472], [75.596548, 12.210473], [75.596547, 12.210201], [75.596271, 12.209931], [75.595995, 12.209931], [75.595719, 12.209932], [75.595443, 12.209933], [75.595167, 12.209662], [75.594891, 12.209663], [75.594615, 12.209663], [75.594339, 12.209664], [75.594064, 12.209664], [75.593788, 12.209665], [75.593512, 12.209665], [75.593236, 12.209666], [75.592961, 12.209938], [75.592686, 12.21021], [75.59241, 12.21021], [75.592134, 12.210211]]}, "properties": {"length_m": 570.0, "drop_m": 200.7, "reach_angle_deg": 19.4, "max_velocity_ms": 19.4, "mean_velocity_ms": 12.9, "source_susceptibility": 0.65, "buildings_at_risk": 0, "road_km_at_risk": 0.0}}, {"type": "Feature", "geometry": {"type": "LineString", "coordinates": [[75.443246, 12.397951], [75.44297, 12.39768], [75.442693, 12.397409], [75.442417, 12.397139], [75.44214, 12.396868], [75.44214, 12.396596], [75.441864, 12.396326], [75.441587, 12.396055], [75.441587, 12.395783], [75.44131, 12.395513], [75.441034, 12.395513], [75.441034, 12.395242], [75.440757, 12.394971]]}, "properties": {"length_m": 390.0, "drop_m": 176.7, "reach_angle_deg": 24.37, "max_velocity_ms": 17.3, "mean_velocity_ms": 12.0, "source_susceptibility": 0.66, "buildings_at_risk": 0, "road_km_at_risk": 0.0}}, {"type": "Feature", "geometry": {"type": "LineString", "coordinates": [[75.594881, 12.205051], [75.59488, 12.204779], [75.59488, 12.204508], [75.594879, 12.204237], [75.594878, 12.203966], [75.594878, 12.203694], [75.595153, 12.203422], [75.595152, 12.203151], [75.595152, 12.20288], [75.595151, 12.202609], [75.59515, 12.202337], [75.59515, 12.202066], [75.595149, 12.201795], [75.595149, 12.201523], [75.595424, 12.201252], [75.595699, 12.20098], [75.595698, 12.200708], [75.595698, 12.200437], [75.595697, 12.200166]]}, "properties": {"length_m": 570.0, "drop_m": 202.4, "reach_angle_deg": 19.55, "max_velocity_ms": 16.6, "mean_velocity_ms": 12.3, "source_susceptibility": 0.765, "buildings_at_risk": 0, "road_km_at_risk": 0.0}}, {"type": "Feature", "geometry": {"type": "LineString", "coordinates": [[75.504302, 12.430127], [75.504578, 12.430127], [75.504854, 12.430126], [75.50513, 12.430126], [75.505405, 12.429854], [75.505681, 12.429853], [75.505957, 12.429853], [75.506233, 12.429852], [75.506509, 12.429852], [75.506785, 12.429851], [75.507061, 12.429851], [75.507337, 12.42985], [75.507613, 12.42985], [75.50789, 12.430121], [75.508166, 12.43012], [75.508442, 12.43012], [75.508717, 12.429848]]}, "properties": {"length_m": 510.0, "drop_m": 204.7, "reach_angle_deg": 21.87, "max_velocity_ms": 19.4, "mean_velocity_ms": 11.0, "source_susceptibility": 0.781, "buildings_at_risk": 0, "road_km_at_risk": 0.0}}, {"type": "Feature", "geometry": {"type": "LineString", "coordinates": [[75.689118, 12.174448], [75.689118, 12.174176], [75.688841, 12.173906], [75.688565, 12.173635], [75.688564, 12.173364], [75.688288, 12.173093], [75.688287, 12.172822], [75.688286, 12.172551], [75.688286, 12.17228], [75.688285, 12.172008], [75.688284, 12.171737], [75.688284, 12.171466], [75.688008, 12.171466], [75.687732, 12.171467], [75.687456, 12.171468]]}, "properties": {"length_m": 450.0, "drop_m": 174.9, "reach_angle_deg": 21.24, "max_velocity_ms": 21.7, "mean_velocity_ms": 13.2, "source_susceptibility": 0.753, "buildings_at_risk": 0, "road_km_at_risk": 0.0}}, {"type": "Feature", "geometry": {"type": "LineString", "coordinates": [[75.667769, 12.455545], [75.667492, 12.455274], [75.667216, 12.455004], [75.667215, 12.454732], [75.666939, 12.454733], [75.667214, 12.454461], [75.667213, 12.45419]]}, "properties": {"length_m": 210.0, "drop_m": 64.7, "reach_angle_deg": 17.13, "max_velocity_ms": 18.5, "mean_velocity_ms": 13.8, "source_susceptibility": 0.701, "buildings_at_risk": 0, "road_km_at_risk": 0.0}}, {"type": "Feature", "geometry": {"type": "LineString", "coordinates": [[75.612817, 12.209623], [75.612816, 12.209352], [75.613092, 12.20908], [75.613091, 12.208809], [75.61309, 12.208537], [75.612814, 12.208267], [75.613089, 12.207995], [75.613364, 12.207723], [75.613639, 12.207451], [75.613915, 12.207179], [75.61419, 12.206907], [75.613913, 12.206637]]}, "properties": {"length_m": 360.0, "drop_m": 135.7, "reach_angle_deg": 20.65, "max_velocity_ms": 17.4, "mean_velocity_ms": 11.6, "source_susceptibility": 0.622, "buildings_at_risk": 0, "road_km_at_risk": 0.0}}, {"type": "Feature", "geometry": {"type": "LineString", "coordinates": [[75.465054, 12.400356], [75.464778, 12.400357], [75.464501, 12.400086], [75.464225, 12.400086], [75.463949, 12.400087], [75.463673, 12.400087], [75.463397, 12.400088], [75.463121, 12.399817]]}, "properties": {"length_m": 240.0, "drop_m": 100.2, "reach_angle_deg": 22.66, "max_velocity_ms": 18.3, "mean_velocity_ms": 13.0, "source_susceptibility": 0.763, "buildings_at_risk": 0, "road_km_at_risk": 0.0}}, {"type": "Feature", "geometry": {"type": "LineString", "coordinates": [[75.524701, 12.417338], [75.524426, 12.41761], [75.524703, 12.417881], [75.524979, 12.41788], [75.524979, 12.418152], [75.525256, 12.418422], [75.525532, 12.418693], [75.525809, 12.418964], [75.525809, 12.419235], [75.526086, 12.419506], [75.526362, 12.419777]]}, "properties": {"length_m": 330.0, "drop_m": 100.5, "reach_angle_deg": 16.93, "max_velocity_ms": 14.3, "mean_velocity_ms": 8.4, "source_susceptibility": 0.706, "buildings_at_risk": 0, "road_km_at_risk": 0.0}}, {"type": "Feature", "geometry": {"type": "LineString", "coordinates": [[75.637915, 12.21038], [75.637639, 12.210109], [75.637638, 12.209838], [75.637362, 12.209567], [75.637361, 12.209296], [75.637085, 12.209026], [75.637084, 12.208754], [75.637359, 12.208482], [75.637634, 12.20821], [75.637634, 12.207939], [75.637357, 12.207669], [75.637357, 12.207397]]}, "properties": {"length_m": 360.0, "drop_m": 151.8, "reach_angle_deg": 22.87, "max_velocity_ms": 18.1, "mean_velocity_ms": 12.8, "source_susceptibility": 0.75, "buildings_at_risk": 0, "road_km_at_risk": 0.0}}, {"type": "Feature", "geometry": {"type": "LineString", "coordinates": [[75.539676, 12.181291], [75.539677, 12.181562], [75.539677, 12.181834], [75.539678, 12.182105], [75.539678, 12.182376], [75.539679, 12.182648], [75.539679, 12.182919], [75.53968, 12.18319], [75.53968, 12.183461], [75.539681, 12.183733], [75.539681, 12.184004], [75.539406, 12.184276], [75.539407, 12.184547], [75.539131, 12.184548]]}, "properties": {"length_m": 420.0, "drop_m": 194.4, "reach_angle_deg": 24.84, "max_velocity_ms": 19.2, "mean_velocity_ms": 13.7, "source_susceptibility": 0.668, "buildings_at_risk": 0, "road_km_at_risk": 0.0}}, {"type": "Feature", "geometry": {"type": "LineString", "coordinates": [[75.506635, 12.352264], [75.506635, 12.351993], [75.506634, 12.351722], [75.506634, 12.351451], [75.506633, 12.351179], [75.506633, 12.350908], [75.506632, 12.350637], [75.506356, 12.350366], [75.506079, 12.350095], [75.506355, 12.349823], [75.50663, 12.349552], [75.50663, 12.34928], [75.506905, 12.349008]]}, "properties": {"length_m": 390.0, "drop_m": 187.1, "reach_angle_deg": 25.63, "max_velocity_ms": 18.5, "mean_velocity_ms": 10.7, "source_susceptibility": 0.667, "buildings_at_risk": 0, "road_km_at_risk": 0.0}}, {"type": "Feature", "geometry": {"type": "LineString", "coordinates": [[75.637639, 12.210109], [75.637638, 12.209838], [75.637362, 12.209567], [75.637361, 12.209296], [75.637085, 12.209026], [75.637084, 12.208754], [75.637359, 12.208482], [75.637634, 12.20821], [75.637634, 12.207939], [75.637357, 12.207669], [75.637357, 12.207397]]}, "properties": {"length_m": 330.0, "drop_m": 125.9, "reach_angle_deg": 20.88, "max_velocity_ms": 18.1, "mean_velocity_ms": 12.7, "source_susceptibility": 0.728, "buildings_at_risk": 0, "road_km_at_risk": 0.0}}, {"type": "Feature", "geometry": {"type": "LineString", "coordinates": [[75.67161, 12.659262], [75.671609, 12.65899], [75.671332, 12.65872], [75.671331, 12.658449], [75.671054, 12.658178], [75.670778, 12.657907], [75.670777, 12.657636], [75.670776, 12.657365], [75.670499, 12.657094], [75.670498, 12.656823], [75.670221, 12.656553], [75.670221, 12.656281], [75.669945, 12.656282], [75.669944, 12.656011], [75.669667, 12.65574], [75.66939, 12.65547], [75.669389, 12.655198], [75.669112, 12.654928]]}, "properties": {"length_m": 540.0, "drop_m": 213.3, "reach_angle_deg": 21.56, "max_velocity_ms": 15.0, "mean_velocity_ms": 10.6, "source_susceptibility": 0.638, "buildings_at_risk": 0, "road_km_at_risk": 0.0}}, {"type": "Feature", "geometry": {"type": "LineString", "coordinates": [[75.585949, 12.281843], [75.586224, 12.281571], [75.5865, 12.281571], [75.586776, 12.28157], [75.587052, 12.28157], [75.587328, 12.281569], [75.587603, 12.281297], [75.587878, 12.281025], [75.588154, 12.280753], [75.58843, 12.280753], [75.588705, 12.280481], [75.58898, 12.280209], [75.589256, 12.280208], [75.589532, 12.280208], [75.589807, 12.279936], [75.590083, 12.280207], [75.590359, 12.279935], [75.590635, 12.279934], [75.59091, 12.279934], [75.591186, 12.279933], [75.591462, 12.279932], [75.591738, 12.279932], [75.592014, 12.279931], [75.59229, 12.279931], [75.592566, 12.27993], [75.592842, 12.280201], [75.592841, 12.279929], [75.593117, 12.279929], [75.593393, 12.279657], [75.593668, 12.279656]]}, "properties": {"length_m": 900.0, "drop_m": 223.1, "reach_angle_deg": 13.92, "max_velocity_ms": 18.3, "mean_velocity_ms": 11.7, "source_susceptibility": 0.748, "buildings_at_risk": 0, "road_km_at_risk": 0.0}}, {"type": "Feature", "geometry": {"type": "LineString", "coordinates": [[75.685113, 12.646749], [75.685112, 12.646478], [75.684835, 12.646207], [75.684558, 12.645936], [75.684281, 12.645666], [75.684004, 12.645395], [75.683728, 12.645396], [75.683451, 12.645126], [75.683175, 12.645126], [75.682898, 12.644856], [75.682621, 12.644585], [75.682345, 12.644586], [75.682344, 12.644315], [75.682067, 12.644044]]}, "properties": {"length_m": 420.0, "drop_m": 254.3, "reach_angle_deg": 31.19, "max_velocity_ms": 23.0, "mean_velocity_ms": 15.5, "source_susceptibility": 0.73, "buildings_at_risk": 0, "road_km_at_risk": 0.0}}, {"type": "Feature", "geometry": {"type": "LineString", "coordinates": [[75.58299, 12.190155], [75.582713, 12.189885], [75.582437, 12.189885], [75.582161, 12.189615], [75.581885, 12.189615], [75.581609, 12.189616], [75.581334, 12.189616], [75.581058, 12.189617], [75.580782, 12.189618], [75.580506, 12.189347], [75.58023, 12.189347]]}, "properties": {"length_m": 330.0, "drop_m": 117.6, "reach_angle_deg": 19.61, "max_velocity_ms": 15.8, "mean_velocity_ms": 10.2, "source_susceptibility": 0.73, "buildings_at_risk": 0, "road_km_at_risk": 0.0}}, {"type": "Feature", "geometry": {"type": "LineString", "coordinates": [[75.685112, 12.646478], [75.684835, 12.646207], [75.684558, 12.645936], [75.684281, 12.645666], [75.684004, 12.645395], [75.683728, 12.645396], [75.683451, 12.645126], [75.683175, 12.645126], [75.682898, 12.644856], [75.682621, 12.644585], [75.682345, 12.644586], [75.682344, 12.644315], [75.682067, 12.644044]]}, "properties": {"length_m": 390.0, "drop_m": 237.6, "reach_angle_deg": 31.35, "max_velocity_ms": 22.4, "mean_velocity_ms": 14.9, "source_susceptibility": 0.801, "buildings_at_risk": 0, "road_km_at_risk": 0.0}}, {"type": "Feature", "geometry": {"type": "LineString", "coordinates": [[75.589923, 12.934254], [75.589922, 12.933983], [75.590199, 12.933983], [75.590198, 12.933711], [75.590474, 12.933439]]}, "properties": {"length_m": 150.0, "drop_m": 34.5, "reach_angle_deg": 12.96, "max_velocity_ms": 13.0, "mean_velocity_ms": 9.9, "source_susceptibility": 0.627, "buildings_at_risk": 0, "road_km_at_risk": 0.0}}, {"type": "Feature", "geometry": {"type": "LineString", "coordinates": [[75.513399, 12.975378], [75.513675, 12.975107], [75.513675, 12.974835], [75.513674, 12.974564], [75.513674, 12.974293], [75.513673, 12.974022], [75.513673, 12.97375], [75.513672, 12.973479], [75.513671, 12.973208], [75.513671, 12.972936], [75.513394, 12.972666], [75.513117, 12.972395], [75.512839, 12.972124], [75.512839, 12.971853], [75.513115, 12.971581], [75.513114, 12.97131], [75.513391, 12.971309], [75.51339, 12.971038], [75.513666, 12.970766], [75.513943, 12.970494], [75.514219, 12.970223], [75.514218, 12.969951], [75.514494, 12.96968], [75.514771, 12.969679], [75.515047, 12.969678], [75.515324, 12.969678], [75.5156, 12.969677], [75.5156, 12.969406], [75.515877, 12.969406]]}, "properties": {"length_m": 870.0, "drop_m": 394.5, "reach_angle_deg": 24.39, "max_velocity_ms": 22.2, "mean_velocity_ms": 14.7, "source_susceptibility": 0.653, "buildings_at_risk": 0, "road_km_at_risk": 0.0}}, {"type": "Feature", "geometry": {"type": "LineString", "coordinates": [[75.549798, 12.275679], [75.549523, 12.27595], [75.549247, 12.275951], [75.548972, 12.276223], [75.548696, 12.276223], [75.54842, 12.276224], [75.548144, 12.276224], [75.547868, 12.276225], [75.547593, 12.276226], [75.547592, 12.275954], [75.547316, 12.275684], [75.547039, 12.275413], [75.547039, 12.275142], [75.546762, 12.274871], [75.546762, 12.2746], [75.546761, 12.274328], [75.546485, 12.274057], [75.546208, 12.273787]]}, "properties": {"length_m": 540.0, "drop_m": 164.2, "reach_angle_deg": 16.91, "max_velocity_ms": 18.9, "mean_velocity_ms": 14.5, "source_susceptibility": 0.69, "buildings_at_risk": 0, "road_km_at_risk": 0.0}}, {"type": "Feature", "geometry": {"type": "LineString", "coordinates": [[75.645901, 12.205478], [75.645625, 12.205208], [75.645348, 12.204937], [75.645073, 12.204938], [75.644796, 12.204667], [75.64452, 12.204668], [75.644245, 12.20494], [75.643969, 12.20494], [75.643693, 12.20467], [75.643417, 12.204399], [75.64314, 12.204128], [75.642864, 12.203858], [75.642587, 12.203587], [75.642587, 12.203316], [75.642311, 12.203317], [75.64231, 12.203045], [75.642034, 12.203046], [75.642034, 12.202775]]}, "properties": {"length_m": 540.0, "drop_m": 213.1, "reach_angle_deg": 21.53, "max_velocity_ms": 17.0, "mean_velocity_ms": 10.8, "source_susceptibility": 0.658, "buildings_at_risk": 0, "road_km_at_risk": 0.0}}, {"type": "Feature", "geometry": {"type": "LineString", "coordinates": [[75.525637, 12.333238], [75.525361, 12.333239], [75.525085, 12.33324], [75.52481, 12.33324], [75.524534, 12.333241], [75.524258, 12.333241], [75.523982, 12.333513], [75.523706, 12.333513], [75.52343, 12.333514], [75.523155, 12.333515], [75.522879, 12.333515], [75.522603, 12.333516], [75.522327, 12.333787], [75.522051, 12.333788], [75.521776, 12.33406], [75.5215, 12.33406], [75.521224, 12.334061], [75.520948, 12.334061], [75.520673, 12.334333], [75.520397, 12.334334], [75.520121, 12.334334], [75.519845, 12.334335], [75.51957, 12.334606], [75.519294, 12.334878], [75.519018, 12.334879], [75.518743, 12.334879]]}, "properties": {"length_m": 780.0, "drop_m": 362.3, "reach_angle_deg": 24.91, "max_velocity_ms": 22.2, "mean_velocity_ms": 14.5, "source_susceptibility": 0.689, "buildings_at_risk": 0, "road_km_at_risk": 0.0}}, {"type": "Feature", "geometry": {"type": "LineString", "coordinates": [[75.528837, 12.414889], [75.528837, 12.41516], [75.528838, 12.415431], [75.528838, 12.415703], [75.528839, 12.415974], [75.528839, 12.416245], [75.52884, 12.416516], [75.528564, 12.416788], [75.528288, 12.416789], [75.528289, 12.41706]]}, "properties": {"length_m": 300.0, "drop_m": 101.5, "reach_angle_deg": 18.69, "max_velocity_ms": 18.4, "mean_velocity_ms": 12.4, "source_susceptibility": 0.635, "buildings_at_risk": 0, "road_km_at_risk": 0.0}}, {"type": "Feature", "geometry": {"type": "LineString", "coordinates": [[75.606191, 12.206654], [75.605915, 12.206383], [75.605639, 12.206112], [75.605638, 12.205841], [75.605362, 12.20557], [75.605085, 12.2053], [75.604809, 12.2053], [75.605085, 12.205028], [75.605084, 12.204757], [75.605083, 12.204486], [75.605083, 12.204215], [75.604806, 12.203944], [75.604806, 12.203673], [75.604805, 12.203401]]}, "properties": {"length_m": 420.0, "drop_m": 162.3, "reach_angle_deg": 21.13, "max_velocity_ms": 18.4, "mean_velocity_ms": 14.7, "source_susceptibility": 0.67, "buildings_at_risk": 0, "road_km_at_risk": 0.0}}, {"type": "Feature", "geometry": {"type": "LineString", "coordinates": [[75.528561, 12.41516], [75.528838, 12.415431], [75.528838, 12.415703], [75.528839, 12.415974], [75.528839, 12.416245], [75.52884, 12.416516], [75.528564, 12.416788], [75.528288, 12.416789], [75.528289, 12.41706]]}, "properties": {"length_m": 270.0, "drop_m": 87.8, "reach_angle_deg": 18.02, "max_velocity_ms": 16.8, "mean_velocity_ms": 11.3, "source_susceptibility": 0.719, "buildings_at_risk": 0, "road_km_at_risk": 0.0}}, {"type": "Feature", "geometry": {"type": "LineString", "coordinates": [[75.65069, 12.469693], [75.650689, 12.469422], [75.650412, 12.469151], [75.650412, 12.46888], [75.650411, 12.468608], [75.650686, 12.468336], [75.65041, 12.468337], [75.65041, 12.468066], [75.650409, 12.467795]]}, "properties": {"length_m": 270.0, "drop_m": 70.4, "reach_angle_deg": 14.61, "max_velocity_ms": 16.0, "mean_velocity_ms": 12.0, "source_susceptibility": 0.736, "buildings_at_risk": 0, "road_km_at_risk": 0.0}}, {"type": "Feature", "geometry": {"type": "LineString", "coordinates": [[75.596824, 12.210743], [75.596548, 12.210473], [75.596547, 12.210201], [75.596271, 12.209931], [75.595995, 12.209931], [75.595719, 12.209932], [75.595443, 12.209933], [75.595167, 12.209662], [75.594891, 12.209663], [75.594615, 12.209663], [75.594339, 12.209664], [75.594064, 12.209664], [75.593788, 12.209665], [75.593512, 12.209665], [75.593236, 12.209666], [75.592961, 12.209938], [75.592686, 12.21021], [75.59241, 12.21021], [75.592134, 12.210211]]}, "properties": {"length_m": 570.0, "drop_m": 210.6, "reach_angle_deg": 20.28, "max_velocity_ms": 21.8, "mean_velocity_ms": 13.1, "source_susceptibility": 0.839, "buildings_at_risk": 0, "road_km_at_risk": 0.0}}, {"type": "Feature", "geometry": {"type": "LineString", "coordinates": [[75.520565, 12.419245], [75.520842, 12.419516], [75.520842, 12.419787], [75.520843, 12.420059], [75.520843, 12.42033], [75.520844, 12.420601], [75.520844, 12.420872], [75.520569, 12.421144], [75.520569, 12.421415], [75.52057, 12.421687], [75.520571, 12.421958], [75.520571, 12.422229], [75.520572, 12.422501], [75.520296, 12.422772], [75.520572, 12.422772]]}, "properties": {"length_m": 450.0, "drop_m": 185.8, "reach_angle_deg": 22.44, "max_velocity_ms": 20.0, "mean_velocity_ms": 12.8, "source_susceptibility": 0.623, "buildings_at_risk": 0, "road_km_at_risk": 0.0}}, {"type": "Feature", "geometry": {"type": "LineString", "coordinates": [[75.651792, 12.468876], [75.651516, 12.468877], [75.651239, 12.468606], [75.650963, 12.468607], [75.650686, 12.468336], [75.65041, 12.468337], [75.65041, 12.468066], [75.650409, 12.467795]]}, "properties": {"length_m": 240.0, "drop_m": 89.0, "reach_angle_deg": 20.34, "max_velocity_ms": 18.9, "mean_velocity_ms": 13.4, "source_susceptibility": 0.663, "buildings_at_risk": 0, "road_km_at_risk": 0.0}}, {"type": "Feature", "geometry": {"type": "LineString", "coordinates": [[75.655927, 12.466425], [75.655926, 12.466154], [75.655925, 12.465882], [75.655925, 12.465611], [75.655924, 12.46534], [75.655923, 12.465068], [75.655646, 12.464798], [75.655646, 12.464527], [75.655369, 12.464256], [75.655644, 12.463984], [75.655644, 12.463713]]}, "properties": {"length_m": 330.0, "drop_m": 142.0, "reach_angle_deg": 23.29, "max_velocity_ms": 22.1, "mean_velocity_ms": 14.8, "source_susceptibility": 0.638, "buildings_at_risk": 0, "road_km_at_risk": 0.0}}, {"type": "Feature", "geometry": {"type": "LineString", "coordinates": [[75.583603, 12.218368], [75.583878, 12.218096], [75.583877, 12.217825], [75.583877, 12.217553], [75.583876, 12.217282], [75.583876, 12.217011], [75.583875, 12.216739], [75.583599, 12.216469], [75.583598, 12.216197], [75.583597, 12.215926], [75.583597, 12.215655], [75.58332, 12.215384], [75.58332, 12.215113], [75.583319, 12.214842], [75.583319, 12.21457], [75.583042, 12.2143], [75.583042, 12.214028], [75.582765, 12.213758], [75.582765, 12.213486], [75.582488, 12.213216], [75.582488, 12.212944], [75.582487, 12.212673], [75.582487, 12.212402], [75.582486, 12.212131], [75.58221, 12.21186], [75.582209, 12.211589]]}, "properties": {"length_m": 780.0, "drop_m": 340.5, "reach_angle_deg": 23.58, "max_velocity_ms": 26.0, "mean_velocity_ms": 14.9, "source_susceptibility": 0.636, "buildings_at_risk": 0, "road_km_at_risk": 0.0}}, {"type": "Feature", "geometry": {"type": "LineString", "coordinates": [[75.608571, 12.282336], [75.608295, 12.282066], [75.608294, 12.281794], [75.608017, 12.281524], [75.608017, 12.281253], [75.60774, 12.280982], [75.607464, 12.280711], [75.607188, 12.280712]]}, "properties": {"length_m": 240.0, "drop_m": 85.6, "reach_angle_deg": 19.62, "max_velocity_ms": 15.4, "mean_velocity_ms": 11.1, "source_susceptibility": 0.643, "buildings_at_risk": 0, "road_km_at_risk": 0.0}}, {"type": "Feature", "geometry": {"type": "LineString", "coordinates": [[75.524149, 12.417339], [75.524426, 12.41761], [75.524703, 12.417881], [75.524979, 12.41788], [75.524979, 12.418152], [75.525256, 12.418422], [75.525532, 12.418693], [75.525809, 12.418964], [75.525809, 12.419235], [75.526086, 12.419506], [75.526362, 12.419777]]}, "properties": {"length_m": 330.0, "drop_m": 117.9, "reach_angle_deg": 19.66, "max_velocity_ms": 19.5, "mean_velocity_ms": 9.0, "source_susceptibility": 0.763, "buildings_at_risk": 0, "road_km_at_risk": 0.0}}, {"type": "Feature", "geometry": {"type": "LineString", "coordinates": [[75.703194, 12.692546], [75.702919, 12.692818], [75.702643, 12.69309], [75.702368, 12.693362], [75.702091, 12.693363], [75.702092, 12.693634], [75.701817, 12.693906], [75.701817, 12.694178], [75.701541, 12.694178], [75.701264, 12.693908]]}, "properties": {"length_m": 300.0, "drop_m": 103.9, "reach_angle_deg": 19.11, "max_velocity_ms": 13.7, "mean_velocity_ms": 9.3, "source_susceptibility": 0.666, "buildings_at_risk": 0, "road_km_at_risk": 0.0}}, {"type": "Feature", "geometry": {"type": "LineString", "coordinates": [[75.616515, 12.951554], [75.616238, 12.951284], [75.616237, 12.951012], [75.61596, 12.950742], [75.61596, 12.95047], [75.615682, 12.9502], [75.615682, 12.949929], [75.615404, 12.949658], [75.615127, 12.949387], [75.615127, 12.949116], [75.614849, 12.948845], [75.614849, 12.948574], [75.614848, 12.948303], [75.614571, 12.948032], [75.61457, 12.947761], [75.614569, 12.94749], [75.614569, 12.947218], [75.614568, 12.946947], [75.614567, 12.946676], [75.614567, 12.946405], [75.614289, 12.946134], [75.614289, 12.945863], [75.614012, 12.945592], [75.614011, 12.945321], [75.613734, 12.94505]]}, "properties": {"length_m": 750.0, "drop_m": 393.1, "reach_angle_deg": 27.66, "max_velocity_ms": 23.9, "mean_velocity_ms": 17.2, "source_susceptibility": 0.738, "buildings_at_risk": 0, "road_km_at_risk": 0.0}}, {"type": "Feature", "geometry": {"type": "LineString", "coordinates": [[75.648366, 12.198419], [75.648365, 12.198148], [75.648641, 12.197876]]}, "properties": {"length_m": 90.0, "drop_m": 18.1, "reach_angle_deg": 11.39, "max_velocity_ms": 14.6, "mean_velocity_ms": 10.9, "source_susceptibility": 0.702, "buildings_at_risk": 0, "road_km_at_risk": 0.0}}, {"type": "Feature", "geometry": {"type": "LineString", "coordinates": [[75.652345, 12.469418], [75.652069, 12.469418], [75.651793, 12.469148], [75.651516, 12.468877], [75.651239, 12.468606], [75.650963, 12.468607], [75.650686, 12.468336], [75.65041, 12.468337], [75.65041, 12.468066], [75.650409, 12.467795]]}, "properties": {"length_m": 300.0, "drop_m": 143.8, "reach_angle_deg": 25.6, "max_velocity_ms": 19.6, "mean_velocity_ms": 14.4, "source_susceptibility": 0.671, "buildings_at_risk": 0, "road_km_at_risk": 0.0}}, {"type": "Feature", "geometry": {"type": "LineString", "coordinates": [[75.52856, 12.414618], [75.528837, 12.414889], [75.528837, 12.41516], [75.528838, 12.415431], [75.528838, 12.415703], [75.528839, 12.415974], [75.528839, 12.416245], [75.52884, 12.416516], [75.528564, 12.416788], [75.528288, 12.416789], [75.528289, 12.41706]]}, "properties": {"length_m": 330.0, "drop_m": 117.6, "reach_angle_deg": 19.62, "max_velocity_ms": 18.4, "mean_velocity_ms": 12.9, "source_susceptibility": 0.866, "buildings_at_risk": 0, "road_km_at_risk": 0.0}}, {"type": "Feature", "geometry": {"type": "LineString", "coordinates": [[75.666394, 12.457718], [75.666118, 12.457448], [75.665841, 12.457177], [75.665564, 12.456907], [75.665287, 12.456636], [75.665011, 12.456637], [75.664735, 12.456366], [75.664459, 12.456367], [75.664182, 12.456096]]}, "properties": {"length_m": 270.0, "drop_m": 160.7, "reach_angle_deg": 30.76, "max_velocity_ms": 20.3, "mean_velocity_ms": 13.3, "source_susceptibility": 0.676, "buildings_at_risk": 0, "road_km_at_risk": 0.0}}, {"type": "Feature", "geometry": {"type": "LineString", "coordinates": [[75.530593, 12.327803], [75.530592, 12.327532], [75.530316, 12.327261], [75.530315, 12.32699], [75.530039, 12.326719], [75.529762, 12.326448], [75.529762, 12.326177], [75.529485, 12.325906], [75.529485, 12.325635], [75.529484, 12.325364], [75.529208, 12.325093], [75.529207, 12.324822], [75.529207, 12.32455], [75.52893, 12.32428], [75.528654, 12.324009], [75.528377, 12.323738], [75.528377, 12.323467], [75.528376, 12.323196], [75.528376, 12.322924], [75.528375, 12.322653], [75.528375, 12.322382], [75.528098, 12.322111], [75.528098, 12.32184], [75.528097, 12.321568], [75.528097, 12.321297], [75.528096, 12.321026], [75.52782, 12.320755], [75.527543, 12.320484], [75.527543, 12.320213], [75.527266, 12.319942], [75.527266, 12.319671], [75.527265, 12.3194]]}, "properties": {"length_m": 960.0, "drop_m": 398.5, "reach_angle_deg": 22.54, "max_velocity_ms": 24.3, "mean_velocity_ms": 12.5, "source_susceptibility": 0.645, "buildings_at_risk": 0, "road_km_at_risk": 0.0}}, {"type": "Feature", "geometry": {"type": "LineString", "coordinates": [[75.52415, 12.417611], [75.524426, 12.41761], [75.524703, 12.417881], [75.524979, 12.41788], [75.524979, 12.418152], [75.525256, 12.418422], [75.525532, 12.418693], [75.525809, 12.418964], [75.525809, 12.419235], [75.526086, 12.419506], [75.526362, 12.419777]]}, "properties": {"length_m": 330.0, "drop_m": 110.4, "reach_angle_deg": 18.49, "max_velocity_ms": 17.0, "mean_velocity_ms": 8.8, "source_susceptibility": 0.633, "buildings_at_risk": 0, "road_km_at_risk": 0.0}}]}