relative_relief,spi,twi,flow_acc,aspect,slope,elevation,dist_river,drainage_density,landslide,source
35.84527588,-0.104233503,16.46533966,1.48370409,128.3695984,24.01149368,267.1641846,874.57,2.5017,0,primary
21.81,-1.6918458727569243,17.448354970367976,6.590904081962481,67.56866069119248,14.54,196.40038730378956,2467.9973562098057,1.454,0,kerala
45.62261963,2.299413919,1.814837456,3.485835314,292.6268921,30.93594933,223.1444702,2210.64,3.1,1,primary
34.73410034,4.870538712,0.885019183,3.450181484,162.5396729,26.25378227,148.6611176,2533.35,2.5909,0,primary
53.52990723,-8.288613319,18.41361999,12.36239433,192.1530151,37.19600677,1225.720947,504.23,3.4346,1,primary
24.045,3.960199409605261,12.356097376923161,1.2109413861329266,73.38298851603436,16.03,612.0654000684748,2136.3176635987747,1.6030000000000002,0,kerala
62.78720109902387,3.265506106274108,18.77103358215675,7.584808756858028,241.7949546661488,37.85590811991605,1083.6064901569075,200.2541840803304,3.590728276029626,1,global_catalog_synthetic
19.995,-3.988068701125652,7.966287375420212,2.8044345406251185,36.106716593725444,13.33,288.8223865525657,1513.027998993357,1.333,0,kerala
17.04,-0.6486207147787422,1.8717494447859138,8.546759591910327,273.07282831405786,11.36,263.6776397294211,2554.192251434104,1.136,0,kerala
69.74487305,0.457342267,2.632445812,2.484521389,27.20659256,38.9042244,1172.274902,2389.45,3.6398,0,primary
32.11407471,-665.5421753,19.13547134,27.62721634,189.4182739,21.87834549,999.7885132,439.19,2.5286,1,primary
63.405,-1.0637097096702819,10.472712179570086,5.5637624323203685,27.285786474504896,42.27,1096.0841379194294,927.6224862359793,4.227,1,kerala
31.27597046,-24.83294678,18.74688148,17.43775368,251.154129,21.52481079,439.6406555,332.68,2.3951,0,primary
34.82507324,0.900395155,3.414345264,4.937633514,140.8723755,21.68422127,977.829895,2000.97,2.0717,1,primary
69.04895763159026,-4.335957380633705,18.964147264806254,7.1472276143558116,213.41642606192806,34.22853127751631,971.8006743760538,360.4038693944959,3.2116251740282715,1,global_catalog_synthetic
14.865,2.156467240968701,14.816990528538549,8.011749082416621,111.32393367963705,9.91,572.5600612813838,2341.0381302046007,0.991,0,kerala
57.285,-2.3006798918344753,8.233520096466165,3.3967688647796037,108.20900463980337,38.19,1192.5477045703678,422.8982217788511,3.819,1,kerala
5.202177048,5.292962074,2.876755238,6.803514004,44.168293,3.128133535,32.13547897,2148.45,1.6078,0,primary
33.56530762,-1.458992124,1.884488344,1.697529674,171.8698883,12.39233017,896.6575928,2140.45,1.8497,0,primary
19.830000000000002,-0.46710635090963937,11.416605099637149,5.532038813886498,316.4924769361518,13.22,775.7217751124898,1974.2385685831105,1.322,0,kerala
10.605,4.291785307804595,9.283084522868153,1.16141967342676,81.74236434454023,7.07,744.1884514971395,1881.6261742455863,0.7070000000000001,0,kerala
27.285000000000004,0.4068914203087184,1.4169489043446213,1.3514031495237577,255.9966078578803,18.19,762.2044923936315,1586.8194528253823,1.8190000000000002,0,kerala
18.32319641,6.217265129,2.968174696,4.079688072,31.13773727,12.38037968,171.8423157,2005.92,1.4354,0,primary
15.075000000000001,2.90985959360372,17.897872652139977,7.608283499805253,263.27119232617275,10.05,607.4622324133921,1917.4247133462686,1.0050000000000001,0,kerala
41.10014267167964,-3.855522830146061,16.478502119016927,7.2466436188392604,233.7888972372133,27.765971703408397,1368.2368383011833,465.3259551540115,3.580700688615056,1,global_catalog_synthetic
72.43383789,-2.483161211,16.88371277,1.86013329,233.9160461,35.29227066,966.5050049,531.06,3.3108,1,primary
63.015,4.22120505736949,14.296734709886842,4.955090891010732,297.19210256883673,42.01,1053.7224962850523,793.0562357396383,4.201,1,kerala
24.48,-3.52344083045667,5.971997640627891,3.2737107542688078,158.16836323969846,16.32,358.1262698806516,2469.323819722931,1.6320000000000001,0,kerala
24.900000000000002,-1.446209425541575,15.03892167685588,4.873917983545031,110.36940220221616,16.6,762.1568974543604,1551.9450522404013,1.6600000000000001,0,kerala
20.84949493,-10.1743288,17.42471313,4.12769556,255.0324554,16.45559311,121.8045883,559.52,2.0787,0,primary
47.61,4.856408260700743,12.596562272637605,8.524146484872915,245.18698372752894,31.74,1170.527067478908,663.2408086892301,3.174,1,kerala
34.89099121,0.272328705,3.544733524,3.028632879,56.13282013,19.5333519,526.0057983,2196.74,2.5912,1,primary
5.582456589,-41.87912369,17.92287254,6.904239655,272.8852234,4.751812458,10.86402988,772.71,0.7902,0,primary
15.585,4.314705135009545,13.204838981315966,5.761502385993837,270.74503231995254,10.39,764.8203277762607,2172.9093420827285,1.0390000000000001,0,kerala
47.78820801,1.821427107,1.854619384,3.874136209,198.8106842,30.34217072,1191.025024,2049.03,3.3108,1,primary
7.328521729,7.725244522,7.398036957,17.43775368,3.686042786,5.079902649,152.8528137,1771.55,1.1077,1,primary
8.385,-2.9842722464983695,8.436344715889067,6.332138735314526,247.14701461113773,5.59,782.8402930333367,2056.851048496966,0.5589999999999999,0,kerala
10.845,4.052836291085226,2.9398054707772303,5.833926479405566,290.7679475627981,7.23,419.56530687394246,1740.606052766278,0.7230000000000001,0,kerala
32.72644043,9.354454041,2.550933123,10.37058544,6.208297729,24.7939167,469.243988,2096.3,2.8638,0,primary
19.22427368,-800.6573486,21.85670471,369.5247192,332.5996704,14.73763371,287.9811096,281.21,1.9203,0,primary
66.735,2.1952424516165303,2.49232980260602,9.111411133605586,175.39028655800166,44.49,641.3657304774772,213.4617947048061,4.449,1,kerala
66.51,-3.8854040841967086,10.843002449820785,2.853845969403785,270.20794255522503,44.34,938.8377623207529,662.631623637991,4.434,1,kerala
52.14,3.794893987484212,12.11180462476365,9.211549727367776,190.2582346528392,34.76,1027.0998571965688,906.5114460877647,3.476,1,kerala
69.09183612229322,-7.683460969960595,16.135305366606282,3.966994034582039,122.83811114990309,25.053459983754387,1363.7412671120765,363.88228731604306,3.1753822663518525,1,global_catalog_synthetic
13.950000000000001,-1.0574244376735509,4.120417281339751,4.6835094182778265,39.23990792585205,9.3,101.3221801772154,1564.0078508533832,0.93,0,kerala
13.41,0.45403561235593237,10.413844929782083,2.9572769573804454,232.58741243000034,8.94,446.1851727073551,1785.789988201212,0.8939999999999999,0,kerala
21.69970703,1.626087904,2.175238609,3.600893974,218.7758484,13.23890305,842.5444946,2266.89,2.0487,0,primary
43.38665771,3.192364931,1.8361938,4.235993385,196.1366882,31.48846245,672.4402466,2284.4,2.8499,0,primary
33.885,1.7023051537065568,6.845545864503947,1.9807808152227817,69.01924309885085,22.59,562.1140503049636,2074.5012633128217,2.259,0,kerala
20.16,3.8392284625515636,7.1372789514066515,4.865829416667018,335.9442449894392,13.44,73.81711474683404,1883.6145222827006,1.3439999999999999,0,kerala
41.025000000000006,4.127108264052,10.612856472418398,7.370894463290454,344.84152883104156,27.35,1273.173160147909,945.3473219974719,2.7350000000000003,1,kerala
44.82,-4.601786632678474,17.121685010205617,9.988624060687775,352.40575401422416,29.88,854.1229081618958,315.20314991959106,2.988,1,kerala
69.5760498,3.226997375,1.764537334,5.823622227,124.6465378,45.89269257,1154.996582,2292.01,4.2882,0,primary
58.065,0.989425948706737,9.671906691329953,6.59109784375565,79.39555983921154,38.71,1281.199873204963,814.4632972903777,3.871,1,kerala
76.6836751321218,-1.2156890775948703,16.1159190499302,5.737623147011374,195.60480747743006,25.436741560650255,929.4546039510924,704.9758362369182,2.5458900326607985,1,global_catalog_synthetic
75.44730163178403,1.2310639379628245,17.593135243357224,3.5979220025413134,101.35267814930907,24.497483300631362,874.4551598556859,254.42549794343864,3.3183874936522404,1,global_catalog_synthetic
39.75708008,1.478954792,2.079237699,3.529061556,190.2222748,27.1848526,1189.699707,2225.46,2.7937,0,primary
74.42766788070014,-8.103519578407942,18.586436888609427,7.369627513325332,229.29595463474462,21.651533431348902,922.2576223876047,693.4825591749858,2.2250647442844302,1,global_catalog_synthetic
41.04,2.6582921379235422,4.460470739302865,6.085401984476089,308.3521296932926,27.36,663.4645765150325,940.6664825551451,2.7359999999999998,1,kerala
38.625,2.4809173171516328,13.058417424834042,2.6539365076210997,121.43973900443066,25.75,786.8857224413036,998.032734161119,2.575,1,kerala
10.61102295,0.097439125,2.525532961,1.0,102.2110291,8.914853096,1013.64447,2008.39,1.5369,0,primary
18.03,4.739353367114887,12.059303028963505,3.8238551093188775,158.2081981716513,12.02,206.10567886674747,2239.936104925414,1.202,0,kerala
14.684999999999999,-3.330841827288842,1.5565646217914404,3.6032119657639385,211.7161421477235,9.79,311.45665882642567,2014.7004318468867,0.9789999999999999,0,kerala
59.44500000000001,3.08439138199118,10.195920228247834,8.269622114593634,72.35853235562607,39.63,873.8953018422276,805.3470121250677,3.963,1,kerala
31.44,-0.8440985972203077,6.955666794149656,9.804220258992146,240.65968467673594,20.96,689.5706661980208,261.54412769254003,2.096,1,kerala
22.11,-2.7131049896012005,12.674729411372304,4.002547465615704,211.9591556427128,14.74,557.5841045503322,1812.6807297399926,1.474,0,kerala
62.61932373,-5.067296505,17.48318672,4.706606388,229.5429077,37.46010208,945.5718384,600.86,3.1215,1,primary
23.294999999999998,-4.546186490143716,6.398990698519933,2.1482298948952856,322.12127204811213,15.53,569.1550679548354,2155.3801334674636,1.553,0,kerala
73.29493697929536,-7.875510985144758,18.401972333798366,4.130568996255762,265.98992841317255,44.220436072780316,1069.8514153549888,439.9716999969181,2.72971366986992,1,global_catalog_synthetic
22.28115845,4.058073521,0.64555186,2.464792252,49.10624313,11.16788483,167.8976898,2272.32,1.8558,1,primary
10.035,-3.6500699164818884,7.626813512387156,7.935050095727929,87.12710495217483,6.69,659.2412158172032,2359.433499113076,0.669,0,kerala
56.685,0.029109516626066423,15.74428260558469,2.887333297920144,201.3945942790428,37.79,732.335245617485,459.19275575153426,3.779,1,kerala
39.70727539,-0.569545984,17.64427567,5.460986137,283.8151855,28.65724373,587.8136597,601.28,2.7537,0,primary
68.96691895,-2.860816956,16.93889046,2.600743771,150.9380188,31.83933449,887.6551514,642.41,3.4392,1,primary
32.76861572,-16.48622131,17.43633842,4.605929375,228.0267487,22.77747726,926.836853,248.8,2.7121,1,primary
32.910000000000004,3.7181210977080728,2.3393687771101512,3.8934832100316346,58.69580308616176,21.94,1103.0460083936034,679.0499853453359,2.194,1,kerala
37.57712609069327,-7.9848444498420275,17.80203759933729,5.974103038098498,271.37248421561117,37.83041711545215,1303.4474513260197,572.5596553579983,2.9124246251080326,1,global_catalog_synthetic
17.79,-3.5604751047994867,17.888633245721905,6.978425469567557,78.5369343536273,11.86,794.9990618738926,2421.8562054232652,1.186,0,kerala
46.275000000000006,2.98114897009797,1.8078920978635953,2.5371397682630565,109.38287463261301,30.85,386.2223241210829,1697.0456900197482,3.085,0,kerala
7.328521729,-20.5500946,17.11321259,3.042156696,311.9624939,5.079902649,152.8528137,495.96,1.1725,0,primary
28.950000000000003,-1.4122775283520275,12.93075649222377,8.129940958522738,59.378126276714994,19.3,470.13364196717464,1777.204410393026,1.9300000000000002,0,kerala
66.015,0.908982462091461,17.61922036812567,1.0438506990363923,29.477012261658114,44.01,682.7358747391389,704.6251870606864,4.401,1,kerala
31.92672729,-10.04723263,19.05141449,21.03445053,228.0793915,21.45698738,320.9239807,317.64,2.486,1,primary
24.97744751,-1.00951767,17.49237442,4.710811615,198.7781982,19.25150871,317.8269043,625.59,2.2006,1,primary
24.660000000000004,1.806253584061361,12.816143929585945,9.162510509016192,350.467418465911,16.44,253.78505188813565,1755.8050132340177,1.6440000000000001,0,kerala
35.81619263,-171.1059875,19.8347168,11.47503853,40.58995819,25.14724731,139.2057495,546.78,2.6519,0,primary
35.1625061,-15.88755417,17.81643486,6.84160471,176.8599243,28.02768898,292.5954895,678.3,2.3879,0,primary
39.105000000000004,4.858727901320055,12.955742918634357,4.1000937411767,115.4984438837112,26.07,796.8043369059915,547.232712411736,2.607,1,kerala
59.70891665563778,4.373847837020721,16.843081288503484,5.976418555220698,254.90326546671167,39.897890215714725,878.782701611834,332.2686743048536,3.975549385265001,1,global_catalog_synthetic
61.44,-0.8751647004053229,10.949465971858249,4.953552574488215,110.32698149250905,40.96,1263.8572616871083,770.0989270964534,4.096,1,kerala
27.81866455,-12.27275562,17.0635891,2.779921532,326.0079956,18.30068016,267.2072754,947.06,2.5068,0,primary
24.585,-0.248524769791592,13.454241664261911,7.135215214316421,172.05707665056087,16.39,609.1782583930377,2210.9006275662455,1.639,0,kerala
64.35,3.0731320764886405,17.226143376252256,1.3718423159811408,247.19940242955474,42.9,1058.1448406078357,206.31891597659592,4.29,1,kerala
20.93450928,-11.52209663,17.0331974,2.939931631,171.5150452,19.18788147,974.7313232,517.24,2.6412,0,primary
17.924999999999997,2.596407284801857,17.598996847005452,3.7660711902379247,229.15040093527054,11.95,685.9988015308928,1857.3917867438088,1.1949999999999998,0,kerala
45.72,2.677764902012548,4.997992691035469,4.332280619960353,202.7606970794295,30.48,621.501365368127,2120.5123048945934,3.048,0,kerala
22.305,-1.134866830631407,1.3287394963888313,6.2069859852007285,43.2865915240011,14.87,279.96075136928846,1787.1087013802935,1.4869999999999999,0,kerala
13.41096497,1.818277955,6.195641041,22.22135925,240.7443695,10.50203991,49.68925858,1731.04,1.7993,0,primary
10.23010254,-3.738064528,16.63580132,1.866704941,244.2146759,7.338657379,1145.381592,943.59,1.3415,1,primary
31.695,1.3904913434604342,13.102723858721953,3.371733224419754,103.65576566265464,21.13,568.1114969308637,1951.4086465140645,2.113,0,kerala
35.295,-4.123066208224816,16.324558417790556,1.9312290797074894,56.60386379518465,23.53,876.5133386859761,578.732563708993,2.353,1,kerala
29.22583008,-24.10791397,17.48456383,4.76179266,22.57208252,19.13318825,1342.784058,760.62,2.495,0,primary
33.075,-4.8050185780136605,2.9250639772008724,1.163009214575795,167.9270267445601,22.05,942.5205703404368,617.8514015397757,2.205,1,kerala
52.980000000000004,-1.4714909923381647,15.144766128973966,4.0463804737892435,264.1927064528933,35.32,530.0858799748094,783.9116664272883,3.532,1,kerala
22.48232269,-1284.960205,20.26259995,32.19313049,236.7703857,11.4952116,82.10747528,368.03,1.78,1,primary
64.845,-3.147924749942521,6.2443406054054,2.6863725736837996,38.21012602919644,43.23,544.8091772208503,842.7782425195579,4.3229999999999995,1,kerala
55.298576976890836,-2.858117247567532,17.753518655052062,7.494101412630939,148.0930899138768,26.400114662011177,892.8186799642899,748.066821618183,3.1565231855096396,1,global_catalog_synthetic
24.315,-3.1169420681135662,12.386683256823485,1.2541782781744275,126.36447097458131,16.21,491.68098598602876,2393.2824164174144,1.621,0,kerala
39.12,-1.8605654685110262,5.774048552023567,4.035988049448523,151.35530890743104,26.08,1022.2692369386123,724.9152134690981,2.6079999999999997,1,kerala
55.004860932767016,-6.651657464463318,17.906846565165512,2.184077178676468,222.7048045585457,41.14315831191429,1183.6460727678843,446.1688272536127,3.869322502061854,1,global_catalog_synthetic
42.644999999999996,4.07936770722986,8.264277580093594,7.833827590743184,69.93141756576762,28.43,115.580575029377,2083.845470138619,2.843,0,kerala
26.085,-2.756091590083294,2.2809988143888456,9.1842558594822,188.96638598155863,17.39,379.4620443898405,1617.4034944026776,1.739,0,kerala
13.80351257,-6.371460915,16.97682953,2.899849176,205.2215424,8.104870796,186.3522339,823.78,1.7125,1,primary
27.09307861,-0.115920857,16.51268387,1.713124633,202.8099365,18.97982025,865.6130981,592.51,2.0911,1,primary
7.5,1.9512294056103494,6.158626921549688,8.794782099803202,140.88198119736003,5.0,548.9203839727568,2267.7895972483043,0.5,0,kerala
60.12,-3.1201006237178195,16.593159493494014,1.8949568635661302,218.62753353917478,40.08,1062.5065895396474,827.3169454410178,4.008,1,kerala
3.092590332,-32.76790619,18.94356537,16.12539673,285.9921265,1.761526465,794.6066895,789.98,0.9119,0,primary
22.365000000000002,-2.5454144941663825,1.2874198230807365,6.7578811297766075,259.96309623264426,14.91,426.65080298343196,1930.0775287675351,1.491,0,kerala
49.485,-1.4132695877391175,5.2844834021546285,2.3261848671371133,262.1697620917914,32.99,631.636200602009,475.0206674400832,3.2990000000000004,1,kerala
62.025000000000006,4.082003071006325,2.738536184272699,8.421017388460978,194.48630901846073,41.35,813.467495679078,375.87583680517605,4.135,1,kerala
37.230000000000004,2.1969832143922643,1.3630100321736862,2.176070038891787,267.32751044023155,24.82,965.0212816984131,843.9513981470764,2.482,1,kerala
34.02581787,0.722513437,1.865615726,2.955502987,138.832962,21.72481918,878.0709229,2237.96,2.4632,0,primary
37.38,-4.661385419082087,2.1326743236550394,7.588617360069373,30.807113921977596,24.92,1371.8937406242692,993.5187640213012,2.492,1,kerala
27.150000000000002,-0.42025667802785804,1.946598747006885,7.384295182849777,140.82703017462836,18.1,648.7322495913317,1972.970816232195,1.81,0,kerala
61.67999999999999,-2.2877186085758505,17.28962526801672,3.131090027297149,11.810916774848348,41.12,628.5716571462161,340.9466132460374,4.112,1,kerala
31.77,3.469094355740447,11.959109559119854,5.726959706722124,183.32749528601042,21.18,829.4942216216093,208.89459914551597,2.118,1,kerala
35.75978851,0.869719446,2.934909821,3.805461407,137.2187195,20.56644821,128.5763855,2274.42,2.4215,0,primary
49.19177246,-0.602693856,1.442654371,2.28929019,171.1648407,38.16912842,1307.728394,2211.33,3.3188,1,primary
36.93,-0.5480692757817041,16.37723926338914,3.165345199818266,135.5587411585482,24.62,1398.673688336439,604.2269560491934,2.462,1,kerala
18.91802979,1.927664518,2.180941343,3.976228952,177.4348755,9.260422707,76.75883484,2251.04,1.5245,0,primary
18.855,0.8157273813483403,16.559727220519342,5.99428400006396,270.8555752854943,12.57,150.7259978368711,1751.7081561672398,1.2570000000000001,0,kerala
62.595,-3.2521609142724026,16.040330662312762,8.967352148745329,294.63979057420926,41.73,1360.7948222873624,989.0867160759077,4.173,1,kerala
29.54516602,-8.525619507,18.89902496,19.18297195,129.6540985,19.87702179,232.9738617,577.5,2.3555,1,primary
25.065,-1.721020667075528,13.73503038400205,3.5895036461191863,305.1042073346488,16.71,669.9509644983533,2333.1038814480635,1.671,0,kerala
54.495,2.1709479004048085,11.940402048094393,7.8321611264060955,34.75247697508224,36.33,553.0310404640533,319.7616393904288,3.633,1,kerala
28.365000000000002,4.733903398255334,3.5976096698667233,3.5864032778683144,59.07442004915917,18.91,682.3373259326063,2584.63398848954,1.891,0,kerala
12.285,-0.7902778411538813,16.2040831622947,1.8849252645712817,135.39937239267462,8.19,94.51313126541754,2442.7364058161393,0.819,0,kerala
41.79,4.724541834921057,9.031648518292462,1.0232260018022574,293.08200072518713,27.86,664.4202691243316,448.0787137640191,2.786,1,kerala
27.240000000000002,0.33461576852001773,5.034078147386265,1.825205244663295,332.3168301972984,18.16,464.6519179130514,2135.064800457892,1.816,0,kerala
17.835,1.6841825572676816,2.639917471090766,3.8172204661959848,11.66974630223336,11.89,688.8741623421669,1831.856354708245,1.189,0,kerala
48.599999999999994,0.8005019679788923,10.778173735944371,1.497726580030228,83.12374981658037,32.4,1044.3446364773008,944.1460874916638,3.2399999999999998,1,kerala
11.39172363,0.301554114,3.754763126,6.336472511,289.4796143,15.70054722,810.0384521,2148.91,1.8845,0,primary
14.445,-0.8835433461632807,5.266522380514447,4.915838464311488,308.0855032173895,9.63,350.22144244365717,1560.4069271259693,0.9630000000000001,0,kerala
60.525000000000006,2.8279793815553376,14.60580650323756,7.274860790988808,211.86357066267817,40.35,913.6520651357048,436.3668593404804,4.035,1,kerala
26.065979,-2.580362797,17.30289268,3.851317883,262.3739014,18.36572266,874.6154175,618.33,2.4939,1,primary
29.235,1.8138836492644916,2.5068044039151633,5.910073380750699,123.44315977026544,19.49,209.7784115743998,2067.8624035811404,1.9489999999999998,0,kerala
42.735,-0.4311847694690769,7.555791695861469,7.939047035704906,348.03649350302373,28.49,838.7977118063995,806.7089867053397,2.8489999999999998,1,kerala
45.11119996243911,-2.308015609890715,18.481932903159013,6.166494299057124,243.5929325535423,36.77056589334018,1250.353186762271,449.14620342063785,3.108003247289024,1,global_catalog_synthetic
73.83416748,3.226997375,1.764537334,5.823622227,124.6465378,45.89269257,1154.996582,2292.01,4.2882,0,primary
28.244999999999997,4.96747002409689,9.791214359514733,6.872104834936506,184.20339582185136,18.83,277.8224378241209,1904.9915352809996,1.8829999999999998,0,kerala
11.385,-2.051969844115684,14.205451739491771,7.91108484824172,34.024802473299566,7.59,641.1791970792849,1586.607289656336,0.759,0,kerala
77.24731445,2.658363819,1.227903843,2.881559849,127.3222427,41.26728058,1460.617188,2355.76,4.0729,1,primary
58.82666016,2.618641138,2.073493481,4.409893036,236.0357819,16.29959679,853.4862061,2073.35,1.9332,0,primary
11.040000000000001,-1.7746725145446596,4.580869015356386,5.580853083746551,278.1461111802817,7.36,341.570193963277,2570.556127638346,0.736,0,kerala
48.25354004,-14.89944077,19.11064529,23.44417381,201.6462402,31.92964363,1034.74292,777.15,3.3486,0,primary
13.095,4.902643019576624,4.01690355437052,3.0641547187536533,275.35394257953885,8.73,542.4879014177136,2174.2981942935894,0.873,0,kerala
11.52,0.7056366094358504,12.09313851880003,2.9372588022157466,41.517422943415575,7.68,218.9148250754036,1971.487198619007,0.768,0,kerala
21.450000000000003,4.837389528251286,3.667503709735365,6.352542045191798,84.88346190630173,14.3,452.5361113250949,2040.8995691403243,1.4300000000000002,0,kerala
12.51,-4.200607811418888,9.301700058643652,4.2103123400231555,17.755577101652236,8.34,437.59904103796094,2538.135491762009,0.834,0,kerala
15.99,1.4140034217871822,9.8748464295628,1.0438218595610254,271.48462667068446,10.66,284.4222465758777,1969.2068164607135,1.066,0,kerala
50.699999999999996,-4.8436085576809,11.044174190122991,2.096159734544403,262.77956040109075,33.8,1366.7494414554571,466.6239000981035,3.38,1,kerala
47.7,-0.9745553946969041,6.566960988914068,6.699965150085371,225.74634599070154,31.8,111.69247977383523,1902.0142247149483,3.18,0,kerala
76.29274753509807,-3.035433988155652,18.902050704736432,3.4016132441664917,260.86145128103,28.47524035143794,1051.858141370451,465.63476771088176,2.4961772602861956,1,global_catalog_synthetic
30.202429403998632,-5.459898840160913,15.441846281151394,2.1188222154890557,108.78412454042208,42.30197614723545,895.0498234359345,754.730183012443,2.6822029811154224,1,global_catalog_synthetic
13.43542385,-12.90144539,21.04984474,3.990052938,351.5717773,9.893697739,16.72493362,346.31,1.4954,0,primary
16.97575378,107.7875824,-0.875671089,6.382867813,19.03474426,13.82097054,107.9244461,2722.76,1.7169,1,primary
51.765,4.575350922421762,12.517634942467343,7.911830427683055,65.14025988500592,34.51,720.3265276967636,896.4663906855774,3.4509999999999996,1,kerala
42.37648023241337,-3.911138730349556,17.241856243441063,5.6149283234086615,224.77410227928425,35.196763470754654,1302.9047504116966,321.19356989765276,3.097202613303382,1,global_catalog_synthetic
62.685,1.353413721819276,10.553653639902565,5.201302179405488,291.9414517038668,41.79,716.3587369281496,2120.9470315243752,4.179,0,kerala
21.6,0.5583840252434458,14.153990259633684,4.8245917546400605,69.88153666167986,14.4,263.26815436069035,2522.1248108530235,1.44,0,kerala
44.985,-3.5420856588932814,5.537208315132647,2.142600400941656,226.0485603300083,29.99,991.3934462352385,857.2280352344703,2.9989999999999997,1,kerala
10.515,-0.42008007422555593,1.210112236085048,2.5309321335957975,169.6117921201278,7.01,190.1540843607923,2552.3151009175754,0.701,0,kerala
63.78,-0.9969413424063553,14.925769222631352,8.614303822534822,274.5069391092219,42.52,721.6873716497252,890.3294712421291,4.252000000000001,1,kerala
41.54064941,6.12116003,0.387401611,3.034336329,246.2908783,27.00452805,503.7844849,2657.77,2.5175,0,primary
40.185,-1.288874799073585,3.696329941372167,8.799989705484613,111.09209139688183,26.79,534.3063361733315,670.4764896135896,2.679,1,kerala
24.825000000000003,-0.9829938948611829,15.535656129740845,6.629917388177176,325.548333237138,16.55,563.285363113568,2498.757983192327,1.655,0,kerala
61.00354004,-2.364157438,17.0054512,2.849495888,224.6280975,34.92206573,1136.889282,774.01,3.5361,1,primary
13.97241211,-15.67193699,20.36075974,104.451416,340.5483093,12.19930744,711.9002075,416.07,2.1321,0,primary
24.39,4.681868907888168,1.7484417014091762,4.3221109766537715,163.3949797200652,16.26,404.4416637222002,1707.8638009894798,1.6260000000000001,0,kerala
45.224999999999994,-4.188569811552275,5.938362336786807,7.245936507374995,267.69721103337275,30.15,89.96851993073433,2324.6842940049323,3.0149999999999997,0,kerala
66.39,1.533366406076774,5.2382456847389465,1.188704331624829,90.51429005685554,44.26,218.11484015782648,1885.5768848158073,4.426,0,kerala
18.330000000000002,0.8111318020421496,5.996884545837889,4.534212320916545,235.74642898153886,12.22,86.26363453393463,1597.7430739859692,1.222,0,kerala
44.61,-0.8611160013452004,17.090822574490733,8.731672436076865,347.6372103835785,29.74,1360.6678995775842,234.75392073399757,2.9739999999999998,1,kerala
26.775000000000002,4.311028581831993,8.99057517584011,2.4880197352283346,358.509349652676,17.85,650.6277684097721,1854.8712349327884,1.7850000000000001,0,kerala
30.34240723,-30.93888855,17.58572197,7.21404171,124.2393265,13.78442383,810.0384521,496.16,2.0076,0,primary
26.90026855,-50.22861481,16.34068298,1.426459193,136.0158539,19.21854019,1163.704712,785.17,2.5749,1,primary
13.63342285,1.383177757,2.693740129,4.86903286,179.8055725,12.39967918,842.1865234,2057.94,1.8217,0,primary
20.46,3.179263309895349,4.53268974095946,7.454914294219423,226.47150159179094,13.64,161.70942121223953,1519.0925248057488,1.364,0,kerala
10.935,-0.3858726006455502,13.231066053697523,4.866843031550239,229.42138367885664,7.29,787.3067708201704,2147.438025456604,0.729,0,kerala
9.209999999999999,3.936045777344601,7.55872990731819,7.175815947102417,267.41142428880136,6.14,728.502256917407,1570.9284585549779,0.614,0,kerala
24.95690918,-3.447998762,17.82273102,6.124411106,158.0303497,18.04088974,361.3195496,883.96,1.9046,0,primary
26.895,-0.4811348144162668,7.036613495194991,5.043196415566924,198.55092769995048,17.93,529.8756131927269,2341.263810700724,1.793,0,kerala
34.5,-4.5853185939087435,9.07118040074569,8.990999520809297,357.8605396320159,23.0,1309.5765271072248,907.6243246864613,2.3,1,kerala
27.75,0.9885413716531941,11.792338579371615,4.988117283899477,124.81003542037878,18.5,749.3562997656267,2276.5986854720004,1.85,0,kerala
39.70114136,3.619300127,2.109372139,5.413546085,341.694458,28.41587257,509.6777039,2307.47,2.8883,0,primary
6.12620163,54.08386993,-0.546596587,5.791701317,252.1260529,4.654995441,25.00682068,2477.39,1.1761,1,primary
39.06,-4.26864420381316,5.746628414285426,8.226121690765025,271.15612305527964,26.04,301.67180471465593,1960.95106983649,2.604,0,kerala
52.44,1.6662339284025007,14.824703945888487,6.7650409729711125,299.54077889473473,34.96,1317.6934169864119,944.8886126381062,3.496,1,kerala
14.205000000000002,-4.903567761193828,3.711617626742154,6.479100995349776,126.38923429825078,9.47,85.16585581372436,2480.412186675898,0.9470000000000001,0,kerala
14.07,-0.02732644999891143,5.521388174343587,1.1717489481492946,300.5085016405816,9.38,682.1618697773519,1963.3202876555204,0.9380000000000001,0,kerala
57.269999999999996,0.6665925711008711,14.255881106061073,4.1492560495674695,18.87049084627966,38.18,1270.3658625599264,863.9202785837591,3.818,1,kerala
44.519999999999996,3.845571850508989,3.2503934509254604,3.436545740158223,299.4420718286729,29.68,1247.4998955934818,218.03083282881693,2.968,1,kerala
41.33496094,-2.571057081,18.5808506,13.59736729,196.1183624,28.52287674,855.9719238,463.7,3.0273,1,primary
14.265,-4.071790286841371,12.04121170780135,2.4640895500892497,142.01017547022812,9.51,744.2664650432552,1750.7907875808778,0.951,0,kerala
34.005,-1.4217664422727703,1.2376012764319726,3.9208879186811485,144.0847387479915,22.67,904.6415893362257,237.0393747784089,2.2670000000000003,1,kerala
53.1630249,-2.860816956,16.93889046,2.600743771,150.9380188,31.83933449,887.6551514,642.41,3.4392,1,primary
21.78564453,163.9645844,-1.036999345,7.877414703,177.8183289,17.63757706,522.9680176,2514.37,2.2984,1,primary
8.879999999999999,2.515563612886508,11.586333702528691,4.107755264737881,79.95501241829905,5.92,648.0894774192609,1535.3561024684816,0.592,0,kerala
39.17359874440773,4.5765815950850826,15.823788472941898,3.030302635145671,218.12378882853145,21.690753451070233,817.9054178018503,634.8898301721654,3.5753078707773094,1,global_catalog_synthetic
21.884999999999998,0.004060906772981099,14.97828670675504,6.333635453400946,123.19439814356072,14.59,733.0375386397368,2067.8383446137395,1.459,0,kerala
27.09307861,-0.115920857,16.51268387,1.713124633,202.8099365,18.97982025,865.6130981,592.51,2.0911,0,primary
57.989999999999995,-0.711817790774333,17.861936577383773,9.171562600329871,129.72856519274993,38.66,808.988669907039,251.36525695539893,3.8659999999999997,1,kerala
31.02706909,-8.524032593,17.83774948,6.653213501,357.4872437,23.91701889,522.59729,541.02,2.9997,1,primary
60.224999999999994,1.4943326314831804,12.34720350250101,1.6261034257479403,24.550191844779103,40.15,863.1011313612212,760.0075640457615,4.015,1,kerala
63.75,-2.7092368188955795,7.805848184125011,2.7268107575485785,251.82010679301584,42.5,1288.529291618432,963.6728945124785,4.25,1,kerala
54.74316406,-1.728286266,1.488665342,2.693740129,179.8055725,32.7481842,1250.751221,2439.46,3.221,1,primary
55.574999999999996,4.777242730558793,8.847197843686345,7.351951167552067,66.07783173064279,37.05,797.8201942051751,1852.606621609519,3.7049999999999996,0,kerala
60.824999999999996,0.8851164265155118,5.544774731379801,8.562914356756206,302.3268419180522,40.55,1050.8613619933267,781.3052506899159,4.055,1,kerala
39.78,4.643637609983372,3.6221153393335053,8.818455370691392,309.0732826481119,26.52,615.4916578062716,309.79022835915896,2.652,1,kerala
22.245,4.5739908524472686,1.6423624388988838,7.5424033332808955,80.73515024418407,14.83,483.9742538796262,2174.5628909381435,1.483,0,kerala
16.830000000000002,0.0048168162582920004,6.155430655969862,6.151546750710817,155.3694276007056,11.22,208.6420691323356,2213.149922144,1.122,0,kerala
34.665,-4.457345796989319,15.323388679885374,8.562628589919438,253.08210819248453,23.11,920.8965804722375,640.440914389915,2.311,1,kerala
56.13,-1.6863409343376023,10.836504831361212,8.888919780003558,133.60826806389056,37.42,483.0188781607664,2054.417134408052,3.742,0,kerala
63.96,3.400839317214757,5.012678984485339,8.10180996589632,38.886437050926205,42.64,684.9916113589398,283.1167529237601,4.264,1,kerala
66.09,3.8939499226923093,12.093006215585493,6.470113210451214,338.3451646333909,44.06,1099.5979017620436,280.76954498086167,4.406000000000001,1,kerala
9.524999999999999,-0.2578686953542677,12.363045634764239,1.1082849148743394,213.09287177153772,6.35,581.0618080566605,2045.4971303791676,0.635,0,kerala
33.65527344,-42.2700386,17.36267281,4.074347496,104.4693832,23.0336895,791.9378662,255.45,2.4633,1,primary
25.83,4.662692364062529,1.3765652943129885,2.7846935006432467,239.76041957344987,17.22,519.451406979006,2583.9577725002405,1.722,0,kerala
25.244999999999997,4.745889157417102,7.791706816748208,9.257706244854791,133.57052998541027,16.83,298.9824423635147,2158.571716117371,1.6829999999999998,0,kerala
9.89766407,-1849.955811,21.9883213,5.099086285,355.6981812,4.57747221,13.39077663,113.25,1.0543,1,primary
19.06384277,5.881047726,-0.277531266,2.069565773,67.44970703,14.80152225,168.52742,2617.72,2.1454,0,primary
50.550000000000004,-0.4692592292721054,10.412985410466653,8.999556880765068,5.20904724986933,33.7,593.6296081496387,934.3090675566294,3.37,1,kerala
67.47,-1.9356165923899682,16.53877171479539,7.468088659214531,116.62023354632721,44.98,816.9037238518084,321.3177716816963,4.497999999999999,1,kerala
47.175,3.5737246092315136,16.169983030493416,8.616392723193263,95.1292696366649,31.45,563.3972064567993,672.7356753936949,3.145,1,kerala
39.900000000000006,4.727222164464063,4.652137794676556,1.0708691258820018,124.53204602119382,26.6,875.5502216358584,818.0013710164292,2.66,1,kerala
64.62,4.924728487332864,15.142135651864114,7.280210967622936,287.3951542799218,43.08,878.1821289064744,313.514800094542,4.308,1,kerala
22.84954834,-66.05450439,18.54079819,13.51412773,161.6551971,18.07275009,188.7891083,509.33,2.2396,0,primary
53.42999999999999,3.5264995880779164,2.208476201057464,1.4951100931568813,65.33924288524364,35.62,303.5565760379934,2531.211720515739,3.562,0,kerala
62.114999999999995,-1.766012054433701,12.550153267615011,9.755867559731545,123.01954508496921,41.41,901.0760517850372,505.7893935320812,4.141,1,kerala
18.36,0.6988057302087212,2.6240075764939736,1.6568895876087957,326.0040307525006,12.24,362.9854856445822,2278.5844041878004,1.224,0,kerala
64.67999999999999,3.716363413617609,9.627737626147477,2.264297329977395,156.32295325523114,43.12,628.7137780698608,2587.1428635745588,4.311999999999999,0,kerala
45.11117554,11.2063942,2.033308268,9.511942863,253.0601044,30.3263607,402.6300354,2322.94,3.2167,0,primary
29.50170898,-36.92776871,18.99725533,20.66583061,272.3114014,21.13436508,875.9001465,638.81,2.0126,0,primary
10.23,-1.8709084873490833,11.62219987702846,6.163003178571378,351.09293563236116,6.82,373.00841734113294,2284.2708138075695,0.682,0,kerala
21.73352051,0.221764356,2.096898794,3.016335964,236.4277496,15.70014095,903.0039062,2170.76,2.1584,1,primary
10.004999999999999,3.828962596085381,14.290981430756638,4.760196630976867,177.10318975807027,6.67,386.69174467117426,2551.2122241396182,0.667,0,kerala
61.995,-0.6542833740829384,8.297630803092485,6.506033465764629,241.4347590791544,41.33,655.4143942921144,843.3223173697648,4.133,1,kerala
50.985165043241345,-7.508152137995516,15.91367207594495,4.806193743788331,266.6569601527135,42.27978646783457,863.1015203945733,743.3585038633103,2.0147755665453797,1,global_catalog_synthetic
45.62268066,-0.101032287,17.3949585,4.457365513,61.79621887,29.13142776,1110.755249,868.63,3.1866,1,primary
63.900000000000006,-2.830270660325932,10.796864299345572,5.1105504666655195,203.96917331544896,42.6,1135.8464361825654,991.067084561097,4.26,1,kerala
32.65838623,3.228509426,2.759247065,8.125741005,264.4447021,20.45663643,892.3664551,2089.48,2.4485,0,primary
11.879999999999999,-0.36779104424582165,2.335047283089018,7.245112636232197,167.50699813779593,7.92,123.96027228128776,1751.5720909228155,0.792,0,kerala
49.935,4.001169094130146,15.937780501542505,5.268321686061139,42.985823324160634,33.29,1019.5482021686153,482.027476054696,3.3289999999999997,1,kerala
30.195,-2.861210252779094,7.643827882849304,9.385212145955892,166.73722280690905,20.13,842.3603076366699,664.5412096238151,2.013,1,kerala
12.27,2.450420110239521,8.844330490661081,3.4120509674882022,63.318891469045006,8.18,68.38850381994538,2364.588080738664,0.818,0,kerala
40.901313793756344,1.583270653712459,16.302206824849144,5.612779953648824,248.26241703838335,20.956490662514696,903.9111439201787,535.2010511540366,2.3480317613254402,1,global_catalog_synthetic
28.61901855,1.261899114,2.378779411,4.018090248,220.6012878,21.90547943,1099.992676,2205.81,2.7844,1,primary
17.37,2.3554607721079313,7.742361833218287,2.0348481349425405,191.26175396122122,11.58,255.83585255241405,2211.7273808693753,1.158,0,kerala
32.120956425509696,3.2314165714836456,15.595274904433296,5.996442329135001,174.57073582517603,28.380768094168907,968.4838447600495,226.95745948860758,2.0358161661930896,1,global_catalog_synthetic
50.58555628955867,0.3460219623106173,15.110587120605182,4.465185522818029,273.3483993348441,34.928695171205604,1393.6482663168395,603.7958932641575,3.2274221951119912,1,global_catalog_synthetic
32.14758301,2.320482731,1.265540838,2.705196142,345.3892822,20.58629608,943.8948975,2562.28,2.2949,1,primary
56.03224177061145,-6.1098821118983135,18.988560009621164,3.409510448533876,104.68303401532104,34.07082355868212,802.2015163949483,475.9656721098901,2.3264115171122537,1,global_catalog_synthetic
16.99682617,2.673857212,1.961216688,4.634634495,116.5563736,12.88064003,783.5126343,2206.44,1.9025,0,primary
27.195,-0.534647695759146,6.944509497346062,5.792377244517634,46.6256186109038,18.13,210.1039736898233,1645.8694787312475,1.813,0,kerala
45.13879395,52.35243988,6.101023674,49.90135574,185.3809509,32.81366348,696.4559937,1997.95,3.3894,0,primary
62.95623178284642,-2.595892745353347,15.035476894071007,3.5366650234150536,130.8585713920882,36.60765534352335,1278.407560846024,623.1761708899571,2.3775800504311464,1,global_catalog_synthetic
67.245,0.7334885787567869,5.292975509591053,1.1822868630310406,131.83142784687476,44.83,921.7164380873721,966.6521151251771,4.483,1,kerala
29.35168457,-6.335028648,17.16413689,2.836857319,206.2736359,19.8643856,1269.467407,575.45,2.0628,1,primary
49.965,-2.982602498812863,2.52847907514313,1.7923400115019763,199.19083296120718,33.31,749.781208209365,1580.3134811646485,3.3310000000000004,0,kerala
37.724999999999994,4.134096220334412,13.977922072382752,2.4722237715042885,101.06371362901545,25.15,350.9912576841541,2465.3777032477465,2.5149999999999997,0,kerala
33.80311584,1.203682899,1.188465118,1.915044069,51.67612457,25.33966827,277.7293091,2151.78,2.7129,1,primary
26.56506348,18.98221016,-1.437239289,1.728074074,272.6886597,21.60111809,865.2800903,2374.47,2.2914,1,primary
16.44,-1.1568895691414696,9.105099761288146,3.217328213274005,266.38896065763726,10.96,433.13843500816307,1717.4566214890356,1.096,0,kerala
35.865,-0.6041134265854451,7.450084133581092,4.871402813482055,197.83011237471308,23.91,1369.2930359206694,767.5433220335456,2.391,1,kerala
20.7130127,-27.87913895,18.22790718,9.550261497,212.1946716,14.43057442,855.8425293,485.46,1.9213,0,primary
33.089999999999996,2.139692095054907,16.876654393885936,3.4971313708191962,307.38973948505514,22.06,1172.7621068301312,440.5934167399873,2.206,1,kerala
41.72946167,-8.551625252,17.96864891,7.353103638,339.1296997,27.11843109,234.1794891,463.58,2.4948,0,primary
36.25164795,1.45209682,1.333715439,2.280918598,238.5477448,21.08800888,468.5851746,2539.81,2.6808,0,primary
44.37,3.726496121747905,17.131536626087904,4.297141783720276,275.1793199350552,29.58,956.4057775884246,475.0192783514084,2.9579999999999997,1,kerala
12.75341797,-0.749504864,2.943015099,3.585573435,302.2619629,8.773347855,839.2974243,2155.77,1.5583,0,primary
44.13,2.172637942004826,4.453132991800545,3.3883246621568195,226.36152664852392,29.42,454.314990229356,1581.825526826112,2.942,0,kerala
45.915,2.81152135180049,10.128494026466512,7.97170912194554,59.23130776141977,30.61,1321.555842570821,543.0003041988814,3.061,1,kerala
44.81014517694246,-9.112908571937936,16.674278601203852,6.188894948010626,114.51885383057163,20.668442909894736,938.6203455646736,503.77577708558044,2.215464771200966,1,global_catalog_synthetic
23.94,-2.2977284328438574,17.20756499763114,8.860205601969595,256.2965504616345,15.96,175.62386245897926,2548.0049166110966,1.596,0,kerala
28.17242432,1.383189797,2.155700207,3.524941921,286.0917664,18.84752655,876.6210327,2362.59,2.4346,0,primary
48.480000000000004,-3.350656758228178,3.2920436976977174,3.383706265561798,155.30494831725517,32.32,607.2875437614566,916.4907294653349,3.232,1,kerala
8.235,4.501966053940864,12.895671551257347,5.8084986568686094,302.23656508379514,5.49,641.8011768513468,1877.628909099509,0.549,0,kerala
47.46357893596395,1.5035873947128398,16.785756652245887,2.792598582200468,260.4277152782135,38.02769782569051,1145.8576735376953,480.7734238092416,2.8096065600220035,1,global_catalog_synthetic
51.224999999999994,-3.010053831893372,17.49626102581627,2.2553957816977457,54.45306246959887,34.15,509.55229116658717,981.7747236205955,3.415,1,kerala
55.89,4.674753186985086,12.159938651042818,3.272152529176181,149.1086534606481,37.26,1308.0544743726573,242.33567601140845,3.726,1,kerala
26.384999999999998,-0.6905489030140526,14.434926524504393,5.813387086578148,222.53365279667466,17.59,107.59193500888821,1563.3645821475288,1.759,0,kerala
30.990000000000002,1.5373675070953894,4.113864651016724,7.485878351866709,219.47916054885138,20.66,752.9022729016876,1861.6712434921471,2.066,0,kerala
32.75093842,0.253750622,2.836379528,1.90977335,137.1102295,21.22925949,75.61196899,2261.03,2.3801,1,primary
5.529762268,49.21066666,7.216874123,255.4835815,181.2901154,3.368562937,-34.4383812,1678.93,1.2474,0,primary
38.40490723,9.453781128,2.73213172,12.54883671,231.1679688,24.11651039,968.0028687,2197.62,3.0593,0,primary
37.589999999999996,4.1908118007765225,9.075119552394442,9.544070839533395,101.17466295607589,25.06,1220.6513424742366,959.367659996736,2.506,1,kerala
48.39,-0.5208997624672236,1.6360343864801437,4.409281553250796,323.06564192893234,32.26,554.1220963402727,976.3729205309777,3.226,1,kerala
50.925000000000004,-1.347903132047028,9.321663652642295,8.200549344769698,7.592479383944917,33.95,617.4874448519371,638.7372503634417,3.3950000000000005,1,kerala
18.58625793,14.04810143,0.56556797,4.881965637,183.3049011,15.31470966,95.814888,2256.83,2.2282,1,primary
26.53608704,2.585247993,0.830476344,2.323530197,348.0333252,17.74333572,160.3983917,2598.9,2.0102,0,primary
21.5061264,0.411677718,3.776430607,4.057597637,341.0490112,16.4380703,76.45514679,2216.54,2.1466,1,primary
31.200000000000003,-3.655756893162392,1.1630010911690642,3.7706248074980433,142.1396937978205,20.8,275.0146250757992,2179.3123762051755,2.08,0,kerala
44.97,3.2403369975693046,2.3689410044478603,7.2794891969500775,51.837220119021715,29.98,293.9474288854381,1608.7270535255952,2.998,0,kerala
10.08184814,-0.450862914,17.83872414,6.474014282,177.7851562,9.301041603,801.8504639,409.11,1.5794,0,primary
51.04162598,-5.917152882,17.52725983,4.823684692,241.2262878,31.68830109,947.5819092,660.23,3.3892,0,primary
20.70930481,17.44557571,0.445425779,5.013000965,312.1902161,12.51142788,103.6389618,2648.8,2.094,0,primary
50.46,4.96222691485001,9.829972457589097,4.680778466809072,255.6899113989958,33.64,560.3217478247647,1623.553274159579,3.364,0,kerala
41.53668213,-6.735222816,17.25066185,3.390657663,220.616745,23.80058098,798.44104,399.27,2.8395,1,primary
32.35296631,-3.922528028,18.26394653,11.02830315,324.7877197,16.52966118,534.8053589,693.11,2.3677,0,primary
28.61901855,1.261899114,2.378779411,4.018090248,220.6012878,21.90547943,1099.992676,2205.81,2.7844,1,primary
50.84069824,-11.23847866,17.47285652,3.315573454,196.486618,29.98818207,1130.69751,200.73,3.3275,1,primary
52.005,2.2143532162513697,6.081718298202637,5.650300162634374,292.28374142929783,34.67,1015.9773380210966,742.2246954348323,3.467,1,kerala
22.29,0.09088023960854663,1.5578051439832992,5.322231583335656,103.37208522932175,14.86,651.2531813539052,1880.4527082765676,1.486,0,kerala
9.18,0.8476239405360655,17.17500966434737,2.972643568347156,132.12560448929162,6.12,320.4822488289429,1979.5792598974504,0.612,0,kerala
48.91082764,14.07600021,0.801427186,5.5864954,160.1832123,34.46782684,714.961731,2162.85,3.7018,0,primary
57.735,-0.7119403240277773,7.9833452665741,5.693560048885059,60.47060678735751,38.49,518.6505981643609,594.0050403644241,3.849,1,kerala
19.77,-2.503543153018013,4.76385557546529,3.4850888146445125,71.38609255828668,13.18,610.2381578142249,2249.994137598104,1.318,0,kerala
23.35916138,-11.66678143,19.30593491,28.38099098,166.1132812,16.40500259,321.9536438,634.47,1.8596,0,primary
52.71,-4.992978348889224,7.608928859080028,8.208451025218437,164.37397869362337,35.14,1035.2108640521192,637.0503508818707,3.5140000000000002,1,kerala
28.485,0.09811411470027132,13.340547072051658,3.187199089418442,82.44490794518426,18.99,542.0178052897533,1812.2364914206182,1.8989999999999998,0,kerala
14.355,0.7640879876803108,17.062403011706014,2.0166447537679,11.890740878072727,9.57,420.74213775026294,2547.1681663755935,0.9570000000000001,0,kerala
63.33,-1.2351908690383095,8.265553121012536,6.6622742567836,285.8182552011798,42.22,1148.0019309920929,439.5981247327676,4.2219999999999995,1,kerala
17.595,-3.1407014469486683,5.99139853732272,1.4677522203303583,212.4911985713747,11.73,561.5063269094367,2208.2475365350383,1.173,0,kerala
25.905,1.97762074235908,4.47482679223113,2.3141647659208893,109.29469963080906,17.27,173.35321463009467,2253.716051639546,1.7269999999999999,0,kerala
19.98669434,-10.02758503,17.58550262,4.898952484,110.8273621,18.57147026,1048.455444,192.1,2.0326,1,primary
53.1630249,-2.860816956,16.93889046,2.600743771,150.9380188,31.83933449,887.6551514,642.41,3.4392,1,primary
33.65915047335588,2.748702179218842,16.610270207183255,3.1550988713664774,185.98158178447062,24.853131702143475,931.0142094165594,306.2494422297309,3.082360603180419,1,global_catalog_synthetic
66.06,-4.237172437848412,9.87447807461402,4.125070470277155,101.35489758187119,44.04,1103.703134580879,863.9812896460743,4.404,1,kerala
19.395,-3.8077499305269438,7.478734747540507,5.275234351040809,85.24557777958267,12.93,400.3460983840793,1532.8582603827606,1.293,0,kerala
56.745,3.1431001207496134,7.129569079424137,4.977042310174308,130.2613037404543,37.83,674.7680151323876,1999.9860517051675,3.783,0,kerala
73.7412237112046,-9.210284919491759,15.360564823509245,4.172039700275759,129.06394745638968,33.30546242108227,1185.46746388506,362.3547237453506,2.0636619046870908,1,global_catalog_synthetic
39.68347168,1.907054543,1.341442347,2.804995775,143.50177,23.53068733,1213.76001,2498.05,2.3078,0,primary
43.85266113,24.47104263,3.201959848,19.81952286,156.5854187,27.16614914,1167.336548,2027.33,2.8288,0,primary
14.385,-3.2290931594550365,8.231151613756445,3.002514064708273,137.30172993922312,9.59,239.41957618248992,2570.6553176815723,0.959,0,kerala
11.595,0.003575092384167533,10.120325620650236,3.820482824975457,132.84256503145744,7.73,465.5839958322301,1607.712835461383,0.773,0,kerala
60.66343828360405,-0.8588580444588487,17.704890375770788,7.957533951973642,201.7359547835012,22.980313202272665,1038.0885734292535,275.15140238792617,3.14634181574676,1,global_catalog_synthetic
7.145877838,-713.5723267,21.83000183,107.13591,331.8762817,4.087968349,20.3838768,62.86,0.98,0,primary
39.50939941,-1.29939425,16.73811913,2.163511753,227.3244629,27.52890778,923.4433594,488.75,2.8804,1,primary
45.555,-3.5379565907884833,14.628738838864798,6.033696298272896,34.202275758018025,30.37,782.6684068110137,716.3684268647241,3.037,1,kerala
36.56237793,-6.993510246,17.18956947,3.136009693,166.7262115,22.25145531,1234.341187,489.13,2.7483,1,primary
54.06,3.214268776263122,1.6588270779564782,8.93762781317835,139.300640258201,36.04,898.1663400998582,208.9679824623916,3.604,1,kerala
78.29174805,1.967664123,1.696155906,4.017772198,242.4552002,46.73243332,1044.249756,2200.75,4.3228,0,primary
12.93,-3.4570576159218747,8.688958004771546,2.982167477232809,325.99356074045113,8.62,679.4530262781801,2469.849029902488,0.8619999999999999,0,kerala
16.08733368,11.07327366,1.24923265,5.72344923,117.5900574,12.09571648,122.3812637,2563.24,1.516,0,primary
27.555,-4.667950297234345,13.92564762844251,7.0249889067165965,353.2658511314054,18.37,485.17151155319993,1580.4228506846555,1.8370000000000002,0,kerala
64.57462916484683,-7.594302389374297,16.37260961622869,7.559471805205019,153.3262935848145,25.6471162126557,1105.2221345042333,580.6944939071811,2.5221935030070144,1,global_catalog_synthetic
52.29,-3.8400861274698905,4.84308985374911,2.554159922640177,79.33899102287926,34.86,217.1908913202661,2367.827275286343,3.4859999999999998,0,kerala
59.91,-0.39412551238083093,2.939459952121243,3.7344723944527223,79.35052833624113,39.94,552.975490916458,734.8026501002042,3.9939999999999998,1,kerala
56.295,3.0488468114891436,3.1153282577472474,5.748478192623467,108.93256885654016,37.53,1386.296130137535,882.9095399530648,3.753,1,kerala
18.4245491,-28.91641998,19.03861809,18.03512383,122.0719376,13.38398075,30.57824135,768.78,2.0222,1,primary
18.645,2.1098476989127404,16.517500562619883,4.48952990326023,1.3210625577017199,12.43,727.5158171519142,2599.706242115156,1.2429999999999999,0,kerala
73.95940942531803,-1.2082723323044604,15.75553990207952,3.933856002643384,117.7699063138209,22.961938278528102,1345.0224262141676,387.28994799634665,2.421228373783186,1,global_catalog_synthetic
25.275000000000002,-3.376706900072225,3.476873877711154,4.454829360264605,112.44260216082925,16.85,710.1645255527777,2475.6606092957045,1.685,0,kerala
65.025,-2.2766943624870795,10.583249682028043,3.9107838139882136,11.37970857023609,43.35,1213.4976297649084,405.74186751730167,4.335,1,kerala
36.555,-2.300005458736023,1.0769599716002498,9.122814600305292,286.873636717958,24.37,596.3742589238964,411.1076895252047,2.4370000000000003,1,kerala
20.88,-1.9237614884428131,1.9122950437168957,8.538716782228764,152.14979133374197,13.92,120.37731860148239,2268.370340534248,1.392,0,kerala
3.387889862,2.166275024,0.093704849,1.513254762,277.1733704,2.283561945,62.8557663,2356.42,1.0534,0,primary
45.12,-2.985259806524568,15.54397251742772,4.419264232812279,27.505777679760243,30.08,803.3100480066021,865.6475394130688,3.008,1,kerala
5.934727669,2.126646519,0.631436348,1.912952423,355.0773315,4.021278381,15.50472355,2248.8,1.1845,1,primary
30.50475311,7.725244522,1.196658492,5.226547241,293.4910889,19.8282547,50.48728943,2184.81,2.5705,0,primary
53.400000000000006,-3.1435686089594492,7.016122869494386,7.964944481118538,264.68400016787615,35.6,144.97500196402365,2258.881017336984,3.56,0,kerala
66.96000000000001,-3.86209308778116,9.585069610681334,7.9206319636458415,146.99254181470357,44.64,1222.2541867559457,960.1277943974237,4.464,1,kerala
6.889587402,-386.898407,19.5613308,55.48645401,179.6531372,2.947190762,770.7764893,626.45,1.1928,1,primary
41.04,-2.16194976970041,12.129019244249207,8.135461761402548,221.3161963960531,27.36,299.2103963079021,1902.0508571157627,2.7359999999999998,0,kerala
51.150000000000006,1.8211621718704665,2.6501446670475635,8.44975526259391,348.9040957948457,34.1,1349.2391491008564,239.00666079923258,3.41,1,kerala
54.224999999999994,1.5969238458451196,2.5025708317883986,9.406575003891234,160.67592979607383,36.15,1025.536885806926,291.2023714547208,3.6149999999999998,1,kerala
65.685,-2.7662502283026824,6.957842082073076,8.516869559006002,325.89810895008867,43.79,1002.5900141393455,430.1218918845798,4.379,1,kerala
22.20123291,22.33697128,3.511596918,30.82553673,101.7331161,17.78238106,86.27944183,2032.8,2.159,1,primary
16.38,-3.088148866665464,12.1624839754735,6.638987795935875,314.38620346838377,10.92,319.33874274071326,1650.1997447017282,1.092,0,kerala
58.59,3.8952362039068795,15.088246762476444,4.357840465059488,83.6555831171118,39.06,1225.9150233614941,635.4051277166875,3.906,1,kerala
53.04,3.938921136483195,10.454960938340966,6.698154067629815,73.63771311292831,35.36,794.6451258499951,874.6753335580885,3.536,1,kerala
31.49490356,-1.121514082,16.71607208,2.125652552,275.121582,21.23824692,373.7935791,626.88,2.183,0,primary
49.785,-0.5962845093506015,5.339981918703191,2.3729368395556705,84.23181147230225,33.19,1098.2274608601015,849.0502979314217,3.319,1,kerala
48.255,1.4522138826584454,12.084559791117803,4.696488917281577,162.64724436515786,32.17,1283.409128779724,614.7770161101043,3.217,1,kerala
50.30651855,-5.269521236,16.96024704,2.663095951,273.8417358,36.53218842,1125.532227,705.13,3.5288,1,primary
13.27274323,1.156489372,1.804333448,2.30662775,3.686042786,12.69558048,80.33666229,2093.63,1.8437,0,primary
26.700000000000003,3.5878881697963667,9.772158457979057,8.973987284887997,170.55833494779696,17.8,493.4169973485083,1906.2970786377841,1.78,0,kerala
47.76,0.6501975195115994,13.86391377973076,5.498459697668385,68.24488356731159,31.84,146.56772971448015,2257.8728472710327,3.184,0,kerala
24.285000000000004,-1.631784687911976,5.0857549865364655,6.858452669846982,73.92375218539595,16.19,362.76432475593697,1974.1984819099437,1.6190000000000002,0,kerala
49.69500000000001,-1.9052891013961637,16.228669652081425,8.582444579563006,81.70692550178204,33.13,1266.3001843054603,690.4937003074464,3.313,1,kerala
10.665000000000001,-4.275854679787102,15.610881035573032,2.791823327591842,120.42991917794538,7.11,272.01542026150435,1774.9834467454984,0.7110000000000001,0,kerala
34.92,4.385577692789276,3.187911934241323,7.68006592065054,323.21218197219065,23.28,754.5943013796837,747.3689528619667,2.3280000000000003,1,kerala
32.79,-3.1952466157525397,15.921238135381216,2.9077338544379656,330.5637598235787,21.86,692.0018594636398,594.6951983480767,2.186,1,kerala
15.149999999999999,-3.7193068590758838,11.090117566777048,2.7998266392603868,149.48559223608004,10.1,753.3563470064362,1694.721144855558,1.01,0,kerala
18.66577148,0.301554114,3.754763126,6.336472511,289.4796143,15.70054722,810.0384521,2148.91,1.8845,0,primary
27.705,-3.7819620010279067,14.198026229262801,1.6593066701019765,337.6102573503368,18.47,514.7811522291959,1515.6678411505925,1.847,0,kerala
47.43,-4.0416156696705,3.4469652506125588,6.983953714604924,62.58584406206993,31.62,1366.327432013773,742.6879982149547,3.162,1,kerala
30.27,-2.684037360806646,17.82646155879862,9.839368556338497,90.84142565958138,20.18,1193.9432399802454,457.57374390897024,2.018,1,kerala
61.47,0.4724893480043466,16.280612300860415,7.297922877128944,356.0312564892201,40.98,54.49459189413104,2339.5586988201408,4.098,0,kerala
66.53999999999999,0.6454833167468887,16.521055816910078,7.043495753411216,44.28623866950848,44.36,573.4161760842068,474.1781529029609,4.436,1,kerala
37.8694458,-1.77101171,18.04647636,8.495322227,257.7669678,27.24627304,736.2998657,471.42,2.792,0,primary
32.48425293,3.77884841,1.821016669,5.772594452,303.4975891,24.18434715,1038.924805,2170.61,2.7752,0,primary
26.065979,-2.580362797,17.30289268,3.851317883,262.3739014,18.36572266,874.6154175,618.33,2.4939,0,primary
19.59,-1.5887974246796133,2.680111906452257,1.8233723287330519,230.74750976117238,13.06,235.03406376073238,1730.385251864525,1.306,0,kerala
63.958709357108255,-9.680925850261923,17.38645818756922,2.2642704414633745,186.80220542392303,26.151632052209195,1009.0871973916878,508.2497517481825,3.448092380384246,1,global_catalog_synthetic
43.26,-2.2034331219512184,9.824082617441178,5.762371773440472,180.0133898597287,28.84,781.2173079891818,414.2619408387093,2.884,1,kerala
27.299999999999997,4.203364222332654,14.85736218980214,9.734710217541624,239.42345017416247,18.2,627.5032502559626,1864.9201167295691,1.8199999999999998,0,kerala
65.73,1.9095499871713182,1.1116188348904465,3.1388080893650687,309.1089452808113,43.82,1061.6684139971044,394.449386360262,4.382,1,kerala
48.315,-1.4465170336256516,3.6263159606376325,9.805814675793833,225.95194288921178,32.21,939.3510402042677,825.2051222819883,3.221,1,kerala
23.235,-3.9559883251909755,6.264999407941784,9.959975462787268,149.9653673726421,15.49,266.70978028582454,1907.3031418273995,1.549,0,kerala
49.6973877,-16.161026,16.34861183,1.376524806,50.29123688,20.81661606,1089.554688,776.01,2.527,1,primary
37.384911698347,-6.090315405098285,15.514075481655116,4.606182880126148,226.76331150548526,43.55585420938442,1140.9471288933692,573.7562810547984,2.0787133152308668,1,global_catalog_synthetic
81.07312012,21.03386116,2.267992735,13.71594524,224.4067841,38.75131226,854.8268433,2477.19,3.7248,0,primary
18.165,-1.490352183518647,12.091505000268443,1.1944485731410879,118.88691500716858,12.11,359.0732431798037,2252.3295410431615,1.2109999999999999,0,kerala
66.27,-2.4655439394913015,15.784104637633105,5.122888427076108,303.8892619516983,44.18,792.6988995979863,460.6802663886192,4.418,1,kerala
46.724999999999994,0.8712166148351388,10.146224248150634,5.5267864105062365,96.9094253530769,31.15,1034.9184822813559,618.2432762838423,3.1149999999999998,1,kerala
16.2359314,-3.658615351,18.10836411,7.662601471,273.6505127,12.35315514,270.063324,461.47,1.8421,0,primary
12.9979248,96.64852142,-2.208962679,2.109086752,190.5131073,12.55526066,852.1060791,2573.0,1.9774,0,primary
39.96,-1.84153522236296,7.421926582013065,8.76541851140979,252.27325562168153,26.64,591.2483142271319,706.3382950692,2.664,1,kerala
23.68896484,-2.06549716,18.06277084,8.940402031,30.09178543,16.52558136,1106.447754,452.35,2.3441,1,primary
26.43,0.6094774305004114,15.138624429285809,3.024074652109677,278.8737540112236,17.62,792.6114868641457,2474.6591324372675,1.762,0,kerala
30.34240723,-30.93888855,17.58572197,7.21404171,124.2393265,13.78442383,810.0384521,496.16,2.0076,0,primary
46.14,-3.11673706650615,14.817978092062146,6.902271735785357,276.09204641975487,30.76,1202.6475758181,958.0479944929031,3.076,1,kerala
10.095,1.7398849485987586,9.377156703446188,9.700087073708481,128.3146516472137,6.73,57.2827887615087,1547.657512818058,0.673,0,kerala
8.925,-3.7546172506754227,8.528764277118167,8.706510496424386,100.73231396202455,5.95,618.1043088651138,1735.8196494390052,0.595,0,kerala
10.38537598,227.0140076,-0.247665286,7.70689106,95.34101868,8.030685425,1148.359253,2505.96,1.467,0,primary
29.325000000000003,3.0116905583074303,11.222497888686053,8.132110041952336,124.89050591119278,19.55,400.51215571275634,1678.4054891280978,1.955,0,kerala
62.31,-4.383795247051344,2.576237868720565,2.0722426083640118,53.17460491146879,41.54,1386.9478056487421,451.30781009453585,4.154,1,kerala
34.8,-1.5580727363781675,11.887635888425693,4.151472729538137,267.3167923888421,23.2,1159.9815086072472,483.70156298166796,2.32,1,kerala
32.66967773,3.397724867,0.282983184,1.970159888,179.9592896,23.3576622,562.8685303,2336.2,2.7463,0,primary
15.870000000000001,-0.7752965503708484,15.036388912207173,7.069722745827401,56.54985835577298,10.58,620.3503758478671,1927.0456108691362,1.058,0,kerala
19.095,-3.361297551223845,13.650939078459972,5.788797825630627,246.2017767500591,12.73,793.6962430409196,1740.8451486724034,1.2730000000000001,0,kerala
44.519999999999996,-3.2200148045000665,15.438945792165825,6.393828553094088,75.44467006437523,29.68,1250.3560828961809,732.3303737472833,2.968,1,kerala
56.715,-0.32973591241704714,6.996625329322039,9.098051832139362,212.19551266310458,37.81,873.22123991788,865.4477735230626,3.781,1,kerala
36.15838623,-48.53900146,20.1723671,64.75489044,254.0783386,25.30314827,863.9940796,504.82,2.6006,0,primary
13.98937988,0.347468883,2.057842731,1.582728624,48.20977402,10.43527031,1157.664185,2110.53,1.686,0,primary
44.144999999999996,3.0145875699914004,13.04395232506125,4.089058564112687,190.21366363352718,29.43,1151.1645534418926,208.46401289732813,2.943,1,kerala
14.325000000000001,-3.9335013408387667,15.982791449747161,4.682515967706584,153.5595123858729,9.55,479.7753330829909,2337.8610792305108,0.9550000000000001,0,kerala
36.77441406,0.623983383,2.593525887,2.904989481,244.5220642,22.84881973,933.161377,2043.63,2.8694,1,primary
20.549999999999997,-2.68175657095394,10.782932150379594,8.656833206729532,297.58912669376394,13.7,504.742261546707,1677.037466236584,1.3699999999999999,0,kerala
51.105000000000004,2.171137323444821,9.57796884246543,3.848215047112335,348.7120041808082,34.07,552.4637108685731,1940.9292236781118,3.407,0,kerala
32.72247314,104.8967361,1.76831162,27.09615326,356.949585,25.7222271,863.8795776,2221.15,2.75,0,primary
75.87025714545204,-3.152171735089871,18.094919593916373,6.737447673627919,128.24786559380323,35.39727959908159,1146.1942033111304,205.3127733188224,3.0959368092470463,1,global_catalog_synthetic
44.2307050307802,-3.4363618197269945,15.422898952749666,2.3639842880266384,236.3784962334305,38.625424424105006,928.0509688249936,237.8948909143213,2.63919594382553,1,global_catalog_synthetic
24.825000000000003,-2.1366398193180194,9.559941813133806,7.460876404137318,217.89279526136437,16.55,177.04801823466426,1638.3847354314692,1.655,0,kerala
66.30000000000001,-2.863749240882406,17.205520689144258,2.1221306473714616,326.64617815755634,44.2,899.5880981279586,636.0468255884173,4.42,1,kerala
52.44,4.196219866526773,13.103154410233584,3.5011167755905888,78.89695491008324,34.96,344.11702011405123,2547.174483928584,3.496,0,kerala
30.69,3.0014677273408807,10.244534472492468,7.079711922250539,163.21230063535745,20.46,1395.987919999377,271.14221738336255,2.0460000000000003,1,kerala
11.879999999999999,-2.7462158863717323,9.665582817063106,2.3329395425515065,112.62549852840014,7.92,374.68152151591386,2272.326691744326,0.792,0,kerala
56.565,0.4047234221524523,7.73678836493051,7.906027774717051,283.90962907542377,37.71,945.9712174324773,986.1080921207803,3.771,1,kerala
70.5068957482195,2.902859219671697,17.861013561855568,6.406753331792803,163.2819275089593,29.831869844238675,1197.71269589164,494.1085171571392,3.053104295879181,1,global_catalog_synthetic
54.26904297,-0.840775967,16.4815464,1.86013329,233.9160461,35.29227066,966.5050049,603.22,3.3108,1,primary
34.214999999999996,0.27270733669797576,14.833400611048386,6.141281595233297,348.32532191797134,22.81,509.2606255975286,334.7351397911531,2.2809999999999997,1,kerala
66.86328125,2.730386734,1.267926931,2.731776714,131.9872131,32.49887085,1276.536743,2484.05,3.3989,0,primary
49.050000000000004,-0.9499067714044802,8.862350780256351,6.602946673218001,164.42039720806022,32.7,922.611216818625,232.21122972068295,3.2700000000000005,1,kerala
14.28,4.459327939701739,8.959475178201773,6.598203339634114,172.2300013186822,9.52,359.125609728387,2056.626955837182,0.952,0,kerala
15.015,2.3560327754558443,6.611653641002327,9.2558484032899,294.93435412719174,10.01,538.1807639953265,2141.3775903674605,1.001,0,kerala
37.70202637,-3.535531998,16.93328857,2.53000474,234.7213287,22.3569355,1187.272461,241.14,2.4283,1,primary
29.895,0.9657390972229027,5.348592240860044,3.1548468177029685,44.054007019719606,19.93,781.9184469623193,1818.2305490523258,1.9929999999999999,0,kerala
19.995,-3.182829071877239,6.4869137886587165,4.328554320057099,277.10595745100284,13.33,760.010533651592,1976.5884711470608,1.333,0,kerala
64.94999999999999,-4.93787499461,6.979494112846409,4.853350047599397,37.84095435807974,43.3,749.0269510972194,209.08257116614973,4.33,1,kerala
60.24848909358805,2.201221131112206,16.50907770870377,2.8239768850786557,191.9791828998004,36.2680169230257,1203.7124379495185,464.35255621978564,2.8251980619985058,1,global_catalog_synthetic
18.91052246,-27.87913895,18.22790718,9.550261497,212.1946716,14.43057442,855.8425293,485.46,1.9689,1,primary
16.275,-1.1900550845766467,14.383922533565762,8.944335775534597,59.11404795023664,10.85,438.0673719973373,1676.8007972528599,1.085,0,kerala
67.14,4.059116757433959,7.131897294234749,8.571243614977124,81.08774748582944,44.76,805.9473752242683,753.1324551075221,4.476,1,kerala
38.44616699,-16.90543556,17.30371666,3.869277954,198.1100922,27.08722305,1283.277832,238.4,2.9493,1,primary
35.714999999999996,0.3570293928132724,12.174647233192069,5.469270128753586,165.34005059056227,23.81,1185.126426792888,206.0223457579454,2.381,1,kerala
52.67999999999999,-4.556815869199919,5.210789559882411,1.789491184885669,158.75752243842098,35.12,1128.6496792035273,986.9760543710423,3.5119999999999996,1,kerala
47.205,-4.896815583593481,2.4553533188545105,9.792722703812107,349.61770604266843,31.47,577.5108619732829,394.3991423478891,3.147,1,kerala
33.3,2.938418018768721,2.562209918905267,8.006348242850574,265.1845803174678,22.2,476.4151723328051,2366.2930839492374,2.2199999999999998,0,kerala
10.89,0.05857304877874814,11.128617762888913,1.152889146933294,354.5042495757011,7.26,474.07262250545944,2531.7999747030863,0.726,0,kerala
47.160000000000004,-2.4821413498046008,16.731827315797204,3.135628528197643,175.45019121726503,31.44,755.793507612907,2556.4666898588616,3.144,0,kerala
48.06,-1.279110259289038,16.799531436839803,3.6672221774981653,149.29876113210466,32.04,1332.3371914522168,282.57025235896657,3.2039999999999997,1,kerala
19.34960938,1.40578115,2.138541937,3.435271978,188.5800476,13.25316429,915.2078857,2154.51,1.9806,0,primary
31.155,3.2875765937475876,1.443759361477617,1.1877030944004745,279.3461433336826,20.77,696.0369570860845,605.5847424662088,2.077,1,kerala
53.955,-1.0200671879384835,13.536366788724365,8.815694664617865,357.16701082175206,35.97,1056.3608513132233,333.82307601656845,3.597,1,kerala
25.49462891,-63.04239655,20.04286957,9.90141964,115.5074692,18.80506706,301.8847046,640.45,2.5297,0,primary
19.695,4.194311535997123,8.613324871244812,5.140551403552004,293.84778705292615,13.13,231.07064437376428,1584.6183626014856,1.3130000000000002,0,kerala
68.57257376796136,-2.9441170147423517,18.14381685996053,5.610125291026638,155.11369545107857,26.86493082092425,1302.7879156762633,442.97699533940727,2.551863487717772,1,global_catalog_synthetic
15.299999999999999,4.758887420207751,8.943815536648286,6.164162428394499,157.25544651915206,10.2,613.3508354447279,1953.0990980158442,1.02,0,kerala
31.125,-2.0925220300189897,1.7236982854002725,6.199733877624591,101.22518367144689,20.75,768.9542555879029,670.6807110927971,2.075,1,kerala
39.945,1.031889964459392,4.884859451015383,3.6406845184861405,195.76096410474972,26.63,1268.0900518669307,828.1860607863302,2.663,1,kerala
9.435,0.40670497308068576,17.798202516974147,5.609173923761154,307.3259438867301,6.29,161.75879880876727,1873.0725254394413,0.629,0,kerala
34.035000000000004,2.58430382225124,7.022885689690589,6.178219235812203,182.41804590384186,22.69,666.5635010150622,513.6126644912354,2.269,1,kerala
58.52551961419327,-6.288330279335881,15.972128376177487,7.830689718960316,106.46488890036353,35.66129467051314,831.9742522827894,230.54799824827933,2.8991294732369832,1,global_catalog_synthetic
67.26,0.813785325127002,17.067620641431255,8.319918664282312,147.41594257178974,44.84,133.96490966603227,2253.4171511280656,4.484,0,kerala
13.53424072,35.17522049,3.999914408,40.37259293,24.63245392,9.956412315,950.0355225,2268.72,1.5162,1,primary
15.36,1.9764015949583236,8.92583671043106,7.2945318645797625,31.885429793498844,10.24,614.6104426646153,2148.255070428662,1.024,0,kerala
31.98,2.5495497773207223,3.029550981766217,7.948719011655323,301.72226320185945,21.32,1383.3730521911243,291.39491963732723,2.132,1,kerala
65.41499999999999,-3.9954075181002127,13.251286740240195,6.839380383549267,116.80568683777076,43.61,1021.2343853791704,821.4621158248883,4.361,1,kerala
32.76861572,-16.48622131,17.43633842,4.605929375,228.0267487,22.77747726,926.836853,248.8,2.7121,1,primary
53.025000000000006,1.2514499279024305,3.3018074902814045,2.4154570251706136,290.2084151749962,35.35,1019.948769556663,548.7405639285897,3.535,1,kerala
34.12062471021823,2.0365615067489404,16.830980213200252,4.109038902670552,279.1469192205159,20.39964452059991,824.6266124189725,370.20649606650795,3.299538252104183,1,global_catalog_synthetic
43.125,4.648844071801895,13.82540375947394,2.5789917307017194,62.59202095096694,28.75,1352.305959198111,995.6900721672022,2.875,1,kerala
23.78723145,-10.90644073,17.19753838,3.2304914,275.0722656,17.80987358,1040.511719,609.54,1.9228,0,primary
32.865,2.2782460267795077,11.93605355082925,7.921229336068355,282.48499434728785,21.91,511.9493031704838,2213.243214370852,2.191,0,kerala
14.024999999999999,-1.711663420733335,10.946924860022602,3.371777854499487,121.30538517981185,9.35,757.55793867377,2199.568668518995,0.9349999999999999,0,kerala
14.32177734,3.817643166,1.488435388,4.57440567,335.0840759,10.90911579,864.2312012,2340.56,1.5583,0,primary
33.56530762,-1.458992124,1.884488344,1.697529674,171.8698883,12.39233017,896.6575928,2140.45,1.8497,0,primary
48.675000000000004,3.345127600446377,2.1330313490614454,2.6055529924635925,34.75058518049462,32.45,1357.9499915285141,315.186877402885,3.245,1,kerala
36.615,-2.3266291489246216,14.445359249785898,5.366646674929654,82.42573998088415,24.41,682.707447211567,397.84255893643285,2.441,1,kerala
35.05987549,2.769027233,2.54731226,6.083913803,271.2842102,27.91666603,746.3016357,2421.83,2.58,0,primary
21.375,-0.31867319590547005,9.82148603578293,7.904789840505169,68.75940176212877,14.25,664.2499846279748,2024.5152683551814,1.425,0,kerala
60.17999999999999,4.9664452896466855,12.52611294940733,4.7295693093628035,129.1686224985936,40.12,760.1627435226609,1744.0172352319844,4.012,0,kerala
51.165,-1.6635401549542292,12.56613234721894,7.7503481006605295,105.25233029615758,34.11,810.7845578157044,243.35028731330155,3.411,1,kerala
32.235,-4.713017488115066,11.646565353932395,8.05959688933353,128.26148183810176,21.49,1388.8835406146322,700.0431248343891,2.149,1,kerala
49.905,3.9682031969117944,13.314594861057703,6.006894037857391,343.7751972763805,33.27,519.6045514468889,684.2397103919427,3.3270000000000004,1,kerala
18.46298218,3.080114603,1.044417858,2.930947304,198.6494598,13.0822382,371.4825745,2568.37,1.7769,0,primary
19.049999999999997,-2.963415659753166,17.415118592506733,7.470829979258357,136.9177264208237,12.7,512.0573132859779,2042.3634750832462,1.27,0,kerala
48.0,-3.569483449720663,16.689829691859313,8.828604426894213,251.3108663947926,32.0,126.08305717954359,2099.6406146036365,3.2,0,kerala
16.77114868,-16.10857773,18.56321335,13.04309464,323.4293518,12.14211845,500.5883179,785.34,1.8719,0,primary
7.89,4.506563907135181,4.06176187156562,9.287015431640771,63.84367274777591,5.26,265.6714221110716,1565.4783061277885,0.526,0,kerala
13.59,-3.1971572971991034,5.617560673768821,9.096755986825412,251.40742405607534,9.06,636.085353854321,2079.0799474606656,0.906,0,kerala
43.50817871,1.936222076,2.67147994,5.036158085,204.1302185,28.47735405,1149.340454,2207.64,2.9461,0,primary
10.08184814,-0.450862914,17.83872414,6.474014282,177.7851562,9.301041603,801.8504639,409.11,1.5794,1,primary
30.825000000000003,3.16464582931912,12.029409546487072,5.599462159117766,181.3395391437751,20.55,480.52566829347984,1666.061055804096,2.055,0,kerala
63.03491211,0.802864969,2.325968027,2.832772017,195.0538635,39.59493256,1079.039185,2443.89,3.9302,1,primary
61.41,-3.614032767398653,9.004738620688704,3.959071699179845,216.45235531252143,40.94,190.06960180378735,2280.1270215620043,4.093999999999999,0,kerala
39.12,-2.9472669024175246,9.039706950529029,9.503247900296802,200.0350496069321,26.08,1061.3095687780087,930.958133382609,2.6079999999999997,1,kerala
15.345,3.737939551440485,5.13183279031071,2.8035244741991736,21.228543552632566,10.23,586.2050902273327,2460.160443220587,1.0230000000000001,0,kerala
60.42,-3.471524632356966,3.4041631844034095,2.6501135463835426,227.08567702758683,40.28,776.833777587914,810.5092543890833,4.0280000000000005,1,kerala
44.75549316,2.639744282,2.028751373,4.686981678,195.4244537,27.13606834,1368.175659,2068.73,2.6482,1,primary
33.4041748,-3.146302462,17.21637154,3.790004492,269.0505981,25.59632301,238.2704773,652.5,2.9132,0,primary
22.88354492,-39.78964615,17.9204483,7.278857231,256.5546875,17.36478233,962.9995117,526.12,1.9911,1,primary
25.125,0.7527919084237231,6.962076282244962,7.7005576842984835,307.4398573900215,16.75,562.9897803827174,1513.2051395377296,1.675,0,kerala
34.214999999999996,4.7894308303370074,3.081697009338936,7.9613464359017465,83.22026902958648,22.81,334.48110223013657,1728.4998249444102,2.2809999999999997,0,kerala
14.100000000000001,1.2160367379969745,9.939560478445339,7.861363291816056,242.82877758973993,9.4,348.3689764443067,2494.663910449271,0.9400000000000001,0,kerala
57.96,-3.0232834837687337,8.927180248154219,8.115441663448447,200.82856636432464,38.64,826.1024317904976,221.14231219679849,3.864,1,kerala
13.065000000000001,1.5702277558579878,8.33734234039737,5.498923189241064,68.31940626050648,8.71,525.8316158258906,1809.165978530153,0.8710000000000001,0,kerala
63.824999999999996,0.7086600461238621,4.558103604587198,5.2629807960931405,236.69732346541323,42.55,525.4078140628737,724.3276035246926,4.255,1,kerala
30.12512207,-11.19230556,17.46995354,2.836480856,251.5650482,23.36423302,963.8997192,570.62,2.4411,1,primary
47.05249023,2.097642422,1.87184155,3.73452878,336.6538391,32.45905304,292.5397339,2522.57,3.6,0,primary
12.615,4.948545902957196,11.383073832468117,1.5384213747717665,310.52117981813933,8.41,574.8390092006528,2070.1885770521994,0.841,0,kerala
57.92945809259929,-6.068800773811798,18.683486050149092,5.661211448603392,226.32704967471398,35.27338591232407,1256.0170913111929,289.3769319643285,3.492069468982488,1,global_catalog_synthetic
52.965,-2.35826804894426,16.836240360890464,6.0611221567771745,223.98873951647886,35.31,950.1084986804264,731.997860077078,3.531,1,kerala
40.16040039,0.347713441,1.989392281,2.768652678,230.1944275,22.04351044,1154.512695,2415.53,2.4277,1,primary
39.3,-0.8603084159806826,11.196128764904957,1.5447505397655568,128.95681324185415,26.2,256.82986727110324,1832.7636843598389,2.62,0,kerala
26.985,3.7147998789452803,2.610045498209482,7.04662518700343,329.93227621842385,17.99,639.7741386913698,2198.2442596412266,1.799,0,kerala
31.78283691,2.582873106,3.01878953,5.926861763,258.6900635,17.54840088,883.3375854,2220.35,2.1557,0,primary
13.845,1.31843390732557,14.66467462899238,8.494383242091011,154.4099328492292,9.23,658.9537982469284,1716.2047482810729,0.923,0,kerala
12.765,2.1498075168463417,15.604264533152627,5.694225527851403,229.82804914337842,8.51,771.7650425405386,1706.9887167256772,0.851,0,kerala
9.615,1.804959313693173,15.80113534207003,7.0229456151371155,160.72021270012027,6.41,58.79711432663652,2325.2681992875505,0.641,0,kerala
52.965,2.2418554390475585,1.6361685318646941,5.5198252633230585,251.22241278853608,35.31,1156.3677507413845,297.2092223926419,3.531,1,kerala
38.64794922,2.378939152,1.385078549,2.894226789,136.2163391,24.06202507,1336.196533,2347.16,2.7093,0,primary
24.21,2.50559723113589,14.49149936885402,2.518809651342244,27.22688319407578,16.14,66.62811321290131,2287.409380782109,1.614,0,kerala
23.325000000000003,-3.0238926585541206,10.367537484584183,3.811012457415776,256.5895294375423,15.55,772.4821325654764,1594.7568332890198,1.5550000000000002,0,kerala
55.739999999999995,4.4484917804515085,11.055884374925835,3.8162862959525112,119.74784254775663,37.16,149.261836096747,1818.4524824174139,3.7159999999999997,0,kerala
19.41,2.683817192608756,11.775064833298535,2.3676841406566744,124.01903963121363,12.94,611.3686351979146,1579.8433953319866,1.294,0,kerala
40.16040039,-1.259207845,1.545749307,2.378906012,204.4214478,25.86146355,1035.786011,2419.87,2.8279,0,primary
48.78,-0.3260514177383911,2.4417937751871,4.028248922707903,38.610978926601526,32.52,1318.2306378990233,606.4555561500115,3.2520000000000002,1,kerala
41.535000000000004,4.2528821808723976,7.828600649518919,9.029476847970137,16.02319168974613,27.69,603.5121049521284,1680.9864546971962,2.769,0,kerala
64.32000000000001,1.2954955926491145,10.69768152034429,2.007223013908338,275.09428313210555,42.88,520.0981409796943,619.5121951735182,4.288,1,kerala
25.98,0.3864745334346509,14.60711040427681,3.5260594144002315,70.62909679801184,17.32,73.57402014906593,1703.0437064612706,1.732,0,kerala
62.82000000000001,-4.6339103007796725,16.16346236471935,7.5886436904024785,76.11938869079978,41.88,467.4364792483741,1927.4242121499722,4.188000000000001,0,kerala
13.32940674,4.92706728,0.708287299,3.027004004,357.7923889,11.10932827,41.37902069,2499.3,1.7443,0,primary
65.01,4.010893146033947,9.738452367247703,5.700849980393932,100.67686912939105,43.34,1047.6425208234486,523.7508823962744,4.3340000000000005,1,kerala
51.015,2.379211518404344,10.366062082202422,9.441900694863103,99.70678009953329,34.01,653.5440330888522,474.5709240438627,3.401,1,kerala
14.355,4.64410866149076,3.163678981462793,7.9695625650790385,1.6385431579665433,9.57,631.2750048469135,1619.6339342746226,0.9570000000000001,0,kerala
50.82000000000001,3.455562973884616,11.997147773622764,7.807620731094036,262.1712455307958,33.88,722.2002974634127,328.1734610251548,3.3880000000000003,1,kerala
11.925,-1.2597058089332758,11.766773709944838,4.292643949230803,223.99218199882435,7.95,614.7820992057776,2119.7914440325494,0.795,0,kerala
27.735,-3.425482956389869,7.1227471702793705,9.777066992220936,278.62724295155203,18.49,190.67333246747984,1679.4831559932672,1.8489999999999998,0,kerala
31.545,-0.3480409918557559,7.217650869326064,2.837363083929117,295.90778269539004,21.03,1166.6632411087814,251.9734086930785,2.103,1,kerala
19.50952148,6.355958939,-1.058234096,1.226825595,286.0162964,9.701444626,1148.914673,2768.36,1.8653,1,primary
53.775000000000006,2.285194622254987,1.7950325686639212,7.353088197201771,121.79868852378618,35.85,554.8884253214155,895.6567867263453,3.585,1,kerala
34.078125,13.54836082,0.568491042,4.337255478,228.7046051,23.44190788,308.7663574,2585.63,2.5005,0,primary
37.32,-4.203135997334857,15.40013053205239,8.903450180123135,295.82369903628825,24.88,771.9945161871674,2314.336381615993,2.488,0,kerala
35.745,2.2463697079862133,12.125077713899323,4.672276660956913,52.31982297126364,23.83,690.3460775951439,936.6176744298658,2.383,1,kerala
53.265,-3.685545612068827,1.6328326323858886,3.039214472206604,108.13643842075797,35.51,459.02378960965314,2003.2718563195108,3.5509999999999997,0,kerala
32.82,-3.624806536631061,8.883756887908744,2.841722889034043,242.94347526912503,21.88,642.5686148388256,1793.6849464828024,2.1879999999999997,0,kerala
20.7130127,-27.87913895,18.22790718,9.550261497,212.1946716,14.43057442,855.8425293,485.46,1.9213,1,primary
19.335,1.2669281289683108,16.349155087268016,9.00156197918429,92.86727274695227,12.89,111.04702680894317,2010.7273168592503,1.2890000000000001,0,kerala
57.19934082,1.871151686,2.022934675,5.772594452,303.4975891,24.18434715,1038.924805,2170.61,2.7752,1,primary
62.19793701,10.36147976,0.113445237,3.247006416,215.934967,35.48147583,1019.829773,2371.22,3.0424,0,primary
49.89,-4.697156363237312,7.044004573105177,6.036138743849306,196.67620584343268,33.26,568.1945874702664,924.9081322877219,3.3259999999999996,1,kerala
43.305,-3.7612888971595435,15.20884449337611,3.0511926641253257,309.1167237051764,28.87,1080.6433857698194,298.920743929326,2.887,1,kerala
11.91,2.189574628611158,13.400615632181875,2.950286719994285,247.0774664799284,7.94,458.6593897910599,1751.140417975609,0.794,0,kerala
20.01763916,-117.0938339,17.12921524,3.036570787,259.1066895,15.25029373,127.3011093,823.56,1.5485,0,primary
33.075,-1.9732326269381941,3.3041438586091885,6.675926308294795,165.1299921345968,22.05,202.2479904980079,1887.8707830262024,2.205,0,kerala
31.424999999999997,-1.9990778095352582,11.54062368885873,4.787672894308026,246.602961404665,20.95,869.3145713131682,457.4515390183306,2.0949999999999998,1,kerala
37.68,-1.2075257274437012,7.434901202564549,2.580106435439401,18.48510102585252,25.12,982.474761848647,921.0303060805579,2.512,1,kerala
57.19934082,1.871151686,2.022934675,5.772594452,303.4975891,24.18434715,1038.924805,2170.61,2.7752,0,primary
59.19,4.3361429125338695,8.565070159508178,6.515546511713239,197.13378114116384,39.46,1282.090397046687,906.7383801578947,3.946,1,kerala
26.31,0.9369889143193157,11.071922419557376,4.2815045471494315,100.64576710885767,17.54,70.98653504883879,1862.9952949623262,1.754,0,kerala
19.5,4.304961991502884,15.887480977874471,8.00412442499232,85.45218502237964,13.0,397.3787897658957,2039.5913114023272,1.3,0,kerala
45.79168701,33.28287125,0.43451649,7.316679478,195.5914612,29.12597084,810.6776733,2207.28,2.9332,0,primary
15.68811035,0.732387424,2.232353926,3.619553566,302.8258362,11.236166,851.9867554,2336.57,1.8687,0,primary
50.985,-0.09681259921492114,2.4552208178973243,5.951304760483698,5.734598006760265,33.99,1009.9294733011193,698.4378515985779,3.399,1,kerala
63.480000000000004,4.986749664213892,7.782419477276736,5.789085623833827,1.4673687972618676,42.32,933.7318501052367,947.9044312859914,4.232,1,kerala
20.205000000000002,-0.1571441322005951,13.91253319518718,8.638142115624559,313.3044419156769,13.47,149.02648142972055,1569.0014624615528,1.347,0,kerala
62.625,1.8571082955262161,1.5538946053385838,5.056115582594585,168.4563173763441,41.75,523.0379009346235,1979.9957200361723,4.175,0,kerala
29.700000000000003,2.3072942373066754,16.87585085080692,9.736547961833804,277.6393186919432,19.8,372.0112687416424,2339.114724479954,1.98,0,kerala
63.21914366103914,-5.637297036027965,18.792436885490904,3.390075246379187,150.29580560901525,44.39604546789758,842.4879964281282,566.2062224650808,3.4225309588488155,1,global_catalog_synthetic
22.38,-3.9120509923936275,15.983426348860842,1.9302380223981737,45.336947314466315,14.92,372.86427229899715,1747.8922726360522,1.492,0,kerala
38.89547051888559,-5.28142206396865,18.46983820115783,7.445215197820359,186.82334453045007,28.221256423068475,919.7383905196695,409.3476699738011,2.4600101470828086,1,global_catalog_synthetic
59.16,3.4740333401967156,13.93320456087652,8.076222381800614,295.42456633554684,39.44,1269.8955556443161,828.1459692472288,3.944,1,kerala
63.300000000000004,0.5949638592270876,4.858530017279939,2.368359885367735,21.86326961661042,42.2,940.0161705636274,294.7172639897865,4.220000000000001,1,kerala
13.49487305,-3.494983435,17.06341934,3.138249159,258.9040833,11.62159824,936.409668,902.53,1.8891,0,primary
56.144999999999996,3.62575742704745,1.057390330011104,4.466548392498654,3.8329641745823784,37.43,1206.2845882983602,634.1445187363918,3.743,1,kerala
26.085,2.0705805410309894,1.3336927902997888,3.1066616622189196,270.7118639815722,17.39,281.29979817839876,1843.8063325157614,1.739,0,kerala
46.905,-0.5887715164460374,3.5886524212579625,8.09038274260843,197.94118180168718,31.27,678.1044449575736,301.5247762717237,3.127,1,kerala
40.935,-3.953565892690513,11.75012378021305,6.727519447709561,247.9071489618241,27.29,968.3311776541857,375.90343275121995,2.729,1,kerala
59.010000000000005,2.6765203844380405,14.042501433039336,2.454497857262398,296.15876969609565,39.34,523.3573383465537,795.835917912271,3.934,1,kerala
5.626148224,10.11493397,1.930853248,9.012242317,341.6975403,2.748899221,14.15034389,2356.07,1.1035,0,primary
32.13,0.06410975571328059,13.168633070261587,9.775902560550648,90.75209047912216,21.42,591.6733658603905,362.2070235301612,2.1420000000000003,1,kerala
52.605000000000004,4.6919699064267935,7.353222292473322,4.912999164721824,188.51858364292232,35.07,605.2184361465314,268.93619651569605,3.507,1,kerala
42.480000000000004,-1.1084840418727824,10.184625842010588,2.9896534845150025,41.89879876755308,28.32,696.0619561935057,562.7596049845731,2.832,1,kerala
45.075,4.017588258981677,14.937648954005985,9.265242149715974,60.679981946032406,30.05,256.81014878615815,2535.0664243357332,3.005,0,kerala
62.31,0.0764322446957566,14.051077400134028,4.268764918135857,20.790682862791382,41.54,845.2411773375554,993.7835365124018,4.154,1,kerala
41.62457275,-4.100553036,17.27885818,3.869167089,283.9682312,29.80734825,454.8065186,518.73,2.9346,0,primary
19.77,3.4844232704468965,17.47729892415884,7.125610055837084,256.3089516322468,13.18,596.3594363877107,1568.5059759074536,1.318,0,kerala
57.224999999999994,-2.4161108283326813,11.020845831927351,9.746423142805043,93.49860937406942,38.15,687.24392685078,564.6055337454068,3.815,1,kerala
19.544999999999998,-1.7873098844450244,1.3532969865605429,2.0228893284641654,154.82433323403035,13.03,552.5234585371638,2382.20409169067,1.303,0,kerala
14.49,-3.8899729705166286,14.158893625468952,4.613581463061429,188.38962974719968,9.66,68.28396269050525,2072.4539704255085,0.966,0,kerala
9.765,4.1955229602184705,15.223553840687002,8.153898531728512,288.98953369494495,6.51,372.3534773200529,1595.3550418589332,0.651,0,kerala
23.025,2.3640821785375863,2.433682123187893,9.299714994193586,61.603457619659906,15.35,398.21384580075096,1548.1253379695568,1.535,0,kerala
62.42999999999999,-0.6368984977626244,14.942439607869908,5.783334714073799,349.9977274390644,41.62,687.0037413474735,244.52559946443486,4.162,1,kerala
49.875,-1.9426466809021692,8.778532795056929,9.978393197284797,146.58360996984186,33.25,564.5436506277814,1938.226108635386,3.325,0,kerala
44.76715088,33.10635757,-0.778044224,3.713339329,13.11154938,32.50179672,713.9078979,2728.88,2.9037,0,primary
36.56237793,-6.993510246,17.18956947,3.136009693,166.7262115,22.25145531,1234.341187,489.13,2.7483,0,primary
22.86,-1.3742599331151806,17.41296975576237,4.5693348819653075,25.784341108980474,15.24,534.0846027448727,2004.9549314522883,1.524,0,kerala
14.549999999999999,0.8901527879111111,13.209857370775055,9.939358281467914,157.38493824143407,9.7,195.8447998048024,1936.4098660305604,0.97,0,kerala
21.435,-1.6001068165686458,12.476541376789969,2.624866629163984,282.24821966447826,14.29,550.3279833821886,1913.5685258753172,1.4289999999999998,0,kerala
45.82290649,-59.14604187,17.88495445,7.682698727,129.5830841,24.65972328,178.1296387,898.64,2.5801,0,primary
53.19,2.400365776363018,7.38571654080533,5.314039558989655,335.69288263836796,35.46,1035.329282356388,300.0721907489299,3.5460000000000003,1,kerala
17.16,-2.9801690818420337,8.616905121634929,3.100128355755676,275.93182813665874,11.44,234.79638275447795,2432.9879960193293,1.144,0,kerala
16.44,-2.011069287598927,4.729591491871159,8.504182208273413,301.8500758968373,10.96,752.0740733451206,2387.4541189489614,1.096,0,kerala
62.11627197,0.914426744,3.314935923,5.111011028,100.632782,41.81087875,758.1533813,2340.21,3.8785,0,primary
62.46,-0.46430673610937223,12.021261840267488,4.529266920850775,33.39120332510668,41.64,905.8375596177084,252.41837415690992,4.164,1,kerala
46.545,-0.6390859429221827,6.064548563775967,6.074266109199502,95.608113028063,31.03,784.6621472976899,573.7727030288513,3.103,1,kerala
14.28853416,0.999751866,3.27865696,4.704715729,158.5150452,10.83667564,9.84129715,2015.67,1.6152,0,primary
24.81,-3.0051792380529574,8.470622418573996,6.275427435033282,233.91430170562637,16.54,739.3491953427939,1734.4484633785041,1.654,0,kerala
38.64794922,2.378939152,1.385078549,2.894226789,136.2163391,24.06202507,1336.196533,2347.16,2.7093,0,primary
33.36,-3.1827889462868795,5.436930515179485,8.24937187392721,288.0349736463834,22.24,1120.553203775993,524.9946386023374,2.2239999999999998,1,kerala
52.125,-0.5893815338990649,3.097989214203577,4.9233858031952,251.1199785334594,34.75,237.36710027382804,2206.117027366172,3.475,0,kerala
50.385000000000005,4.3926620777525756,3.6945151218250003,4.731792800008419,250.44893924988995,33.59,799.1279890259436,351.4927593948073,3.3590000000000004,1,kerala
42.495,0.12417116397433148,10.5147936667869,8.394817953830227,114.02532692101666,28.33,539.6245970521314,1526.8516126087022,2.8329999999999997,0,kerala
26.505000000000003,-2.546600008541011,14.307878243703469,6.373871161793603,18.78933325133228,17.67,396.6501878462772,2503.4518402551553,1.7670000000000001,0,kerala
72.71031479670627,-6.685805764502025,18.014789561319596,6.51319043238199,157.94055814492103,36.316910498078954,1364.3316474226042,247.66829372726704,2.2011699391847706,1,global_catalog_synthetic
61.949999999999996,2.8494583796296595,4.6941877802843015,4.3657519602191925,223.09751796190338,41.3,927.7792727328149,291.7462767766291,4.13,1,kerala
10.649999999999999,1.3708221423193612,2.029921465293452,6.271542560699022,114.94604148379224,7.1,238.3513718926235,2585.945824353112,0.71,0,kerala
43.11,1.2915744005359464,5.407281488415807,3.3582913388183373,214.86109155065083,28.74,1096.6597066722761,631.3412364183424,2.8739999999999997,1,kerala
17.62360001,-61.46516037,19.96099472,48.65426254,40.58333206,10.92498398,-18.4146309,631.7,1.2411,0,primary
43.08056641,2.378939152,1.385078549,2.894226789,136.2163391,24.06202507,1336.196533,2347.16,2.7093,0,primary
48.285,3.476542680951267,6.618131663387355,6.354823845052856,14.118905261867711,32.19,1293.0877592838985,857.7427865093522,3.219,1,kerala
77.24731445,2.658363819,1.227903843,2.881559849,127.3222427,41.26728058,1460.617188,2355.76,4.0729,0,primary
13.934999999999999,2.143194090046059,5.035352741051054,9.72224560476862,242.3377779269078,9.29,278.8012969732298,2340.3350224925616,0.9289999999999999,0,kerala
13.035,-4.032417791924593,11.155753785949733,4.382309953721621,300.2124102621927,8.69,432.85403082598935,2095.7492759897013,0.869,0,kerala
77.14449450708253,-8.92893930279143,18.838224532951198,2.6742857011920687,142.87087043556033,38.953304147773174,1159.5947878439267,361.76828757627334,3.3682792347492536,1,global_catalog_synthetic
40.8,-2.626630419649658,5.242070525448668,1.5827488222000303,264.1087380570548,27.2,175.93258670866993,2230.173574403425,2.7199999999999998,0,kerala
15.9045105,79.41278839,1.841913223,21.51696014,297.3283386,11.0041914,274.2590027,2157.72,1.3521,0,primary
63.08868408,-1.175724864,17.7974472,6.011553764,345.4996948,43.23331833,667.857666,917.0,4.1507,0,primary
21.75,2.489929665731248,13.810491939767703,7.717981587596214,174.26575173583498,14.5,780.7314134111397,1599.6791443880934,1.45,0,kerala
29.400000000000002,-2.673095100554864,16.94743552476305,8.8495308516421,47.38343666852428,19.6,338.7545722601636,2581.9916181397703,1.9600000000000002,0,kerala
23.009999999999998,-2.9187915576056245,17.966270818616103,8.336277410250048,203.7041376106698,15.34,307.76461247893684,1932.3453102859835,1.534,0,kerala
22.76672363,2.261890888,2.784534693,5.659972191,285.5274963,16.5941925,837.2831421,2083.47,2.1627,0,primary
11.39172363,0.301554114,3.754763126,6.336472511,289.4796143,15.70054722,810.0384521,2148.91,1.8845,0,primary
24.660000000000004,0.4412168817381614,4.080984585596381,3.0813690048418314,17.430903759800795,16.44,99.58418414651226,2547.4379038550924,1.6440000000000001,0,kerala
49.515,1.6064098925170534,5.024350023740898,4.5672530818579355,20.2386827317292,33.01,417.59021329352595,1770.9260359288937,3.3009999999999997,0,kerala
52.48480225,-6.77661562,17.38202477,3.874136209,198.8106842,30.34217072,1191.025024,374.92,3.3108,0,primary
10.67148972,-15.12785625,19.07884216,6.155445576,268.5040588,6.245872974,13.34690285,568.85,1.5478,1,primary
35.655,2.84988022395358,7.565683110748179,1.613563550779726,32.858671157482185,23.77,615.6428466946918,379.8752808324509,2.377,1,kerala
64.545,-1.676674223553758,14.655514729458863,6.005582869089897,141.66198227243763,43.03,1178.3235766002322,924.9526125015155,4.303,1,kerala
45.3,-3.284833458462656,8.750856741489715,6.11094393845333,26.14229061731949,30.2,536.8748316628976,1934.3309344090362,3.02,0,kerala
43.50817871,1.936222076,2.67147994,5.036158085,204.1302185,28.47735405,1149.340454,2207.64,2.9461,1,primary
7.695,2.141056146241435,5.466044299621737,2.965235293815029,85.40850722984653,5.13,728.4914314372427,1603.366712045978,0.513,0,kerala
49.845,-2.2385075046423597,12.87329723143322,2.74270421202364,230.8887203835499,33.23,913.9837035814384,715.5465078346249,3.3229999999999995,1,kerala
19.34960938,1.40578115,2.138541937,3.435271978,188.5800476,13.25316429,915.2078857,2367.79,1.7828,0,primary
7.98,-3.726514434668874,14.618926883543883,4.568659768513115,297.8893527854557,5.32,511.5253070529338,2135.5608461118654,0.532,0,kerala
22.665,-3.058836755011698,1.532096914730824,8.885807242418949,170.44329357889924,15.11,691.6061627326161,2580.191434021237,1.511,0,kerala
16.544999999999998,4.861831441308443,9.532708483681223,9.573437324283663,153.94657416247918,11.03,307.4353279012614,1871.0104635760981,1.103,0,kerala
56.31,0.7692418180279956,5.609328709048369,8.27931345034418,301.13555310787166,37.54,734.6437457361891,336.0958199795524,3.754,1,kerala
26.84698486,1.983303308,2.674739122,5.308569908,177.1481934,22.21528625,356.2499084,2431.77,2.3469,0,primary
39.63,2.8577330944784567,1.5439033444945052,1.782683068267081,202.54919841946878,26.42,1270.989653938473,992.4972275708499,2.6420000000000003,1,kerala
27.869999999999997,1.7649887456523414,7.555963691988411,7.869468513317869,79.59464545294291,18.58,68.31817392203227,1722.2100351446377,1.8579999999999999,0,kerala
26.41149902,48.70251083,-2.12829113,2.491764307,233.9908142,16.87865829,617.895752,2560.72,2.2537,0,primary
14.805,-0.06489585195419423,7.964896951168918,7.152505136538201,9.437471136405282,9.87,661.7145904379851,2586.298195976544,0.9869999999999999,0,kerala
32.48425293,3.77884841,1.821016669,5.772594452,303.4975891,24.18434715,1038.924805,2170.61,2.7752,0,primary
60.345,-4.923359655785573,15.3918534026917,1.9400834333568815,142.03824779132927,40.23,1111.9498829650497,369.99362257698573,4.023,1,kerala
12.495000000000001,3.419605161144201,15.578204374868692,4.16471934715091,344.7884854876025,8.33,273.69490058143197,1970.7296458563621,0.833,0,kerala
9.495000000000001,-1.2623432505602694,8.065021279582256,4.4961544783828415,224.9124659285272,6.33,67.49358031423142,2388.0473922336996,0.633,0,kerala
24.63157654,-1.666552901,19.96786499,17.9555378,32.36722183,15.97674847,90.57626343,212.79,2.0894,0,primary
40.155,0.2538930326562756,10.34512041594735,2.0932093932921307,23.237391060248058,26.77,512.6499876091565,625.3357773087005,2.677,1,kerala
41.88677979,-1.980363607,17.00212288,2.950205564,137.0847778,21.88264465,881.0415039,475.46,2.4497,1,primary
29.145,3.528767511289848,9.820287143001977,1.2138218234616445,58.03339272634553,19.43,401.83515637958817,1880.2868922206242,1.943,0,kerala
64.33500000000001,4.806536905179113,17.616496395510243,6.095207620705281,285.53119051811217,42.89,647.4622267539041,2438.511839642389,4.289,0,kerala
34.47,3.751946493932481,15.423539309043203,5.519804459197699,27.888025521303796,22.98,211.79486774227453,1822.9952790106847,2.298,0,kerala
11.66479492,27.19544792,-2.711860895,1.190823436,273.3710327,7.079724789,604.5457764,2507.73,1.3005,0,primary
42.375,-1.6165419376906396,9.765349865639894,3.7768954167594164,320.43908987016357,28.25,1339.2668253535057,855.7368366816809,2.825,1,kerala
17.56440735,-5.770325184,19.29137039,18.00349045,2.966819763,15.80465412,162.8038177,611.75,2.0767,0,primary
19.515,-0.5364081482937166,13.443008304060905,4.455674955174099,355.45557606606127,13.01,353.40125466417845,2001.128378349739,1.301,0,kerala
9.531524658,0.397570431,1.262435555,1.054453135,305.1085815,7.356790543,33.67847824,2543.77,1.3401,0,primary
29.67456055,-175.9410706,18.29582405,9.382284164,192.8543854,19.85610008,919.6137085,751.51,2.439,1,primary
49.27966309,-5.269521236,16.96024704,2.663095951,273.8417358,36.53218842,1125.532227,705.13,3.5288,1,primary
37.515,-3.2396353972373584,11.718303894358435,6.699345235451515,255.87535126150283,25.01,1016.6295257559201,543.2921614597044,2.5010000000000003,1,kerala
33.599999999999994,-2.337019736282815,16.730887173000323,7.954441019173118,236.35932606363784,22.4,563.3826557771935,765.1018242597678,2.2399999999999998,1,kerala
40.16040039,0.347713441,1.989392281,2.768652678,230.1944275,22.04351044,1154.512695,2415.53,2.4277,1,primary
34.25469971,0.063273109,1.99613142,2.541484833,116.7118607,19.01429176,1352.327515,2127.56,2.2285,0,primary
49.199999999999996,4.910354702711677,6.413509075500794,3.1812065174597657,232.73848265341772,32.8,731.9695202919612,233.17043540940955,3.28,1,kerala
49.574999999999996,2.976573779097116,10.70752251318892,8.510071473424535,70.97024306718829,33.05,471.15343744599727,1654.8961805106287,3.3049999999999997,0,kerala
28.185,3.6767571377158657,11.094607957691139,7.957100648684517,230.5930688830758,18.79,363.2818504344966,1532.1028599428307,1.879,0,kerala
50.085,-3.952455155940301,7.807645930486023,1.6274245985791551,104.55242621682308,33.39,1307.0476657087233,730.4519666114301,3.339,1,kerala
40.8,-4.666399476160721,8.306703673633212,3.17135869566568,31.178747130297605,27.2,638.4917057926168,2078.8465153310044,2.7199999999999998,0,kerala
20.85,-2.370144913287453,16.923306755832495,2.074596308201078,187.77842373869686,13.9,325.72054364519204,1792.6752271537184,1.3900000000000001,0,kerala
53.985,-3.9926712026297153,7.354674803372004,3.8861087740419884,157.79869293976105,35.99,173.49023679163588,2154.228838219562,3.599,0,kerala
3.554094315,6.497720242,3.922913313,15.55284309,228.1386566,2.268288612,13.5044651,1840.63,1.0811,0,primary
47.955,3.6305535919512515,3.215399559543928,1.8785659097276335,33.46530589688891,31.97,664.714943445558,1620.517250548466,3.197,0,kerala
58.485,-2.0846946725476,6.715897725884411,7.905427526063698,192.5994208726976,38.99,711.9855913522566,847.9730879951841,3.899,1,kerala
30.07037354,-10.32076931,18.14590263,9.1496315,84.34387207,22.8879509,1018.687012,448.84,2.6166,1,primary
10.2,4.54553947220978,4.761436104832245,5.258673760824019,96.59057163374607,6.8,222.19660319454343,2448.2618190279163,0.6799999999999999,0,kerala
57.4765625,-5.31160593,17.43580437,4.620948792,243.4821625,34.21396255,1187.612793,869.79,3.2515,0,primary
43.38,-1.0980859860052594,6.204847473932379,7.314088719171382,236.5047780282859,28.92,529.572973086507,386.2470971287716,2.8920000000000003,1,kerala
20.19,-1.6967378848391723,17.136140520381645,3.0615940343441994,45.04283140312714,13.46,313.4003591843126,1728.726004989379,1.346,0,kerala
27.900000000000002,-3.4436259394309623,14.482353386756962,6.23696014525712,39.32407497802973,18.6,422.9614456575849,2446.432019556379,1.86,0,kerala
26.06637573,1231.385742,3.582745075,63.94212723,128.6085968,16.84188271,509.3473511,2122.29,2.0256,1,primary
46.2166748,-11.39626503,16.98375893,2.585724592,203.2205505,30.82424927,1142.253662,593.73,3.3323,1,primary
64.74,-1.5822395761340777,14.049276764521824,8.085212953740655,272.42577738103694,43.16,820.3149675889558,632.1362534936204,4.316,1,kerala
40.16040039,-1.259207845,1.545749307,2.378906012,204.4214478,25.86146355,1035.786011,2419.87,2.8279,1,primary
50.84069824,-11.23847866,17.47285652,3.315573454,196.486618,29.98818207,1130.69751,200.73,3.3275,0,primary
20.28,3.9459442047553157,15.801327850766604,5.976602938253032,60.655400532768795,13.52,555.0903247969643,2317.9474784723852,1.3519999999999999,0,kerala
41.61,2.165409312930688,6.856725167247493,3.2498190652722205,253.53594235665085,27.74,621.6740869491374,431.01227315802737,2.774,1,kerala
32.625,-2.3908012309218396,4.938993783341216,3.7288971654921066,269.22287402441407,21.75,833.634394260094,978.0442063855415,2.175,1,kerala
7.432189941,-4.320664406,19.25746918,31.62296104,74.30583954,8.128151894,871.9666748,593.1,1.6062,1,primary
73.90461099632908,0.8941818369529795,18.975106178282957,6.9343380374466435,122.80953555219669,23.16781155111539,1238.761360160152,659.0906367531622,2.610684541724087,1,global_catalog_synthetic
59.760000000000005,0.6255588662575109,1.6074541194056644,9.401286376852383,162.65087590549714,39.84,801.3854620823759,769.4208991403938,3.9840000000000004,1,kerala
9.165000000000001,0.06895252681811748,3.8904794079773035,7.580659012014138,259.4819496441975,6.11,489.444672086921,1681.6555093297995,0.611,0,kerala
53.385000000000005,3.5114920831604053,13.839136419087184,2.753348423386731,68.80352016019961,35.59,1288.6794767422132,939.9508438705577,3.559,1,kerala
17.174999999999997,2.037415084688268,7.113604690682993,1.9678551227376206,284.0710401362995,11.45,590.7667246254578,2229.2228602325627,1.145,0,kerala
65.83453369,-0.602693856,1.442654371,2.28929019,171.1648407,38.16912842,1014.248352,2438.25,3.6191,0,primary
47.22,4.623608552268239,14.044533788635388,8.351309415701543,271.37155711884463,31.48,176.49574246766696,2585.84007386566,3.148,0,kerala
44.535000000000004,-0.9648939130077663,14.016836195149388,9.84978073265852,155.61686878528042,29.69,1195.8588430634163,220.67992332447483,2.9690000000000003,1,kerala
57.449999999999996,0.23562086865680065,3.100714829317388,2.613335816966689,213.7267543624119,38.3,968.2943616206837,499.65346183102133,3.8299999999999996,1,kerala
63.989999999999995,1.0109655299488498,5.598847287248666,9.760358737403038,93.9737671117311,42.66,911.1596816600611,728.7855271566391,4.266,1,kerala
41.339999999999996,-2.8683059741373462,4.949679849905454,5.566344826909637,343.504090755097,27.56,465.78428214195907,2205.7023842680182,2.756,0,kerala
54.135000000000005,4.23903548028939,3.4278855256966096,9.06269447553953,97.65212314737623,36.09,148.9586713663126,2362.3475838297327,3.6090000000000004,0,kerala
35.9720459,32.36952591,2.621386528,2.953864098,303.6963501,15.07174397,921.5258789,2074.17,1.5628,0,primary
34.60253906,0.450201631,1.666570425,1.38351202,58.52160263,20.92826462,293.5554504,2341.0,2.3657,0,primary
67.095,3.5914183987018227,14.860045311808307,1.6701253646901808,186.52329870737472,44.73,1334.3460242813317,476.29079166121915,4.473,1,kerala
48.10545349,-4.657248974,16.92911148,2.638180017,314.1754456,27.71346283,216.5267181,557.21,2.8416,0,primary
62.775000000000006,-1.1069516007959166,7.5896664745796665,1.1017822334337084,109.02264978331583,41.85,74.80317673452262,1623.2656195938148,4.1850000000000005,0,kerala
38.44616699,-16.90543556,17.30371666,3.869277954,198.1100922,27.08722305,1283.277832,238.4,2.9493,1,primary
24.74829102,0.009049993,5.132440567,1.077673197,137.721405,18.65704536,1072.373169,1960.33,2.1322,0,primary
8.685,-0.5828081020819216,12.802424761147886,8.937138252629712,310.9329499411205,5.79,400.8168279637437,1749.6965503708577,0.579,0,kerala
42.65142822,20.49152565,1.308061004,8.744865417,75.18164825,29.92802238,993.7875977,2370.73,2.9508,1,primary
40.545,3.6629824933166972,10.06612389773016,6.63168871974772,242.90931144839524,27.03,753.2716047743617,229.26151051758046,2.7030000000000003,1,kerala
21.9942627,-10.1583271,17.59546089,4.409893036,236.0357819,16.29959679,853.4862061,532.79,1.9332,1,primary
29.82,-3.689219615376955,11.143576345997415,6.851519830542129,210.7337536138329,19.88,217.5065936103978,1621.7133090981608,1.988,0,kerala
10.67047119,227.8259125,6.267930508,524.135437,226.0341949,6.764800072,763.2028809,1909.33,1.601,0,primary
21.73352051,0.221764356,2.096898794,3.016335964,236.4277496,15.70014095,903.0039062,2170.76,2.1584,0,primary
42.220908339201245,1.6097662799343393,18.10623800340743,6.48530864580275,262.7180787575112,33.293908384249754,1109.6534477843497,643.276293326196,3.391426222397153,1,global_catalog_synthetic
26.02336121,1.761422157,0.829756141,1.907831907,63.86043549,23.00827789,158.5943756,2464.28,2.6294,1,primary
44.446709983432235,-0.9197895993553509,16.94558898221144,7.390722066221949,159.31303883657168,44.608954478218486,920.9697525623866,370.7788355768613,2.92099640007389,1,global_catalog_synthetic
56.49761963,0.99329114,1.543756604,2.115260124,237.0102081,36.1979599,998.7528076,2507.87,3.4926,0,primary
69.67886631181361,-9.186042857793117,16.628696195410626,4.320157312676977,109.45090405669669,35.41788370994114,1204.4880645318106,445.72655730771964,2.7210159708989683,1,global_catalog_synthetic
32.894999999999996,4.952072961161452,3.1914676679673963,2.807245306342134,243.3043292706956,21.93,936.3821802980888,961.6771984197675,2.193,1,kerala
52.48480225,-6.77661562,17.38202477,3.874136209,198.8106842,30.34217072,1191.025024,374.92,3.3108,1,primary
41.61,3.900051639477976,16.391105563750614,4.58213484428625,93.20580583250474,27.74,897.2924410156318,250.57290348890353,2.774,1,kerala
15.120000000000001,1.731082348179469,14.657846880906261,9.222863378760474,184.51981891775873,10.08,177.22558726041694,2476.912921560412,1.008,0,kerala
30.82580566,1.054068923,3.921756744,7.199720383,176.5644989,25.09755707,615.3389893,2180.1,2.7645,0,primary
31.68,3.9294253216378383,5.343319841210908,8.62787120798024,205.77516352161305,21.12,690.2838282195013,451.44699756760235,2.112,1,kerala
58.815,-2.5318117999849776,12.279624079858461,1.9054864611755573,321.9681153506911,39.21,951.0779182028089,948.7535828391641,3.9210000000000003,1,kerala
55.98687744,3.136006117,1.968798518,6.802821159,196.2238464,36.5682869,1413.560425,1992.83,3.4831,0,primary
19.14,-0.2995065146673852,10.488586920408,9.138300834307186,226.7945936540454,12.76,606.8948914912198,2337.0571082974734,1.276,0,kerala
42.20458984,0.775829494,4.368178368,7.963843346,205.1607361,28.55668831,1077.814453,2229.68,3.0273,0,primary
29.28408813,-375.7571716,17.88706398,5.638371468,17.92751312,9.492994308,40.70591354,600.18,1.695,0,primary
14.415,-0.4120558782331347,1.5670634113220596,9.047605638723406,157.08397471764155,9.61,645.8382506903341,1564.7980671464225,0.961,0,kerala
42.57,1.2753924035047168,7.684477364701219,3.020437120524715,11.183873717633404,28.38,1389.14729203972,455.38021708615065,2.838,1,kerala
32.67303467,-26.05899239,18.61807442,13.58563805,279.6846924,24.32150459,993.2248535,452.17,2.7727,0,primary
21.165,-4.4884155759130255,6.324199782755691,9.030553747363342,246.5593023111433,14.11,176.85118070287922,2001.7183867361664,1.411,0,kerala
49.574999999999996,3.770571601846598,15.578748689146666,6.679818599711157,65.94062359261632,33.05,53.06936292067117,2371.9487245727187,3.3049999999999997,0,kerala
55.59,3.5179377256842272,7.58255670125587,6.531017056158973,115.68089936015627,37.06,724.8864170636045,771.0218675703215,3.7060000000000004,1,kerala
16.04266357,-6.428192616,17.67292404,5.259901524,260.5951843,12.07471371,93.65332031,761.59,1.9846,0,primary
11.205,4.039739500846203,12.521478053346957,9.354654733872115,77.2026979245634,7.47,641.9663333394578,1926.4373831046266,0.747,0,kerala
53.550000000000004,3.5094974311967917,17.57209716121242,5.6872217069806545,186.65347340106257,35.7,439.8184806748018,2112.3603660459225,3.5700000000000003,0,kerala
45.375,-4.125014247310794,11.514520197542664,8.888696277790931,122.70376353361638,30.25,127.24788243510963,2074.186167614531,3.025,0,kerala
79.64172363,-3.83988142,18.25285721,10.26164436,224.3854828,44.02930832,956.9260864,537.08,3.8672,1,primary
63.92132568,2.222956657,1.859665751,5.322744846,220.5898895,39.69584274,1036.721436,2112.98,3.8795,0,primary
14.535,-2.4320223083046697,8.984715889052161,8.855682171468896,289.0875661817208,9.69,516.1291911406591,2384.1685226633817,0.969,0,kerala
34.25469971,0.063273109,1.99613142,2.541484833,116.7118607,19.01429176,1352.327515,2127.56,2.2285,0,primary
60.974999999999994,4.997856658899597,9.515007218335194,1.9314856102319322,287.6070329332444,40.65,1012.6472408997331,335.8931416489712,4.0649999999999995,1,kerala
21.9942627,-10.1583271,17.59546089,4.409893036,236.0357819,16.29959679,853.4862061,532.79,1.9332,1,primary
51.285,-0.3543548051350349,11.575549747896849,4.1273855538499,45.85223931150212,34.19,704.563962292436,321.6481208593682,3.4189999999999996,1,kerala
19.26196289,-1.458992124,1.884488344,1.697529674,171.8698883,12.39233017,896.6575928,2140.45,1.8497,0,primary
48.36,-0.5556074487883258,9.848920933837093,6.8554758063641845,254.9133131800867,32.24,644.0309291370359,268.5322992387306,3.224,1,kerala
41.595,0.4410305540466002,7.8664842935813315,3.2195377516601402,170.31325007301422,27.73,662.2738124991931,256.05971061551764,2.773,1,kerala
66.94500000000001,-2.8218356433253344,16.347054050472693,3.25071755327488,40.69372234293051,44.63,1149.769067162665,537.1799754820518,4.463,1,kerala
21.93341064,-24.28869438,18.69344139,14.40558243,133.4223022,14.52072239,275.8659363,621.94,1.6448,0,primary
31.53009033,-2.628214836,17.03599739,2.922087669,278.3276978,25.50806618,809.4834595,683.06,2.7157,0,primary
56.519999999999996,0.9468852811979431,14.520105824746935,1.2392431396709538,203.2193822043418,37.68,798.1586687886379,2012.0978541352192,3.768,0,kerala
42.740179290915805,2.480566776933115,17.388356523610796,7.533119502665635,187.84925635916437,43.92202699046976,1016.8991165270149,655.4763142250804,2.377916384642675,1,global_catalog_synthetic
54.045,-2.8248081364474786,13.08134807812229,8.092695750070593,194.28187737030456,36.03,426.5973213388153,1626.2343257176567,3.603,0,kerala
42.06,4.767934791536485,15.185140588053821,9.506450259126005,159.5034457533991,28.04,750.3226911439378,777.1208647116929,2.804,1,kerala
22.76672363,2.261890888,2.784534693,5.659972191,285.5274963,16.5941925,837.2831421,2083.47,2.1627,0,primary
31.455,3.6332863668917383,15.630100090058557,7.9243754868402085,56.28653640402475,20.97,1110.6848869332896,238.61429552437193,2.097,1,kerala
9.254999999999999,1.526336752662849,8.56572669961102,6.838033359974968,29.83639712145402,6.17,355.5884429031947,2572.9119513177698,0.617,0,kerala
61.050000000000004,2.644398583549341,12.028484362914284,6.362158560536088,125.54718944154675,40.7,1397.1869217055823,381.5322728952665,4.07,1,kerala
23.205000000000002,-0.9458594000866416,3.951663525528327,2.6593569559187715,58.61635488499127,15.47,585.0904890471649,1942.014732820698,1.5470000000000002,0,kerala
12.02555847,-447.4266052,19.95953751,1.967408538,332.1624146,9.015565872,111.9154739,561.43,1.4894,1,primary
8.790000000000001,-2.432275826733515,15.915489477245782,7.650917428865798,261.14999839626523,5.86,622.4489089497372,1532.020952326743,0.5860000000000001,0,kerala
33.42221913761795,-5.081753942191269,15.878363476534567,2.022594876214463,110.9225695013948,37.7614870018386,1196.7233461060605,443.74709746976185,3.895289502041841,1,global_catalog_synthetic
56.625,4.996005294870059,11.15841441312155,5.103144595821163,96.31196456030357,37.75,1345.3951570005217,767.6185561691406,3.775,1,kerala
23.94,4.882432933989861,16.054729833146297,1.9940134444121158,54.748493074897745,15.96,533.2994440259678,1658.7749657398717,1.596,0,kerala
60.974999999999994,3.250014161045458,8.497313371057675,9.509108251389431,295.70700070695176,40.65,720.6539603859496,222.6207970229665,4.0649999999999995,1,kerala
22.875,-0.6432068244951505,9.104781284833683,8.838122887253839,326.40109889117605,15.25,231.3666860833906,2393.417389591891,1.525,0,kerala
14.65478516,-20.94199753,17.91501617,7.025350571,258.9103699,13.7533865,860.5599365,496.88,1.9966,1,primary
11.85400391,3.407983065,3.905615807,11.96637344,112.5056992,11.08272934,845.5019531,2133.56,1.758,0,primary
31.2359314,-3.48368454,19.43870163,6.895529747,189.1964569,22.93164635,353.6229553,574.82,2.6612,1,primary
61.635000000000005,-0.38032075662439446,13.409672108791312,7.80598116925531,73.37458703593825,41.09,599.4605269785416,915.3355925910107,4.109,1,kerala
33.660000000000004,-3.904577105405038,7.912112646406782,8.720908657009673,341.4584753727582,22.44,1181.1524088403844,719.7709684986646,2.244,1,kerala
74.45544434,3.951557159,1.758957863,6.294657707,138.8317871,45.39768219,1143.20459,2097.66,4.0177,0,primary
43.005,-3.499599144752862,4.05347632274185,9.891863631475587,93.53900603734427,28.67,1180.5249772119537,859.8695223882481,2.867,1,kerala
